id_descubrimiento,id_planeta,id_telescopio,año,metodo
1,1,1,2002,Radial Velocity
2,2,2,2008,Transit
3,3,3,2016,Transit
4,4,4,2021,Transit
5,5,4,2016,Transit
6,6,3,2017,Transit
7,7,4,2016,Transit
8,8,4,2016,Transit
9,9,4,2016,Transit
10,10,3,2016,Transit
11,11,4,2014,Transit
12,12,3,2017,Transit
13,13,4,2016,Transit
14,14,4,2016,Transit
15,15,4,2016,Transit
16,16,3,2017,Transit
17,17,3,2016,Transit
18,18,3,2022,Transit
19,19,3,2017,Transit
20,20,3,2018,Transit
21,21,3,2016,Transit
22,22,3,2018,Transit
23,23,2,2007,Transit
24,24,5,2010,Transit
25,25,5,2010,Transit
26,26,4,2012,Transit
27,27,6,2006,Transit
28,28,4,2016,Transit
29,29,4,2016,Transit
30,30,2,2017,Transit
31,31,4,2016,Transit
32,32,4,2016,Transit
33,33,4,2016,Transit
34,34,4,2016,Transit
35,35,4,2014,Transit
36,36,4,2016,Transit
37,37,4,2014,Transit
38,38,4,2016,Transit
39,39,4,2016,Transit
40,40,4,2021,Transit
41,41,4,2021,Transit
42,42,4,2016,Transit
43,43,4,2014,Transit
44,44,4,2016,Transit
45,45,4,2014,Transit
46,46,4,2016,Transit
47,47,4,2014,Transit
48,48,4,2016,Transit
49,49,4,2016,Transit
50,50,4,2016,Transit
51,51,4,2021,Transit
52,52,4,2016,Transit
53,53,4,2021,Transit
54,54,4,2016,Transit
55,55,4,2021,Transit
56,56,3,2020,Transit
57,57,4,2016,Transit
58,58,4,2016,Transit
59,59,4,2014,Transit
60,60,4,2014,Transit
61,61,7,2007,Radial Velocity
62,62,8,2007,Transit
63,63,7,2006,Radial Velocity
64,64,9,2000,Radial Velocity
65,65,7,2007,Radial Velocity
66,66,10,2002,Radial Velocity
67,67,11,2005,Radial Velocity
68,68,1,2000,Radial Velocity
69,69,11,2004,Radial Velocity
70,70,1,2000,Radial Velocity
71,71,11,2000,Radial Velocity
72,72,2,2007,Transit
73,73,11,2005,Radial Velocity
74,74,12,2005,Radial Velocity
75,75,11,2006,Radial Velocity
76,76,11,2007,Radial Velocity
77,77,11,2005,Radial Velocity
78,78,11,2009,Radial Velocity
79,79,11,2012,Radial Velocity
80,80,13,2012,Radial Velocity
81,81,13,2015,Radial Velocity
82,82,11,2018,Radial Velocity
83,83,11,2018,Radial Velocity
84,84,11,2018,Radial Velocity
85,85,14,2019,Transit
86,86,4,2020,Transit
87,87,4,2016,Transit
88,88,15,1994,Pulsar Timing
89,89,15,1992,Pulsar Timing
90,90,8,2007,Transit
91,91,13,2007,Transit
92,92,16,2010,Imaging
93,93,5,2010,Transit
94,94,17,2010,Transit
95,95,17,2010,Transit
96,96,17,2010,Transit
97,97,7,2008,Radial Velocity
98,98,18,2008,Radial Velocity
99,99,17,2008,Transit
100,100,1,2008,Radial Velocity
101,101,19,2005,Imaging
102,102,19,2007,Imaging
103,103,20,2009,Radial Velocity
104,104,4,2009,Transit
105,105,13,2000,Radial Velocity
106,106,11,2009,Radial Velocity
107,107,14,2024,Transit
108,108,5,2010,Transit
109,109,21,2010,Radial Velocity
110,110,5,2010,Transit
111,111,4,2010,Transit
112,112,4,2010,Transit
113,113,7,2011,Radial Velocity
114,114,11,2010,Radial Velocity
115,115,21,1996,Radial Velocity
116,116,13,1999,Radial Velocity
117,117,8,2018,Microlensing
118,118,4,2021,Transit
119,119,3,2018,Transit
120,120,14,2024,Transit
121,121,4,2014,Transit
122,122,4,2016,Transit
123,123,22,2026,Radial Velocity
124,124,4,2016,Transit
125,125,8,2022,Microlensing
126,126,8,2019,Microlensing
127,127,5,2012,Transit
128,128,23,2024,Microlensing
129,129,8,2021,Microlensing
130,130,5,2016,Transit
131,131,4,2021,Transit
132,132,4,2022,Transit
133,133,4,2016,Transit
134,134,4,2016,Transit
135,135,23,2024,Microlensing
136,136,4,2016,Transit
137,137,24,2016,Transit
138,138,8,2020,Microlensing
139,139,4,2016,Transit
140,140,4,2021,Transit
141,141,23,2026,Microlensing
142,142,8,2022,Microlensing
143,143,23,2024,Microlensing
144,144,23,2026,Microlensing
145,145,14,2024,Transit
146,146,4,2013,Transit
147,147,25,2017,Radial Velocity
148,148,23,2024,Microlensing
149,149,14,2026,Transit
150,150,26,2022,Microlensing
151,151,8,2024,Microlensing
152,152,8,2024,Microlensing
153,153,27,2018,Transit
154,154,1,2000,Radial Velocity
155,155,4,2014,Transit
156,156,23,2022,Microlensing
157,157,4,2012,Transit
158,158,23,2020,Microlensing
159,159,4,2014,Transit
160,160,28,2023,Radial Velocity
161,161,3,2018,Transit
162,162,23,2026,Microlensing
163,163,29,2019,Transit
164,164,23,2023,Microlensing
165,165,23,2024,Microlensing
166,166,4,2013,Transit
167,167,8,2018,Microlensing
168,168,25,2017,Pulsar Timing
169,169,3,2017,Transit
170,170,30,2022,Radial Velocity
171,171,3,2021,Transit
172,172,7,2025,Radial Velocity
173,173,4,2016,Transit
174,174,4,2021,Transit
175,175,4,2012,Transit
176,176,4,2016,Transit
177,177,4,2016,Transit
178,178,3,2017,Transit
179,179,1,2001,Radial Velocity
180,180,14,2020,Transit
181,181,4,2016,Transit
182,182,4,2016,Transit
183,183,4,2016,Transit
184,184,31,2002,Radial Velocity
185,185,13,2022,Radial Velocity
186,186,4,2016,Transit
187,187,4,2015,Transit
188,188,4,2016,Transit
189,189,13,2022,Radial Velocity
190,190,13,2016,Radial Velocity
191,191,14,2023,Transit
192,192,4,2020,Transit
193,193,4,2016,Transit
194,194,4,2016,Transit
195,195,4,2016,Transit
196,196,7,2019,Radial Velocity
197,197,4,2021,Transit
198,198,4,2020,Transit
199,199,4,2014,Transit
200,200,29,2017,Transit
201,201,4,2014,Transit
202,202,13,2026,Radial Velocity
203,203,14,2021,Transit
204,204,14,2022,Transit
205,205,14,2021,Transit
206,206,4,2016,Transit
207,207,4,2016,Transit
208,208,14,2021,Transit
209,209,13,2026,Transit Timing Variations
210,210,4,2014,Transit
211,211,4,2014,Transit
212,212,14,2026,Transit
213,213,4,2016,Transit
214,214,32,2025,Astrometry
215,215,14,2026,Transit
216,216,4,2014,Transit
217,217,14,2026,Transit
218,218,7,2022,Radial Velocity
219,219,4,2016,Transit
220,220,4,2014,Transit
221,221,4,2016,Transit
222,222,4,2014,Transit
223,223,4,2016,Transit
224,224,4,2016,Transit
225,225,4,2021,Transit
226,226,27,2018,Transit
227,227,4,2016,Transit
228,228,4,2016,Transit
229,229,4,2016,Transit
230,230,33,2019,Radial Velocity
231,231,34,2023,Radial Velocity
232,232,2,2014,Transit
233,233,3,2022,Transit
234,234,14,2022,Transit
235,235,4,2014,Transit Timing Variations
236,236,4,2023,Transit
237,237,4,2014,Transit
238,238,14,2025,Transit
239,239,14,2023,Transit
240,240,14,2026,Transit
241,241,4,2016,Transit
242,242,5,2010,Transit
243,243,4,2016,Transit
244,244,8,2016,Microlensing
245,245,4,2014,Transit
246,246,27,2018,Transit
247,247,4,2016,Transit
248,248,14,2025,Transit
249,249,14,2025,Transit
250,250,4,2016,Transit
251,251,4,2014,Transit
252,252,4,2021,Transit
253,253,14,2026,Transit
254,254,35,2021,Transit
255,255,4,2016,Transit
256,256,36,2022,Imaging
257,257,14,2024,Transit
258,258,3,2018,Transit
259,259,4,2020,Transit
260,260,28,2025,Radial Velocity
261,261,4,2016,Transit
262,262,4,2016,Transit
263,263,4,2016,Transit
264,264,14,2024,Transit
265,265,4,2016,Transit
266,266,7,2008,Radial Velocity
267,267,17,2010,Transit
268,268,5,2015,Transit
269,269,21,1996,Radial Velocity
270,270,3,2015,Transit
271,271,37,2015,Transit
272,272,38,2004,Radial Velocity
273,273,21,2002,Radial Velocity
274,274,38,2004,Radial Velocity
275,275,13,2007,Radial Velocity
276,276,19,2008,Imaging
277,277,39,2009,Transit
278,278,11,2004,Radial Velocity
279,279,2,2009,Transit
280,280,2,2009,Transit
281,281,11,2009,Radial Velocity
282,282,2,2010,Transit
283,283,2,2012,Transit
284,284,11,2012,Radial Velocity
285,285,2,2010,Transit
286,286,2,2006,Transit
287,287,2,2010,Transit
288,288,2,2011,Transit
289,289,2,2011,Transit
290,290,40,2005,Radial Velocity
291,291,12,2005,Radial Velocity
292,292,11,1999,Radial Velocity
293,293,13,2001,Radial Velocity
294,294,18,2009,Radial Velocity
295,295,6,2007,Transit
296,296,5,2008,Transit
297,297,5,2009,Transit
298,298,5,2009,Transit
299,299,5,2009,Transit
300,300,5,2009,Transit
301,301,5,2010,Transit
302,302,5,2011,Transit
303,303,5,2011,Transit
304,304,5,2009,Transit
305,305,7,2012,Radial Velocity
306,306,5,2012,Transit
307,307,5,2012,Transit
308,308,5,2012,Transit
309,309,5,2012,Transit
310,310,5,2012,Transit
311,311,5,2014,Transit
312,312,5,2014,Transit
313,313,5,2014,Transit
314,314,5,2014,Radial Velocity
315,315,5,2014,Transit
316,316,5,2015,Transit
317,317,27,2015,Transit
318,318,37,2015,Transit
319,319,3,2015,Transit
320,320,9,2015,Radial Velocity
321,321,3,2015,Transit
322,322,3,2015,Transit
323,323,41,2015,Transit
324,324,5,2016,Transit
325,325,37,2016,Transit
326,326,42,2016,Transit
327,327,42,2016,Transit
328,328,42,2016,Transit
329,329,3,2016,Transit
330,330,43,2016,Transit
331,331,3,2016,Transit
332,332,3,2016,Transit
333,333,3,2016,Transit
334,334,3,2016,Transit
335,335,3,2016,Transit
336,336,3,2016,Transit
337,337,3,2016,Transit
338,338,2,2016,Transit
339,339,24,2016,Transit
340,340,24,2016,Transit
341,341,5,2016,Transit
342,342,13,2017,Transit
343,343,13,2017,Transit
344,344,13,2017,Transit
345,345,13,2017,Transit
346,346,3,2017,Transit
347,347,3,2017,Transit
348,348,39,2017,Transit
349,349,44,2017,Transit
350,350,45,2017,Transit
351,351,13,2017,Radial Velocity
352,352,24,2017,Transit
353,353,3,2017,Transit
354,354,3,2017,Transit
355,355,3,2017,Transit
356,356,45,2017,Transit
357,357,7,2017,Radial Velocity
358,358,3,2018,Transit
359,359,3,2018,Transit
360,360,3,2018,Transit
361,361,7,2018,Radial Velocity
362,362,11,2018,Radial Velocity
363,363,46,2018,Transit
364,364,24,2018,Transit
365,365,13,2018,Transit
366,366,3,2018,Transit
367,367,14,2019,Transit
368,368,14,2019,Transit
369,369,14,2019,Transit
370,370,14,2019,Transit
371,371,14,2019,Transit
372,372,14,2019,Transit
373,373,3,2019,Transit
374,374,47,2019,Transit
375,375,14,2019,Transit
376,376,14,2019,Transit
377,377,14,2019,Transit
378,378,14,2019,Transit
379,379,13,2019,Radial Velocity
380,380,13,2019,Radial Velocity
381,381,14,2019,Transit
382,382,7,2019,Radial Velocity
383,383,47,2019,Transit
384,384,3,2019,Transit
385,385,3,2019,Transit
386,386,3,2019,Transit
387,387,14,2019,Transit
388,388,14,2019,Transit
389,389,14,2019,Transit
390,390,14,2019,Transit
391,391,14,2020,Transit
392,392,14,2020,Transit
393,393,27,2020,Transit
394,394,27,2020,Transit
395,395,46,2020,Transit
396,396,14,2020,Transit
397,397,14,2020,Transit
398,398,14,2020,Transit
399,399,14,2020,Transit
400,400,14,2020,Transit
401,401,14,2020,Transit
402,402,14,2020,Transit
403,403,48,2020,Transit
404,404,20,2020,Radial Velocity
405,405,14,2020,Transit
406,406,14,2020,Transit
407,407,14,2020,Transit
408,408,14,2020,Transit
409,409,14,2020,Transit
410,410,14,2020,Transit
411,411,14,2020,Transit
412,412,14,2020,Transit
413,413,14,2020,Transit
414,414,14,2020,Transit
415,415,14,2020,Transit
416,416,14,2020,Transit
417,417,14,2020,Transit
418,418,13,2020,Radial Velocity
419,419,13,2020,Radial Velocity
420,420,14,2020,Transit
421,421,14,2020,Transit
422,422,14,2020,Transit
423,423,14,2020,Transit
424,424,14,2020,Transit
425,425,14,2020,Transit
426,426,14,2020,Transit
427,427,14,2020,Transit
428,428,14,2020,Transit
429,429,14,2021,Transit
430,430,14,2021,Transit
431,431,14,2021,Transit
432,432,14,2021,Transit
433,433,13,2021,Transit
434,434,14,2021,Transit
435,435,49,2021,Radial Velocity
436,436,14,2021,Transit
437,437,14,2021,Transit
438,438,14,2021,Transit
439,439,14,2021,Transit
440,440,14,2021,Transit
441,441,14,2021,Transit
442,442,14,2021,Transit
443,443,14,2021,Transit
444,444,7,2021,Radial Velocity
445,445,14,2021,Transit
446,446,13,2021,Radial Velocity
447,447,14,2021,Transit
448,448,13,2021,Radial Velocity
449,449,14,2021,Transit
450,450,14,2021,Transit
451,451,27,2021,Transit
452,452,14,2022,Transit
453,453,14,2022,Transit
454,454,14,2022,Transit
455,455,14,2022,Transit
456,456,14,2022,Transit
457,457,14,2022,Transit
458,458,35,2020,Transit
459,459,14,2022,Transit
460,460,14,2022,Transit
461,461,7,2022,Radial Velocity
462,462,7,2022,Radial Velocity
463,463,7,2022,Radial Velocity
464,464,14,2022,Transit
465,465,14,2022,Transit
466,466,14,2022,Transit
467,467,13,2022,Radial Velocity
468,468,14,2022,Transit
469,469,14,2023,Transit
470,470,14,2023,Transit
471,471,14,2023,Transit
472,472,14,2024,Transit
473,473,14,2021,Transit
474,474,14,2023,Transit
475,475,14,2023,Transit
476,476,14,2022,Transit
477,477,14,2022,Transit
478,478,14,2022,Transit
479,479,14,2022,Transit
480,480,14,2024,Transit
481,481,14,2023,Transit
482,482,14,2023,Transit
483,483,14,2022,Transit
484,484,14,2022,Transit
485,485,14,2023,Transit
486,486,14,2023,Transit
487,487,14,2023,Transit
488,488,14,2024,Transit
489,489,14,2025,Transit
490,490,14,2023,Transit
491,491,14,2023,Transit
492,492,14,2024,Transit
493,493,14,2026,Transit
494,494,14,2023,Transit
495,495,14,2023,Transit
496,496,14,2023,Transit
497,497,14,2022,Transit
498,498,14,2022,Transit
499,499,14,2023,Transit
500,500,14,2023,Transit
501,501,14,2023,Transit
502,502,14,2023,Transit
503,503,14,2022,Transit
504,504,14,2024,Transit
505,505,14,2022,Transit
506,506,4,2016,Transit
507,507,14,2023,Transit
508,508,4,2014,Transit
509,509,14,2023,Transit
510,510,4,2013,Transit
511,511,50,2022,Transit
512,512,35,2022,Radial Velocity
513,513,14,2022,Transit
514,514,14,2022,Transit
515,515,13,2023,Radial Velocity
516,516,14,2023,Transit
517,517,14,2025,Transit
518,518,14,2024,Transit
519,519,47,2023,Transit
520,520,51,2023,Transit
521,521,14,2025,Transit
522,522,14,2023,Transit
523,523,28,2023,Radial Velocity
524,524,7,2023,Radial Velocity
525,525,7,2023,Radial Velocity
526,526,14,2025,Transit
527,527,13,2023,Transit Timing Variations
528,528,52,2025,Radial Velocity
529,529,13,2023,Transit Timing Variations
530,530,14,2023,Transit
531,531,13,2023,Radial Velocity
532,532,13,2023,Transit
533,533,13,2023,Transit
534,534,13,2023,Transit
535,535,13,2023,Transit
536,536,13,2023,Transit
537,537,13,2023,Transit
538,538,14,2025,Transit
539,539,14,2025,Transit
540,540,14,2024,Transit
541,541,13,2024,Transit Timing Variations
542,542,14,2025,Transit
543,543,34,2025,Radial Velocity
544,544,14,2025,Transit
545,545,25,2025,Radial Velocity
546,546,11,2025,Radial Velocity
547,547,52,2025,Radial Velocity
548,548,52,2025,Radial Velocity
549,549,25,2026,Radial Velocity
550,550,13,2026,Transit
551,551,53,2026,Imaging
552,552,14,2024,Transit
553,553,25,2026,Radial Velocity
554,554,4,2011,Transit
555,555,4,2013,Transit
556,556,4,2016,Transit
557,557,4,2014,Transit
558,558,4,2012,Transit
559,559,4,2012,Transit
560,560,4,2014,Transit
561,561,4,2013,Transit
562,562,4,2013,Transit
563,563,4,2013,Transit
564,564,3,2016,Transit
565,565,2,2010,Transit
566,566,14,2024,Transit
567,567,14,2024,Transit
568,568,14,2024,Transit
569,569,3,2017,Transit
570,570,54,2015,Transit
571,571,14,2026,Transit
572,572,4,2016,Transit
573,573,4,2016,Transit
574,574,13,2016,Transit
575,575,7,2012,Radial Velocity
576,576,4,2012,Transit
577,577,4,2016,Transit
578,578,55,2016,Imaging
579,579,4,2021,Transit
580,580,4,2016,Transit
581,581,33,2019,Radial Velocity
582,582,4,2016,Transit
583,583,4,2013,Transit
584,584,4,2020,Transit
585,585,4,2014,Transit
586,586,4,2021,Transit
587,587,4,2016,Transit
588,588,4,2014,Transit Timing Variations
589,589,56,2016,Imaging
590,590,4,2016,Transit
591,591,4,2021,Transit
592,592,57,2008,Transit
593,593,4,2021,Transit
594,594,4,2016,Transit
595,595,14,2018,Transit
596,596,14,2026,Transit
597,597,7,2020,Radial Velocity
598,598,4,2023,Transit
599,599,4,2014,Transit
600,600,4,2014,Transit
601,601,4,2014,Transit
602,602,7,2021,Radial Velocity
603,603,4,2015,Transit
604,604,11,2011,Radial Velocity
605,605,14,2024,Transit
606,606,4,2014,Transit
607,607,4,2014,Transit
608,608,4,2016,Transit
609,609,4,2016,Transit
610,610,4,2016,Transit
611,611,4,2016,Transit
612,612,4,2020,Transit
613,613,13,2024,Radial Velocity
614,614,3,2022,Transit
615,615,14,2025,Transit
616,616,4,2016,Transit
617,617,4,2016,Transit
618,618,24,2018,Transit
619,619,4,2021,Transit
620,620,4,2016,Transit
621,621,4,2014,Transit
622,622,14,2024,Transit
623,623,4,2016,Transit
624,624,38,2013,Radial Velocity
625,625,3,2019,Transit
626,626,4,2021,Transit
627,627,9,2019,Radial Velocity
628,628,4,2016,Transit
629,629,4,2014,Transit
630,630,11,2011,Radial Velocity
631,631,4,2016,Transit
632,632,4,2016,Transit
633,633,3,2022,Transit
634,634,4,2013,Transit
635,635,24,2017,Transit
636,636,3,2019,Transit
637,637,13,2022,Radial Velocity
638,638,4,2016,Transit
639,639,14,2023,Transit
640,640,4,2016,Transit
641,641,4,2012,Transit
642,642,4,2012,Transit
643,643,14,2022,Transit
644,644,4,2021,Transit
645,645,4,2021,Transit
646,646,14,2024,Transit
647,647,13,2025,Radial Velocity
648,648,4,2023,Transit
649,649,4,2021,Transit
650,650,14,2024,Transit
651,651,13,2019,Imaging
652,652,4,2014,Transit
653,653,4,2014,Transit
654,654,4,2016,Transit
655,655,13,2011,Eclipse Timing Variations
656,656,14,2022,Transit
657,657,4,2016,Transit
658,658,4,2016,Transit
659,659,4,2023,Transit
660,660,4,2021,Transit
661,661,4,2016,Transit
662,662,4,2013,Transit
663,663,4,2016,Transit
664,664,7,2019,Radial Velocity
665,665,11,2019,Radial Velocity
666,666,4,2021,Transit
667,667,4,2014,Transit
668,668,4,2021,Transit
669,669,14,2024,Transit
670,670,25,2026,Radial Velocity
671,671,4,2016,Transit
672,672,14,2026,Transit
673,673,4,2021,Transit
674,674,4,2013,Transit
675,675,14,2026,Transit
676,676,14,2026,Transit
677,677,23,2026,Microlensing
678,678,23,2026,Microlensing
679,679,3,2022,Transit
680,680,14,2023,Transit
681,681,4,2016,Transit
682,682,14,2024,Transit
683,683,4,2014,Transit
684,684,58,2010,Imaging
685,685,25,2023,Radial Velocity
686,686,4,2016,Transit
687,687,4,2011,Transit
688,688,4,2016,Transit
689,689,4,2014,Transit
690,690,3,2021,Transit
691,691,37,2017,Transit
692,692,4,2020,Transit
693,693,7,2023,Radial Velocity
694,694,4,2014,Transit
695,695,11,2009,Radial Velocity
696,696,14,2026,Transit
697,697,56,2026,Imaging
698,698,3,2022,Transit
699,699,4,2016,Transit
700,700,4,2016,Transit
701,701,4,2014,Transit
702,702,25,2020,Radial Velocity
703,703,3,2016,Transit
704,704,1,2002,Radial Velocity
705,705,4,2016,Transit
706,706,4,2016,Transit
707,707,30,2013,Radial Velocity
708,708,14,2024,Transit
709,709,4,2014,Transit
710,710,4,2014,Transit
711,711,4,2014,Transit Timing Variations
712,712,3,2016,Transit
713,713,4,2016,Transit
714,714,4,2021,Transit
715,715,4,2015,Transit
716,716,4,2016,Transit
717,717,9,2012,Radial Velocity
718,718,4,2016,Transit
719,719,4,2016,Transit
720,720,49,2025,Radial Velocity
721,721,3,2019,Transit
722,722,4,2016,Transit
723,723,4,2016,Transit
724,724,4,2014,Transit
725,725,4,2016,Transit
726,726,14,2025,Transit
727,727,11,2014,Radial Velocity
728,728,4,2014,Transit
729,729,4,2016,Transit
730,730,4,2016,Transit
731,731,4,2015,Transit
732,732,4,2023,Transit
733,733,4,2016,Transit
734,734,4,2014,Transit
735,735,13,2017,Radial Velocity
736,736,4,2014,Transit
737,737,14,2021,Transit
738,738,4,2014,Transit
739,739,13,2026,Radial Velocity
740,740,14,2020,Transit
741,741,4,2016,Transit
742,742,4,2014,Transit
743,743,7,2012,Radial Velocity
744,744,4,2016,Transit
745,745,14,2025,Transit
746,746,4,2014,Transit
747,747,4,2016,Transit
748,748,4,2014,Transit
749,749,4,2016,Transit
750,750,4,2021,Transit
751,751,4,2016,Transit
752,752,14,2025,Transit
753,753,13,2022,Radial Velocity
754,754,4,2015,Transit
755,755,7,2020,Radial Velocity
756,756,4,2016,Transit
757,757,4,2016,Transit
758,758,4,2014,Transit
759,759,4,2014,Transit
760,760,4,2021,Transit
761,761,14,2024,Transit
762,762,4,2021,Transit
763,763,1,2006,Radial Velocity
764,764,4,2016,Transit
765,765,4,2016,Transit
766,766,4,2015,Transit
767,767,4,2016,Transit
768,768,14,2026,Transit
769,769,7,2023,Radial Velocity
770,770,14,2024,Transit
771,771,4,2014,Transit
772,772,4,2016,Transit
773,773,14,2023,Transit
774,774,14,2024,Transit
775,775,4,2016,Transit
776,776,13,2014,Radial Velocity
777,777,4,2016,Transit
778,778,14,2026,Transit
779,779,4,2023,Transit
780,780,14,2021,Transit
781,781,5,2016,Transit
782,782,4,2016,Transit
783,783,14,2021,Transit
784,784,14,2021,Transit
785,785,14,2021,Transit
786,786,14,2021,Transit
787,787,14,2021,Transit
788,788,14,2021,Transit
789,789,14,2022,Transit
790,790,14,2022,Transit
791,791,14,2022,Transit
792,792,14,2022,Transit
793,793,14,2022,Transit
794,794,14,2022,Transit
795,795,14,2024,Transit
796,796,14,2022,Transit
797,797,14,2022,Transit
798,798,14,2022,Transit
799,799,14,2025,Transit
800,800,14,2023,Transit
801,801,14,2023,Transit
802,802,14,2023,Transit
803,803,5,2014,Transit
804,804,5,2014,Transit
805,805,46,2019,Transit
806,806,4,2014,Transit
807,807,14,2025,Transit
808,808,13,2022,Radial Velocity
809,809,59,2020,Radial Velocity
810,810,4,2016,Transit
811,811,4,2016,Transit
812,812,13,2022,Radial Velocity
813,813,4,2021,Transit
814,814,14,2026,Transit
815,815,4,2016,Transit
816,816,4,2016,Transit
817,817,4,2014,Transit
818,818,4,2016,Transit
819,819,4,2016,Transit
820,820,14,2019,Transit
821,821,4,2014,Transit
822,822,9,2012,Radial Velocity
823,823,4,2016,Transit
824,824,4,2013,Transit
825,825,3,2019,Transit
826,826,4,2021,Transit
827,827,13,2017,Radial Velocity
828,828,3,2018,Transit
829,829,11,2018,Radial Velocity
830,830,13,2002,Radial Velocity
831,831,4,2016,Transit
832,832,4,2021,Transit
833,833,4,2016,Transit
834,834,11,2018,Radial Velocity
835,835,5,2014,Transit
836,836,14,2026,Transit
837,837,4,2021,Transit
838,838,60,2012,Imaging
839,839,4,2021,Transit
840,840,4,2016,Transit
841,841,14,2026,Transit
842,842,4,2016,Transit
843,843,14,2026,Transit
844,844,11,2024,Radial Velocity
845,845,4,2016,Transit
846,846,61,2021,Transit
847,847,20,2023,Radial Velocity
848,848,7,2018,Radial Velocity
849,849,4,2016,Transit
850,850,3,2022,Transit
851,851,4,2016,Transit
852,852,4,2014,Transit
853,853,4,2016,Transit
854,854,1,2002,Radial Velocity
855,855,14,2021,Transit
856,856,4,2016,Transit
857,857,4,2016,Transit
858,858,30,2021,Radial Velocity
859,859,14,2026,Transit
860,860,4,2016,Transit
861,861,4,2016,Transit
862,862,4,2021,Transit
863,863,13,2026,Radial Velocity
864,864,4,2016,Transit
865,865,4,2016,Transit
866,866,11,2011,Radial Velocity
867,867,14,2023,Transit
868,868,62,2025,Radial Velocity
869,869,4,2021,Transit
870,870,13,2021,Radial Velocity
871,871,4,2016,Transit
872,872,4,2016,Transit
873,873,7,2023,Radial Velocity
874,874,4,2021,Transit
875,875,9,2003,Radial Velocity
876,876,4,2016,Transit
877,877,3,2021,Transit
878,878,27,2020,Transit
879,879,4,2016,Transit
880,880,14,2026,Transit
881,881,14,2024,Transit
882,882,4,2014,Transit
883,883,14,2024,Transit
884,884,4,2016,Transit
885,885,4,2016,Transit
886,886,4,2023,Transit
887,887,4,2014,Transit
888,888,14,2026,Transit
889,889,4,2023,Transit
890,890,4,2016,Transit
891,891,28,2023,Radial Velocity
892,892,4,2016,Transit
893,893,4,2020,Transit
894,894,4,2014,Transit
895,895,4,2014,Transit
896,896,13,2025,Radial Velocity
897,897,13,2022,Radial Velocity
898,898,28,2015,Radial Velocity
899,899,3,2018,Transit
900,900,46,2022,Transit
901,901,4,2016,Transit
902,902,13,2018,Microlensing
903,903,14,2023,Transit
904,904,4,2016,Transit
905,905,14,2023,Transit
906,906,4,2014,Transit
907,907,7,2019,Radial Velocity
908,908,14,2025,Transit
909,909,14,2023,Transit
910,910,4,2016,Transit
911,911,28,2025,Radial Velocity
912,912,11,2004,Radial Velocity
913,913,14,2024,Transit
914,914,14,2026,Transit
915,915,13,2026,Imaging
916,916,3,2018,Transit
917,917,14,2025,Transit
918,918,4,2016,Transit
919,919,4,2014,Transit
920,920,4,2014,Transit
921,921,4,2021,Transit
922,922,14,2025,Transit Timing Variations
923,923,4,2016,Transit
924,924,9,2003,Radial Velocity
925,925,13,2017,Transit
926,926,3,2022,Transit
927,927,4,2016,Transit
928,928,17,2015,Transit
929,929,4,2013,Transit
930,930,4,2014,Transit
931,931,4,2014,Transit
932,932,4,2021,Transit
933,933,49,2019,Radial Velocity
934,934,7,2007,Radial Velocity
935,935,4,2016,Transit
936,936,4,2020,Transit
937,937,4,2016,Transit
938,938,4,2022,Transit
939,939,4,2014,Transit
940,940,4,2014,Transit
941,941,46,2021,Transit
942,942,4,2014,Transit
943,943,14,2026,Transit
944,944,4,2021,Transit
945,945,13,2026,Transit
946,946,4,2016,Transit
947,947,4,2015,Transit
948,948,3,2016,Transit
949,949,14,2023,Transit
950,950,27,2014,Transit
951,951,4,2014,Transit
952,952,11,2012,Radial Velocity
953,953,14,2025,Transit
954,954,4,2014,Transit
955,955,14,2026,Transit
956,956,25,2026,Radial Velocity
957,957,4,2021,Transit
958,958,13,2026,Radial Velocity
959,959,4,2016,Transit
960,960,14,2020,Transit
961,961,4,2021,Transit
962,962,4,2016,Transit
963,963,3,2019,Transit
964,964,3,2016,Transit
965,965,3,2018,Transit
966,966,14,2025,Transit
967,967,4,2016,Transit
968,968,14,2026,Transit
969,969,59,2023,Radial Velocity
970,970,14,2026,Transit
971,971,4,2016,Transit
972,972,4,2013,Transit
973,973,4,2016,Transit
974,974,3,2021,Transit
975,975,11,2002,Radial Velocity
976,976,4,2011,Transit
977,977,4,2016,Transit
978,978,26,2026,Microlensing
979,979,14,2026,Transit
980,980,4,2015,Transit
981,981,4,2020,Transit
982,982,4,2021,Transit
983,983,4,2016,Transit
984,984,4,2016,Transit
985,985,4,2021,Transit
986,986,49,2025,Radial Velocity
987,987,4,2021,Transit
988,988,4,2016,Transit
989,989,14,2023,Transit
990,990,4,2014,Transit
991,991,4,2016,Transit
992,992,4,2021,Transit
993,993,13,2024,Radial Velocity
994,994,14,2026,Transit
995,995,13,2021,Radial Velocity
996,996,4,2016,Transit
997,997,14,2021,Transit
998,998,4,2016,Transit
999,999,4,2016,Transit
1000,1000,4,2016,Transit
1001,1001,4,2023,Transit
1002,1002,4,2015,Transit
1003,1003,13,2023,Radial Velocity
1004,1004,4,2014,Transit
1005,1005,4,2016,Transit
1006,1006,14,2024,Transit
1007,1007,4,2020,Transit
1008,1008,4,2016,Transit
1009,1009,4,2014,Transit
1010,1010,7,2023,Radial Velocity
1011,1011,11,2007,Radial Velocity
1012,1012,13,2015,Radial Velocity
1013,1013,4,2016,Transit
1014,1014,5,2012,Transit
1015,1015,3,2018,Transit
1016,1016,3,2018,Transit
1017,1017,3,2018,Transit
1018,1018,4,2016,Transit
1019,1019,4,2016,Transit
1020,1020,14,2026,Transit
1021,1021,4,2016,Transit
1022,1022,14,2025,Transit
1023,1023,4,2021,Transit
1024,1024,4,2014,Transit
1025,1025,3,2018,Transit
1026,1026,4,2013,Transit
1027,1027,4,2016,Transit
1028,1028,4,2021,Transit
1029,1029,14,2020,Transit
1030,1030,3,2020,Transit
1031,1031,4,2016,Transit
1032,1032,13,2022,Radial Velocity
1033,1033,4,2013,Transit
1034,1034,11,1999,Radial Velocity
1035,1035,4,2014,Transit
1036,1036,4,2016,Transit
1037,1037,14,2026,Transit
1038,1038,4,2016,Transit
1039,1039,4,2014,Transit
1040,1040,4,2016,Transit
1041,1041,4,2023,Transit
1042,1042,13,2025,Radial Velocity
1043,1043,14,2022,Transit
1044,1044,4,2016,Transit
1045,1045,4,2015,Transit
1046,1046,24,2018,Transit
1047,1047,3,2016,Transit
1048,1048,4,2014,Transit
1049,1049,63,2020,Radial Velocity
1050,1050,14,2026,Transit
1051,1051,4,2012,Transit
1052,1052,14,2024,Transit
1053,1053,14,2026,Transit
1054,1054,4,2016,Transit
1055,1055,4,2021,Transit
1056,1056,14,2026,Transit
1057,1057,4,2014,Transit
1058,1058,4,2016,Transit
1059,1059,4,2016,Transit
1060,1060,14,2024,Transit
1061,1061,49,2025,Radial Velocity
1062,1062,27,2018,Transit
1063,1063,4,2016,Transit
1064,1064,24,2018,Transit
1065,1065,3,2016,Transit
1066,1066,14,2026,Transit
1067,1067,43,2025,Transit
1068,1068,4,2021,Transit
1069,1069,3,2021,Transit
1070,1070,4,2014,Transit
1071,1071,4,2016,Transit
1072,1072,14,2024,Transit
1073,1073,14,2026,Transit
1074,1074,14,2026,Transit
1075,1075,7,2025,Radial Velocity
1076,1076,14,2026,Transit
1077,1077,14,2025,Transit
1078,1078,4,2016,Transit
1079,1079,7,2021,Radial Velocity
1080,1080,4,2012,Transit
1081,1081,4,2016,Transit
1082,1082,14,2021,Transit
1083,1083,4,2014,Transit
1084,1084,4,2014,Transit
1085,1085,4,2013,Transit Timing Variations
1086,1086,14,2022,Transit
1087,1087,4,2014,Transit
1088,1088,4,2015,Transit
1089,1089,17,2010,Transit
1090,1090,4,2014,Transit
1091,1091,14,2025,Transit
1092,1092,4,2016,Transit
1093,1093,4,2021,Transit
1094,1094,4,2016,Transit
1095,1095,4,2014,Transit
1096,1096,4,2021,Transit
1097,1097,4,2018,Transit
1098,1098,13,2022,Radial Velocity
1099,1099,9,2025,Radial Velocity
1100,1100,4,2014,Transit
1101,1101,14,2026,Transit
1102,1102,5,2008,Transit
1103,1103,4,2016,Transit
1104,1104,4,2025,Transit Timing Variations
1105,1105,4,2016,Transit
1106,1106,14,2023,Transit
1107,1107,4,2014,Transit
1108,1108,4,2016,Transit
1109,1109,3,2018,Transit
1110,1110,14,2023,Transit
1111,1111,4,2016,Transit
1112,1112,4,2021,Transit
1113,1113,52,2026,Radial Velocity
1114,1114,4,2014,Transit
1115,1115,14,2025,Transit
1116,1116,14,2020,Transit
1117,1117,14,2022,Transit
1118,1118,4,2016,Transit
1119,1119,4,2016,Transit
1120,1120,13,2022,Radial Velocity
1121,1121,14,2024,Transit
1122,1122,4,2014,Transit
1123,1123,4,2018,Transit
1124,1124,4,2014,Transit
1125,1125,4,2016,Transit
1126,1126,3,2020,Transit
1127,1127,4,2016,Transit
1128,1128,14,2025,Transit
1129,1129,4,2016,Transit
1130,1130,5,2012,Transit
1131,1131,3,2016,Transit
1132,1132,4,2024,Transit
1133,1133,4,2016,Transit
1134,1134,4,2016,Transit
1135,1135,4,2014,Transit
1136,1136,14,2022,Transit
1137,1137,14,2022,Transit
1138,1138,4,2016,Transit
1139,1139,14,2026,Transit
1140,1140,4,2016,Transit
1141,1141,4,2016,Transit
1142,1142,4,2016,Transit
1143,1143,13,2016,Radial Velocity
1144,1144,4,2016,Transit
1145,1145,4,2021,Transit
1146,1146,4,2016,Transit
1147,1147,3,2018,Transit
1148,1148,4,2021,Transit
1149,1149,34,2023,Radial Velocity
1150,1150,4,2014,Transit
1151,1151,4,2016,Transit
1152,1152,4,2021,Transit
1153,1153,14,2026,Transit
1154,1154,4,2016,Transit
1155,1155,9,2010,Radial Velocity
1156,1156,11,2021,Radial Velocity
1157,1157,4,2014,Transit
1158,1158,3,2018,Transit
1159,1159,4,2023,Transit
1160,1160,14,2025,Transit
1161,1161,14,2023,Transit
1162,1162,4,2016,Transit
1163,1163,14,2020,Transit
1164,1164,11,2009,Radial Velocity
1165,1165,4,2020,Transit
1166,1166,14,2024,Transit
1167,1167,24,2016,Transit
1168,1168,4,2016,Transit
1169,1169,4,2023,Transit
1170,1170,4,2022,Transit
1171,1171,13,2025,Radial Velocity
1172,1172,4,2016,Transit
1173,1173,4,2021,Transit
1174,1174,4,2014,Transit
1175,1175,4,2016,Transit
1176,1176,14,2026,Transit
1177,1177,3,2017,Transit
1178,1178,4,2016,Transit
1179,1179,3,2018,Transit
1180,1180,30,2012,Radial Velocity
1181,1181,4,2019,Transit
1182,1182,14,2021,Transit
1183,1183,14,2022,Transit
1184,1184,33,2019,Radial Velocity
1185,1185,14,2023,Transit
1186,1186,3,2018,Transit
1187,1187,4,2010,Transit
1188,1188,3,2017,Transit
1189,1189,4,2016,Transit
1190,1190,14,2024,Transit
1191,1191,4,2021,Transit
1192,1192,14,2026,Transit
1193,1193,2,2015,Transit
1194,1194,12,2002,Radial Velocity
1195,1195,27,2020,Transit
1196,1196,3,2021,Transit
1197,1197,7,2020,Radial Velocity
1198,1198,4,2014,Transit
1199,1199,4,2016,Transit
1200,1200,3,2018,Transit
1201,1201,4,2016,Transit
1202,1202,14,2024,Transit
1203,1203,14,2025,Transit
1204,1204,3,2018,Transit
1205,1205,4,2016,Transit
1206,1206,11,2014,Radial Velocity
1207,1207,14,2026,Transit
1208,1208,4,2021,Transit
1209,1209,14,2021,Transit
1210,1210,4,2014,Transit
1211,1211,3,2022,Transit
1212,1212,11,2014,Radial Velocity
1213,1213,4,2014,Transit
1214,1214,4,2014,Transit
1215,1215,4,2016,Transit
1216,1216,33,2019,Radial Velocity
1217,1217,4,2021,Transit
1218,1218,14,2024,Transit
1219,1219,20,2021,Radial Velocity
1220,1220,13,2022,Radial Velocity
1221,1221,14,2024,Transit
1222,1222,4,2023,Transit
1223,1223,4,2021,Transit
1224,1224,4,2021,Transit
1225,1225,4,2016,Transit
1226,1226,14,2026,Transit
1227,1227,14,2019,Transit
1228,1228,14,2024,Transit
1229,1229,14,2023,Transit
1230,1230,14,2021,Transit
1231,1231,14,2026,Transit
1232,1232,4,2014,Transit
1233,1233,3,2016,Transit
1234,1234,13,2022,Radial Velocity
1235,1235,4,2016,Transit
1236,1236,3,2018,Transit
1237,1237,3,2020,Transit
1238,1238,13,2021,Radial Velocity
1239,1239,4,2014,Transit
1240,1240,4,2014,Transit
1241,1241,14,2024,Transit
1242,1242,28,2025,Radial Velocity
1243,1243,14,2025,Transit
1244,1244,28,2020,Radial Velocity
1245,1245,4,2014,Transit
1246,1246,4,2016,Transit
1247,1247,3,2015,Transit
1248,1248,27,2016,Transit
1249,1249,4,2016,Transit
1250,1250,4,2016,Transit
1251,1251,63,2020,Radial Velocity
1252,1252,4,2014,Transit
1253,1253,14,2019,Transit
1254,1254,4,2016,Transit
1255,1255,4,2021,Transit
1256,1256,14,2022,Transit
1257,1257,1,2010,Radial Velocity
1258,1258,4,2014,Transit
1259,1259,14,2026,Transit
1260,1260,4,2020,Transit
1261,1261,4,2014,Transit
1262,1262,13,2010,Eclipse Timing Variations
1263,1263,4,2021,Transit
1264,1264,14,2024,Transit
1265,1265,4,2016,Transit
1266,1266,4,2014,Transit
1267,1267,4,2014,Transit
1268,1268,3,2022,Transit
1269,1269,4,2016,Transit
1270,1270,4,2014,Transit
1271,1271,4,2016,Transit
1272,1272,4,2016,Transit
1273,1273,4,2021,Transit
1274,1274,4,2016,Transit
1275,1275,3,2019,Transit
1276,1276,3,2018,Transit
1277,1277,4,2016,Transit
1278,1278,4,2016,Transit
1279,1279,11,2022,Radial Velocity
1280,1280,51,2006,Imaging
1281,1281,3,2022,Transit
1282,1282,4,2013,Transit
1283,1283,28,2026,Radial Velocity
1284,1284,3,2015,Transit
1285,1285,14,2025,Transit
1286,1286,4,2016,Transit
1287,1287,4,2021,Transit
1288,1288,4,2021,Transit
1289,1289,14,2025,Transit
1290,1290,4,2016,Transit
1291,1291,4,2014,Transit
1292,1292,13,2014,Radial Velocity
1293,1293,11,2011,Radial Velocity
1294,1294,4,2016,Transit
1295,1295,20,2020,Radial Velocity
1296,1296,4,2016,Transit
1297,1297,4,2016,Transit
1298,1298,20,2021,Radial Velocity
1299,1299,4,2021,Transit
1300,1300,4,2014,Transit
1301,1301,13,2018,Radial Velocity
1302,1302,4,2011,Transit
1303,1303,4,2014,Transit
1304,1304,4,2016,Transit
1305,1305,4,2016,Transit
1306,1306,14,2025,Transit
1307,1307,4,2021,Transit
1308,1308,30,2023,Radial Velocity
1309,1309,14,2025,Transit
1310,1310,7,2019,Radial Velocity
1311,1311,4,2016,Transit
1312,1312,4,2014,Transit
1313,1313,4,2016,Transit
1314,1314,33,2016,Radial Velocity
1315,1315,20,2020,Radial Velocity
1316,1316,5,2016,Transit
1317,1317,14,2025,Transit
1318,1318,4,2016,Transit
1319,1319,4,2024,Transit
1320,1320,4,2016,Transit
1321,1321,3,2018,Transit
1322,1322,11,2010,Radial Velocity
1323,1323,13,2025,Radial Velocity
1324,1324,4,2016,Transit
1325,1325,4,2021,Transit
1326,1326,4,2016,Transit
1327,1327,4,2014,Transit
1328,1328,4,2016,Transit
1329,1329,4,2020,Transit
1330,1330,4,2014,Transit
1331,1331,14,2024,Transit
1332,1332,3,2022,Transit
1333,1333,4,2021,Transit
1334,1334,4,2016,Transit
1335,1335,13,2024,Radial Velocity
1336,1336,4,2016,Transit
1337,1337,4,2016,Transit
1338,1338,14,2022,Transit
1339,1339,4,2016,Transit
1340,1340,17,2011,Transit
1341,1341,3,2018,Transit
1342,1342,7,2010,Radial Velocity
1343,1343,4,2014,Transit
1344,1344,11,2002,Radial Velocity
1345,1345,4,2016,Transit
1346,1346,14,2023,Transit
1347,1347,3,2016,Transit
1348,1348,3,2022,Transit
1349,1349,4,2016,Transit
1350,1350,3,2018,Transit
1351,1351,4,2016,Transit
1352,1352,4,2021,Transit
1353,1353,13,2026,Radial Velocity
1354,1354,4,2015,Transit
1355,1355,46,2020,Transit
1356,1356,4,2016,Transit
1357,1357,4,2016,Pulsation Timing Variations
1358,1358,13,2021,Radial Velocity
1359,1359,4,2016,Transit
1360,1360,14,2024,Transit
1361,1361,4,2016,Transit
1362,1362,3,2019,Transit
1363,1363,11,2007,Radial Velocity
1364,1364,4,2023,Transit
1365,1365,4,2016,Transit
1366,1366,14,2024,Transit
1367,1367,4,2016,Transit
1368,1368,14,2024,Transit
1369,1369,25,2026,Radial Velocity
1370,1370,3,2018,Transit
1371,1371,4,2014,Transit
1372,1372,13,2020,Radial Velocity
1373,1373,4,2013,Transit
1374,1374,4,2014,Transit
1375,1375,14,2025,Transit
1376,1376,4,2021,Transit
1377,1377,4,2014,Transit
1378,1378,14,2024,Transit
1379,1379,4,2016,Transit
1380,1380,4,2014,Transit
1381,1381,3,2016,Transit
1382,1382,14,2023,Transit
1383,1383,4,2014,Transit
1384,1384,13,2022,Eclipse Timing Variations
1385,1385,4,2016,Transit
1386,1386,3,2021,Transit
1387,1387,4,2016,Transit
1388,1388,25,2023,Radial Velocity
1389,1389,4,2012,Transit
1390,1390,4,2016,Transit
1391,1391,4,2014,Transit
1392,1392,4,2016,Transit
1393,1393,9,2007,Radial Velocity
1394,1394,4,2021,Transit
1395,1395,4,2016,Transit
1396,1396,4,2021,Transit
1397,1397,20,2020,Radial Velocity
1398,1398,4,2014,Transit
1399,1399,4,2016,Transit
1400,1400,14,2020,Transit
1401,1401,4,2016,Transit
1402,1402,4,2016,Transit
1403,1403,13,2022,Eclipse Timing Variations
1404,1404,64,2025,Imaging
1405,1405,14,2024,Transit
1406,1406,4,2019,Transit
1407,1407,4,2021,Transit
1408,1408,4,2016,Transit
1409,1409,4,2021,Transit
1410,1410,4,2014,Transit
1411,1411,4,2014,Transit
1412,1412,4,2016,Transit
1413,1413,4,2016,Transit
1414,1414,4,2016,Transit
1415,1415,20,2015,Radial Velocity
1416,1416,3,2016,Transit
1417,1417,4,2014,Transit
1418,1418,13,2022,Radial Velocity
1419,1419,4,2016,Transit
1420,1420,3,2021,Transit
1421,1421,14,2025,Transit
1422,1422,4,2016,Transit
1423,1423,3,2021,Transit
1424,1424,4,2014,Transit
1425,1425,4,2011,Transit
1426,1426,7,2019,Radial Velocity
1427,1427,4,2016,Transit
1428,1428,4,2016,Transit
1429,1429,13,2014,Radial Velocity
1430,1430,33,2019,Radial Velocity
1431,1431,4,2014,Transit
1432,1432,4,2014,Transit
1433,1433,65,2021,Imaging
1434,1434,4,2016,Transit
1435,1435,30,2018,Radial Velocity
1436,1436,12,2003,Radial Velocity
1437,1437,4,2016,Transit
1438,1438,7,2019,Radial Velocity
1439,1439,4,2016,Transit
1440,1440,14,2023,Transit
1441,1441,13,2024,Radial Velocity
1442,1442,3,2016,Transit
1443,1443,14,2026,Transit
1444,1444,4,2016,Transit
1445,1445,4,2020,Transit
1446,1446,5,2012,Transit
1447,1447,4,2021,Transit
1448,1448,14,2024,Transit
1449,1449,14,2025,Transit
1450,1450,4,2014,Transit
1451,1451,4,2014,Transit
1452,1452,3,2021,Transit
1453,1453,4,2016,Transit
1454,1454,30,2022,Radial Velocity
1455,1455,14,2026,Transit
1456,1456,3,2019,Transit
1457,1457,4,2021,Transit
1458,1458,4,2021,Transit
1459,1459,4,2016,Transit
1460,1460,13,2017,Radial Velocity
1461,1461,4,2016,Transit
1462,1462,4,2023,Transit
1463,1463,4,2016,Transit
1464,1464,4,2021,Transit
1465,1465,7,2021,Radial Velocity
1466,1466,4,2014,Transit
1467,1467,4,2016,Transit
1468,1468,5,2014,Transit
1469,1469,4,2016,Transit
1470,1470,4,2014,Transit
1471,1471,3,2019,Transit
1472,1472,14,2025,Transit
1473,1473,3,2018,Transit
1474,1474,14,2026,Transit
1475,1475,4,2014,Transit
1476,1476,4,2016,Transit
1477,1477,4,2016,Transit
1478,1478,4,2020,Transit
1479,1479,4,2021,Transit
1480,1480,4,2016,Transit
1481,1481,66,2010,Imaging
1482,1482,11,2023,Radial Velocity
1483,1483,4,2021,Transit
1484,1484,14,2023,Transit
1485,1485,11,2018,Radial Velocity
1486,1486,14,2024,Transit
1487,1487,4,2011,Transit
1488,1488,4,2021,Transit
1489,1489,4,2016,Transit
1490,1490,11,2016,Radial Velocity
1491,1491,4,2016,Transit
1492,1492,7,2009,Radial Velocity
1493,1493,14,2026,Transit
1494,1494,4,2016,Transit
1495,1495,4,2020,Transit
1496,1496,20,2021,Radial Velocity
1497,1497,4,2014,Transit
1498,1498,4,2014,Transit
1499,1499,4,2016,Transit
1500,1500,11,2005,Radial Velocity
1501,1501,5,2007,Transit
1502,1502,4,2021,Transit
1503,1503,4,2016,Transit
1504,1504,4,2014,Transit
1505,1505,4,2016,Transit
1506,1506,4,2023,Transit
1507,1507,4,2016,Transit
1508,1508,4,2021,Transit
1509,1509,4,2016,Transit
1510,1510,4,2016,Transit
1511,1511,27,2016,Transit
1512,1512,14,2019,Transit
1513,1513,14,2022,Transit
1514,1514,49,2025,Radial Velocity
1515,1515,4,2021,Transit
1516,1516,4,2014,Transit
1517,1517,7,2021,Radial Velocity
1518,1518,4,2014,Transit
1519,1519,13,2022,Radial Velocity
1520,1520,4,2016,Transit
1521,1521,4,2016,Transit
1522,1522,13,2022,Radial Velocity
1523,1523,14,2020,Transit
1524,1524,27,2021,Transit
1525,1525,4,2016,Transit
1526,1526,4,2016,Transit
1527,1527,4,2016,Transit
1528,1528,11,2025,Radial Velocity
1529,1529,4,2021,Transit
1530,1530,3,2018,Transit
1531,1531,64,2025,Imaging
1532,1532,14,2026,Transit
1533,1533,14,2020,Transit
1534,1534,4,2016,Transit
1535,1535,28,2014,Radial Velocity
1536,1536,4,2021,Transit
1537,1537,4,2014,Transit
1538,1538,4,2016,Transit
1539,1539,14,2025,Transit
1540,1540,4,2014,Transit
1541,1541,14,2026,Transit
1542,1542,3,2021,Transit
1543,1543,14,2025,Transit
1544,1544,3,2018,Transit
1545,1545,4,2016,Transit
1546,1546,14,2023,Transit
1547,1547,2,2011,Transit
1548,1548,4,2016,Transit
1549,1549,4,2016,Transit
1550,1550,3,2021,Transit
1551,1551,13,2016,Radial Velocity
1552,1552,4,2016,Transit
1553,1553,11,2008,Radial Velocity
1554,1554,34,2025,Radial Velocity
1555,1555,4,2014,Transit
1556,1556,61,2021,Transit
1557,1557,14,2026,Transit
1558,1558,4,2015,Transit
1559,1559,13,2024,Transit Timing Variations
1560,1560,59,2022,Radial Velocity
1561,1561,4,2016,Transit
1562,1562,14,2025,Transit
1563,1563,12,2003,Radial Velocity
1564,1564,27,2018,Transit
1565,1565,14,2026,Transit
1566,1566,14,2023,Transit
1567,1567,14,2023,Transit
1568,1568,7,2026,Radial Velocity
1569,1569,3,2021,Transit
1570,1570,4,2016,Transit
1571,1571,14,2024,Transit
1572,1572,4,2016,Transit
1573,1573,4,2016,Transit
1574,1574,4,2014,Transit
1575,1575,11,2014,Radial Velocity
1576,1576,4,2014,Transit
1577,1577,4,2016,Transit
1578,1578,13,2019,Eclipse Timing Variations
1579,1579,14,2020,Transit
1580,1580,4,2016,Transit
1581,1581,13,2014,Radial Velocity
1582,1582,14,2024,Transit
1583,1583,4,2016,Transit
1584,1584,14,2024,Transit
1585,1585,4,2014,Transit
1586,1586,14,2022,Transit
1587,1587,11,2005,Radial Velocity
1588,1588,13,2025,Radial Velocity
1589,1589,4,2016,Transit
1590,1590,11,2005,Radial Velocity
1591,1591,4,2021,Transit
1592,1592,4,2016,Transit
1593,1593,14,2022,Transit
1594,1594,3,2015,Transit
1595,1595,46,2024,Transit
1596,1596,4,2014,Transit
1597,1597,14,2025,Transit
1598,1598,4,2021,Transit
1599,1599,4,2023,Transit
1600,1600,4,2016,Transit
1601,1601,4,2014,Transit
1602,1602,13,2022,Radial Velocity
1603,1603,14,2024,Transit
1604,1604,4,2016,Transit
1605,1605,3,2021,Transit
1606,1606,4,2014,Transit
1607,1607,4,2016,Transit
1608,1608,4,2016,Transit
1609,1609,61,2021,Transit
1610,1610,14,2023,Transit
1611,1611,25,2015,Radial Velocity
1612,1612,4,2016,Transit
1613,1613,4,2016,Transit
1614,1614,67,2018,Imaging
1615,1615,14,2024,Transit
1616,1616,4,2016,Transit
1617,1617,14,2026,Transit
1618,1618,4,2014,Transit
1619,1619,4,2014,Transit
1620,1620,59,2023,Radial Velocity
1621,1621,7,2021,Radial Velocity
1622,1622,59,2015,Radial Velocity
1623,1623,4,2016,Transit
1624,1624,9,2022,Radial Velocity
1625,1625,14,2026,Transit
1626,1626,4,2018,Transit Timing Variations
1627,1627,7,2019,Radial Velocity
1628,1628,4,2016,Transit
1629,1629,14,2026,Transit
1630,1630,3,2018,Transit
1631,1631,4,2014,Transit
1632,1632,4,2016,Transit Timing Variations
1633,1633,1,2015,Radial Velocity
1634,1634,11,2016,Radial Velocity
1635,1635,4,2016,Transit
1636,1636,4,2016,Transit
1637,1637,11,2024,Radial Velocity
1638,1638,11,2016,Radial Velocity
1639,1639,4,2016,Transit
1640,1640,20,2025,Radial Velocity
1641,1641,4,2016,Transit
1642,1642,4,2016,Transit
1643,1643,4,2021,Transit
1644,1644,3,2018,Transit
1645,1645,14,2026,Transit
1646,1646,4,2016,Transit
1647,1647,2,2015,Transit
1648,1648,4,2014,Transit
1649,1649,13,2015,Radial Velocity
1650,1650,52,2026,Radial Velocity
1651,1651,4,2016,Transit
1652,1652,4,2014,Transit
1653,1653,3,2017,Transit
1654,1654,9,2022,Radial Velocity
1655,1655,4,2016,Transit
1656,1656,4,2016,Transit
1657,1657,4,2021,Transit
1658,1658,14,2022,Transit
1659,1659,4,2016,Transit
1660,1660,4,2016,Transit
1661,1661,5,2014,Transit
1662,1662,7,2015,Radial Velocity
1663,1663,14,2026,Transit
1664,1664,13,2024,Radial Velocity
1665,1665,4,2016,Transit
1666,1666,4,2016,Transit
1667,1667,27,2015,Transit
1668,1668,4,2023,Transit
1669,1669,4,2016,Transit
1670,1670,14,2023,Transit
1671,1671,4,2014,Transit
1672,1672,4,2016,Transit
1673,1673,14,2023,Transit
1674,1674,24,2018,Transit
1675,1675,5,2016,Transit
1676,1676,27,2016,Transit
1677,1677,11,2018,Radial Velocity
1678,1678,4,2016,Transit
1679,1679,7,2013,Radial Velocity
1680,1680,4,2016,Transit
1681,1681,14,2024,Transit
1682,1682,4,2016,Transit
1683,1683,25,2018,Eclipse Timing Variations
1684,1684,14,2021,Transit
1685,1685,68,2008,Imaging
1686,1686,4,2016,Transit
1687,1687,38,2008,Radial Velocity
1688,1688,4,2014,Transit
1689,1689,4,2023,Transit
1690,1690,4,2016,Transit
1691,1691,7,2017,Radial Velocity
1692,1692,14,2026,Transit
1693,1693,4,2021,Transit
1694,1694,46,2019,Transit
1695,1695,4,2016,Transit
1696,1696,4,2016,Transit
1697,1697,4,2014,Transit
1698,1698,4,2016,Transit
1699,1699,7,2023,Radial Velocity
1700,1700,4,2016,Transit
1701,1701,69,2011,Eclipse Timing Variations
1702,1702,4,2016,Transit
1703,1703,5,2015,Transit
1704,1704,11,2016,Radial Velocity
1705,1705,4,2013,Transit
1706,1706,28,2014,Radial Velocity
1707,1707,4,2016,Transit
1708,1708,4,2012,Transit
1709,1709,4,2016,Transit
1710,1710,14,2023,Transit
1711,1711,13,2021,Radial Velocity
1712,1712,4,2020,Transit
1713,1713,32,2022,Transit
1714,1714,24,2016,Transit
1715,1715,14,2024,Transit
1716,1716,7,2020,Radial Velocity
1717,1717,3,2016,Transit
1718,1718,4,2011,Transit
1719,1719,4,2014,Transit
1720,1720,20,2023,Radial Velocity
1721,1721,4,2014,Transit
1722,1722,47,2019,Transit
1723,1723,4,2014,Transit
1724,1724,4,2021,Transit
1725,1725,4,2016,Transit
1726,1726,4,2010,Transit
1727,1727,14,2023,Transit
1728,1728,4,2016,Transit
1729,1729,28,2023,Radial Velocity
1730,1730,49,2021,Radial Velocity
1731,1731,4,2016,Transit
1732,1732,4,2014,Transit
1733,1733,3,2021,Transit
1734,1734,4,2013,Transit
1735,1735,4,2016,Transit
1736,1736,7,2005,Radial Velocity
1737,1737,3,2022,Transit
1738,1738,12,2007,Radial Velocity
1739,1739,4,2016,Transit
1740,1740,4,2013,Transit
1741,1741,3,2018,Transit
1742,1742,4,2016,Transit
1743,1743,11,2013,Radial Velocity
1744,1744,4,2014,Transit
1745,1745,4,2016,Transit
1746,1746,14,2024,Transit
1747,1747,11,2009,Radial Velocity
1748,1748,4,2014,Transit
1749,1749,4,2016,Transit
1750,1750,4,2016,Transit
1751,1751,4,2021,Transit
1752,1752,13,2024,Imaging
1753,1753,4,2016,Transit
1754,1754,4,2014,Transit
1755,1755,38,2011,Radial Velocity
1756,1756,66,2008,Imaging
1757,1757,4,2021,Transit
1758,1758,4,2016,Transit
1759,1759,4,2016,Transit
1760,1760,14,2025,Transit
1761,1761,3,2016,Transit
1762,1762,4,2015,Eclipse Timing Variations
1763,1763,14,2021,Transit
1764,1764,25,2026,Radial Velocity
1765,1765,4,2012,Transit
1766,1766,4,2016,Transit
1767,1767,4,2023,Transit
1768,1768,13,2022,Radial Velocity
1769,1769,4,2014,Transit
1770,1770,4,2020,Transit
1771,1771,4,2016,Transit
1772,1772,13,2011,Eclipse Timing Variations
1773,1773,7,2011,Radial Velocity
1774,1774,14,2026,Transit
1775,1775,4,2021,Transit
1776,1776,14,2025,Transit
1777,1777,4,2020,Transit
1778,1778,20,2016,Radial Velocity
1779,1779,11,2022,Radial Velocity
1780,1780,4,2016,Transit
1781,1781,4,2016,Transit
1782,1782,13,2002,Radial Velocity
1783,1783,4,2014,Transit
1784,1784,4,2016,Transit
1785,1785,3,2018,Transit
1786,1786,25,2015,Radial Velocity
1787,1787,11,2006,Radial Velocity
1788,1788,4,2014,Transit
1789,1789,7,2016,Radial Velocity
1790,1790,4,2014,Transit
1791,1791,4,2013,Transit
1792,1792,14,2022,Transit
1793,1793,1,2012,Radial Velocity
1794,1794,4,2020,Transit
1795,1795,13,2025,Radial Velocity
1796,1796,4,2016,Transit
1797,1797,4,2014,Transit
1798,1798,38,2004,Radial Velocity
1799,1799,4,2016,Transit
1800,1800,4,2021,Transit
1801,1801,3,2018,Transit
1802,1802,46,2019,Transit
1803,1803,4,2016,Transit
1804,1804,4,2013,Transit
1805,1805,14,2022,Transit
1806,1806,3,2019,Transit
1807,1807,14,2026,Transit
1808,1808,3,2018,Transit
1809,1809,14,2026,Transit
1810,1810,4,2016,Transit
1811,1811,70,2015,Imaging
1812,1812,7,2025,Radial Velocity
1813,1813,4,2014,Transit
1814,1814,7,2020,Radial Velocity
1815,1815,4,2016,Transit
1816,1816,4,2014,Transit
1817,1817,13,2016,Radial Velocity
1818,1818,4,2014,Transit
1819,1819,3,2022,Transit
1820,1820,14,2024,Transit
1821,1821,4,2016,Transit
1822,1822,48,2020,Transit
1823,1823,4,2014,Transit
1824,1824,11,2018,Radial Velocity
1825,1825,49,2025,Radial Velocity
1826,1826,4,2016,Transit
1827,1827,2,2019,Transit
1828,1828,4,2016,Transit
1829,1829,4,2011,Transit
1830,1830,4,2016,Transit
1831,1831,14,2021,Transit
1832,1832,20,2016,Radial Velocity
1833,1833,14,2026,Transit
1834,1834,34,2021,Radial Velocity
1835,1835,4,2016,Transit
1836,1836,4,2021,Transit
1837,1837,4,2016,Transit
1838,1838,32,2022,Transit
1839,1839,4,2016,Transit
1840,1840,4,2023,Transit
1841,1841,14,2020,Transit
1842,1842,27,2017,Transit
1843,1843,4,2014,Transit
1844,1844,4,2016,Transit
1845,1845,4,2016,Transit
1846,1846,4,2016,Transit
1847,1847,3,2016,Transit
1848,1848,14,2021,Transit
1849,1849,11,1998,Radial Velocity
1850,1850,4,2014,Transit
1851,1851,4,2016,Transit
1852,1852,4,2016,Transit
1853,1853,13,2022,Radial Velocity
1854,1854,4,2016,Transit
1855,1855,4,2014,Transit
1856,1856,4,2016,Transit
1857,1857,20,2016,Radial Velocity
1858,1858,4,2014,Transit
1859,1859,49,2017,Radial Velocity
1860,1860,4,2016,Transit
1861,1861,4,2015,Transit
1862,1862,30,2022,Radial Velocity
1863,1863,5,2014,Transit
1864,1864,14,2024,Transit
1865,1865,14,2023,Transit
1866,1866,14,2021,Transit
1867,1867,6,2004,Transit
1868,1868,4,2023,Transit
1869,1869,4,2014,Transit
1870,1870,4,2016,Transit
1871,1871,4,2014,Transit
1872,1872,13,1999,Radial Velocity
1873,1873,14,2025,Transit
1874,1874,3,2018,Transit
1875,1875,71,2004,Imaging
1876,1876,21,2010,Radial Velocity
1877,1877,14,2025,Transit
1878,1878,4,2016,Transit
1879,1879,27,2016,Transit
1880,1880,72,2025,Transit
1881,1881,4,2021,Transit
1882,1882,14,2026,Transit
1883,1883,3,2018,Transit
1884,1884,11,2002,Radial Velocity
1885,1885,4,2016,Transit
1886,1886,14,2025,Transit
1887,1887,4,2012,Transit
1888,1888,4,2016,Transit
1889,1889,4,2021,Transit
1890,1890,14,2023,Transit
1891,1891,4,2020,Transit
1892,1892,11,2006,Radial Velocity
1893,1893,14,2023,Transit
1894,1894,4,2023,Transit
1895,1895,4,2014,Transit
1896,1896,4,2011,Transit
1897,1897,4,2016,Transit
1898,1898,14,2024,Transit
1899,1899,3,2023,Transit
1900,1900,4,2016,Transit
1901,1901,4,2016,Transit
1902,1902,14,2026,Transit
1903,1903,40,2010,Radial Velocity
1904,1904,4,2014,Transit
1905,1905,4,2016,Transit
1906,1906,14,2022,Transit
1907,1907,14,2026,Transit
1908,1908,11,2009,Radial Velocity
1909,1909,4,2021,Transit
1910,1910,4,2014,Transit
1911,1911,4,2014,Transit
1912,1912,4,2023,Eclipse Timing Variations
1913,1913,4,2014,Transit
1914,1914,2,2011,Transit
1915,1915,4,2016,Transit
1916,1916,4,2021,Orbital Brightness Modulation
1917,1917,3,2019,Transit
1918,1918,4,2016,Transit
1919,1919,20,2010,Radial Velocity
1920,1920,14,2025,Transit
1921,1921,3,2023,Transit
1922,1922,4,2016,Transit
1923,1923,4,2014,Transit
1924,1924,4,2011,Transit
1925,1925,3,2018,Transit
1926,1926,23,2020,Microlensing
1927,1927,23,2026,Microlensing
1928,1928,23,2024,Microlensing
1929,1929,4,2016,Transit
1930,1930,8,2017,Microlensing
1931,1931,11,2023,Radial Velocity
1932,1932,20,2009,Radial Velocity
1933,1933,13,2020,Transit
1934,1934,4,2021,Transit
1935,1935,13,2016,Radial Velocity
1936,1936,4,2014,Transit
1937,1937,4,2020,Transit
1938,1938,4,2013,Transit
1939,1939,4,2021,Transit
1940,1940,23,2025,Microlensing
1941,1941,16,2003,Pulsar Timing
1942,1942,64,2020,Imaging
1943,1943,8,2018,Microlensing
1944,1944,23,2023,Microlensing
1945,1945,8,2022,Microlensing
1946,1946,26,2018,Microlensing
1947,1947,8,2008,Microlensing
1948,1948,8,2013,Microlensing
1949,1949,4,2016,Transit
1950,1950,14,2020,Transit
1951,1951,38,2013,Radial Velocity
1952,1952,4,2016,Transit
1953,1953,9,2022,Radial Velocity
1954,1954,14,2026,Transit
1955,1955,14,2026,Transit
1956,1956,23,2021,Microlensing
1957,1957,26,2024,Microlensing
1958,1958,13,2025,Radial Velocity
1959,1959,4,2014,Transit
1960,1960,8,2021,Microlensing
1961,1961,56,2012,Imaging
1962,1962,23,2026,Microlensing
1963,1963,23,2023,Microlensing
1964,1964,23,2019,Microlensing
1965,1965,26,2008,Microlensing
1966,1966,13,2011,Eclipse Timing Variations
1967,1967,73,2025,Imaging
1968,1968,4,2016,Transit
1969,1969,4,2016,Transit
1970,1970,14,2022,Transit
1971,1971,9,2004,Radial Velocity
1972,1972,26,2012,Microlensing
1973,1973,8,2018,Microlensing
1974,1974,4,2016,Transit
1975,1975,4,2016,Transit
1976,1976,43,2025,Transit
1977,1977,23,2022,Microlensing
1978,1978,23,2023,Microlensing
1979,1979,5,2012,Transit
1980,1980,23,2021,Microlensing
1981,1981,14,2026,Transit
1982,1982,8,2024,Microlensing
1983,1983,8,2024,Microlensing
1984,1984,13,2017,Eclipse Timing Variations
1985,1985,23,2020,Microlensing
1986,1986,4,2016,Transit
1987,1987,4,2014,Transit
1988,1988,3,2018,Transit
1989,1989,4,2020,Transit
1990,1990,23,2022,Microlensing
1991,1991,4,2011,Orbital Brightness Modulation
1992,1992,23,2024,Microlensing
1993,1993,23,2023,Microlensing
1994,1994,8,2016,Microlensing
1995,1995,14,2026,Transit
1996,1996,4,2016,Transit
1997,1997,23,2025,Microlensing
1998,1998,4,2014,Transit
1999,1999,14,2024,Transit
2000,2000,4,2021,Transit
2001,2001,14,2022,Transit
2002,2002,24,2018,Transit
2003,2003,4,2014,Transit
2004,2004,23,2024,Microlensing
2005,2005,4,2016,Transit
2006,2006,8,2023,Microlensing
2007,2007,4,2014,Transit
2008,2008,14,2026,Transit
2009,2009,14,2026,Transit
2010,2010,8,2019,Microlensing
2011,2011,14,2026,Transit
2012,2012,8,2020,Microlensing
2013,2013,8,2023,Microlensing
2014,2014,26,2012,Microlensing
2015,2015,4,2014,Transit
2016,2016,23,2021,Microlensing
2017,2017,74,2005,Radial Velocity
2018,2018,4,2016,Transit
2019,2019,4,2014,Transit
2020,2020,59,2012,Radial Velocity
2021,2021,14,2025,Transit
2022,2022,23,2016,Microlensing
2023,2023,4,2025,Transit Timing Variations
2024,2024,9,2026,Radial Velocity
2025,2025,9,2026,Radial Velocity
2026,2026,23,2022,Microlensing
2027,2027,8,2022,Microlensing
2028,2028,59,2010,Radial Velocity
2029,2029,14,2022,Transit
2030,2030,23,2025,Microlensing
2031,2031,4,2014,Transit
2032,2032,4,2016,Transit
2033,2033,8,2021,Microlensing
2034,2034,23,2022,Microlensing
2035,2035,26,2012,Microlensing
2036,2036,23,2025,Microlensing
2037,2037,23,2022,Microlensing
2038,2038,4,2014,Transit
2039,2039,49,2018,Radial Velocity
2040,2040,4,2016,Transit
2041,2041,4,2014,Transit
2042,2042,4,2016,Transit
2043,2043,14,2024,Transit
2044,2044,4,2014,Transit
2045,2045,8,2021,Microlensing
2046,2046,26,2024,Microlensing
2047,2047,23,2023,Microlensing
2048,2048,23,2025,Microlensing
2049,2049,23,2022,Microlensing
2050,2050,4,2020,Transit
2051,2051,3,2016,Transit
2052,2052,8,2022,Microlensing
2053,2053,23,2026,Microlensing
2054,2054,20,2021,Radial Velocity
2055,2055,5,2014,Transit
2056,2056,4,2016,Transit
2057,2057,4,2014,Transit
2058,2058,4,2014,Transit
2059,2059,4,2023,Transit
2060,2060,23,2026,Microlensing
2061,2061,4,2011,Transit
2062,2062,14,2025,Transit
2063,2063,23,2021,Microlensing
2064,2064,8,2022,Microlensing
2065,2065,8,2009,Microlensing
2066,2066,26,2014,Microlensing
2067,2067,4,2014,Transit
2068,2068,23,2026,Microlensing
2069,2069,23,2020,Microlensing
2070,2070,8,2018,Microlensing
2071,2071,23,2025,Microlensing
2072,2072,23,2021,Microlensing
2073,2073,4,2012,Transit
2074,2074,13,2020,Radial Velocity
2075,2075,4,2016,Transit
2076,2076,4,2021,Transit
2077,2077,4,2016,Transit
2078,2078,11,2009,Radial Velocity
2079,2079,4,2016,Transit
2080,2080,4,2013,Transit
2081,2081,13,2026,Radial Velocity
2082,2082,32,2024,Microlensing
2083,2083,26,2023,Microlensing
2084,2084,4,2016,Transit
2085,2085,23,2022,Microlensing
2086,2086,8,2019,Microlensing
2087,2087,23,2025,Microlensing
2088,2088,23,2024,Microlensing
2089,2089,23,2022,Microlensing
2090,2090,8,2026,Microlensing
2091,2091,4,2016,Transit
2092,2092,8,2008,Transit
2093,2093,14,2025,Transit
2094,2094,4,2016,Transit
2095,2095,3,2015,Transit
2096,2096,4,2014,Transit
2097,2097,4,2014,Transit
2098,2098,14,2026,Transit
2099,2099,4,2016,Transit
2100,2100,4,2024,Transit
2101,2101,3,2018,Transit
2102,2102,4,2013,Transit
2103,2103,11,2018,Radial Velocity
2104,2104,4,2023,Transit
2105,2105,13,2020,Radial Velocity
2106,2106,4,2015,Transit
2107,2107,75,2022,Radial Velocity
2108,2108,11,2008,Radial Velocity
2109,2109,4,2016,Transit
2110,2110,14,2026,Transit
2111,2111,14,2022,Transit
2112,2112,11,2016,Radial Velocity
2113,2113,7,2021,Radial Velocity
2114,2114,13,2022,Radial Velocity
2115,2115,4,2014,Transit
2116,2116,4,2021,Transit
2117,2117,14,2022,Transit
2118,2118,4,2016,Transit
2119,2119,7,2019,Radial Velocity
2120,2120,3,2019,Transit
2121,2121,4,2014,Transit
2122,2122,7,2008,Radial Velocity
2123,2123,4,2021,Transit
2124,2124,4,2016,Transit
2125,2125,20,2021,Radial Velocity
2126,2126,14,2020,Transit
2127,2127,4,2016,Transit
2128,2128,11,1999,Radial Velocity
2129,2129,4,2016,Transit
2130,2130,4,2016,Transit
2131,2131,34,2021,Radial Velocity
2132,2132,4,2014,Transit
2133,2133,11,2008,Radial Velocity
2134,2134,4,2016,Transit
2135,2135,4,2014,Transit
2136,2136,76,2019,Eclipse Timing Variations
2137,2137,4,2014,Transit
2138,2138,4,2016,Transit
2139,2139,4,2016,Transit
2140,2140,4,2014,Transit
2141,2141,14,2023,Transit
2142,2142,4,2016,Transit
2143,2143,4,2025,Transit
2144,2144,4,2014,Transit
2145,2145,4,2016,Transit
2146,2146,4,2016,Transit
2147,2147,3,2018,Transit
2148,2148,4,2021,Transit
2149,2149,4,2016,Transit
2150,2150,11,2012,Radial Velocity
2151,2151,14,2026,Transit
2152,2152,38,2016,Radial Velocity
2153,2153,27,2018,Radial Velocity
2154,2154,4,2016,Transit
2155,2155,77,2010,Imaging
2156,2156,78,2010,Imaging
2157,2157,11,1998,Radial Velocity
2158,2158,8,2004,Transit
2159,2159,8,2002,Transit
2160,2160,5,2017,Transit
2161,2161,20,2011,Radial Velocity
2162,2162,4,2011,Transit
2163,2163,4,2011,Transit
2164,2164,5,2010,Transit
2165,2165,4,2011,Transit
2166,2166,11,2001,Radial Velocity
2167,2167,9,2003,Radial Velocity
2168,2168,21,1996,Radial Velocity
2169,2169,4,2011,Transit
2170,2170,4,2011,Transit
2171,2171,4,2011,Transit
2172,2172,4,2012,Transit
2173,2173,13,2009,Radial Velocity
2174,2174,13,2009,Radial Velocity
2175,2175,21,2009,Radial Velocity
2176,2176,21,2001,Radial Velocity
2177,2177,7,2009,Radial Velocity
2178,2178,17,2011,Transit
2179,2179,4,2011,Transit
2180,2180,27,2012,Transit
2181,2181,7,2008,Radial Velocity
2182,2182,12,2007,Radial Velocity
2183,2183,17,2009,Transit
2184,2184,66,2008,Imaging
2185,2185,2,2011,Transit
2186,2186,4,2011,Transit
2187,2187,4,2012,Transit
2188,2188,4,2012,Transit
2189,2189,38,2009,Radial Velocity
2190,2190,56,2008,Imaging
2191,2191,11,2009,Radial Velocity
2192,2192,79,2006,Transit
2193,2193,4,2011,Transit
2194,2194,4,2011,Transit
2195,2195,4,2011,Transit
2196,2196,17,2011,Transit
2197,2197,38,2009,Radial Velocity
2198,2198,38,2009,Radial Velocity
2199,2199,74,2009,Radial Velocity
2200,2200,7,2009,Radial Velocity
2201,2201,4,2011,Transit
2202,2202,4,2011,Transit
2203,2203,38,2012,Radial Velocity
2204,2204,37,2012,Transit
2205,2205,17,2009,Transit
2206,2206,13,2009,Radial Velocity
2207,2207,9,2009,Radial Velocity
2208,2208,4,2011,Transit
2209,2209,4,2011,Transit
2210,2210,4,2011,Transit
2211,2211,11,2004,Radial Velocity
2212,2212,9,2009,Radial Velocity
2213,2213,56,2011,Imaging
2214,2214,38,2011,Radial Velocity
2215,2215,9,2003,Radial Velocity
2216,2216,18,2009,Radial Velocity
2217,2217,5,2008,Transit
2218,2218,8,2004,Transit
2219,2219,7,2010,Radial Velocity
2220,2220,26,2011,Microlensing
2221,2221,7,2012,Radial Velocity
2222,2222,7,2011,Radial Velocity
2223,2223,2,2010,Transit
2224,2224,2,2010,Transit
2225,2225,17,2011,Transit
2226,2226,80,2011,Radial Velocity
2227,2227,4,2011,Transit
2228,2228,69,2011,Eclipse Timing Variations
2229,2229,4,2014,Transit
2230,2230,4,2013,Transit
2231,2231,7,2010,Radial Velocity
2232,2232,4,2011,Transit
2233,2233,17,2011,Transit
2234,2234,4,2011,Transit
2235,2235,4,2011,Orbital Brightness Modulation
2236,2236,81,2011,Pulsar Timing
2237,2237,17,2010,Transit
2238,2238,11,2005,Radial Velocity
2239,2239,2,2007,Transit
2240,2240,8,2004,Transit
2241,2241,8,2004,Transit
2242,2242,7,2011,Radial Velocity
2243,2243,8,2016,Microlensing
2244,2244,8,2017,Microlensing
2245,2245,4,2013,Transit
2246,2246,23,2023,Microlensing
2247,2247,23,2024,Microlensing
2248,2248,9,2004,Radial Velocity
2249,2249,8,2021,Microlensing
2250,2250,4,2016,Transit
2251,2251,23,2022,Microlensing
2252,2252,23,2023,Microlensing
2253,2253,4,2014,Transit
2254,2254,4,2023,Transit
2255,2255,43,2025,Transit
2256,2256,23,2022,Microlensing
2257,2257,13,2006,Radial Velocity
2258,2258,4,2012,Transit
2259,2259,82,2012,Eclipse Timing Variations
2260,2260,5,2013,Transit
2261,2261,4,2012,Transit
2262,2262,4,2012,Transit
2263,2263,5,2013,Radial Velocity
2264,2264,13,2013,Imaging
2265,2265,5,2007,Transit
2266,2266,4,2012,Transit
2267,2267,38,2013,Radial Velocity
2268,2268,4,2013,Transit
2269,2269,5,2013,Transit
2270,2270,4,2013,Transit
2271,2271,7,2009,Radial Velocity
2272,2272,83,2012,Transit
2273,2273,7,2009,Radial Velocity
2274,2274,17,2013,Transit
2275,2275,31,2013,Radial Velocity
2276,2276,31,2013,Radial Velocity
2277,2277,2,2012,Transit
2278,2278,4,2012,Transit
2279,2279,7,2009,Radial Velocity
2280,2280,7,2013,Radial Velocity
2281,2281,4,2014,Transit
2282,2282,4,2014,Transit
2283,2283,7,2013,Radial Velocity
2284,2284,7,2013,Radial Velocity
2285,2285,4,2012,Transit
2286,2286,59,2012,Radial Velocity
2287,2287,7,2013,Radial Velocity
2288,2288,4,2014,Transit
2289,2289,84,2014,Imaging
2290,2290,13,2013,Radial Velocity
2291,2291,4,2010,Transit
2292,2292,4,2013,Transit
2293,2293,17,2008,Transit
2294,2294,2,2014,Transit
2295,2295,2,2014,Transit
2296,2296,4,2010,Transit
2297,2297,19,2013,Imaging
2298,2298,7,2013,Radial Velocity
2299,2299,7,2013,Radial Velocity
2300,2300,11,2014,Radial Velocity
2301,2301,27,2014,Transit
2302,2302,4,2010,Transit
2303,2303,4,2013,Transit
2304,2304,4,2013,Transit
2305,2305,7,2013,Radial Velocity
2306,2306,7,2013,Radial Velocity
2307,2307,59,2014,Radial Velocity
2308,2308,59,2014,Radial Velocity
2309,2309,4,2010,Transit
2310,2310,8,2013,Microlensing
2311,2311,9,2012,Radial Velocity
2312,2312,5,2012,Transit
2313,2313,4,2013,Transit
2314,2314,7,2013,Radial Velocity
2315,2315,2,2012,Transit
2316,2316,8,2012,Microlensing
2317,2317,4,2012,Transit
2318,2318,4,2014,Transit
2319,2319,4,2014,Transit
2320,2320,24,2016,Transit
2321,2321,4,2016,Transit
2322,2322,7,2013,Radial Velocity
2323,2323,11,2012,Radial Velocity
2324,2324,2,2012,Transit
2325,2325,12,2012,Radial Velocity
2326,2326,11,2011,Radial Velocity
2327,2327,4,2014,Transit
2328,2328,4,2014,Transit
2329,2329,17,2008,Transit
2330,2330,14,2022,Transit
2331,2331,85,2019,Transit Timing Variations
2332,2332,14,2024,Transit
2333,2333,66,2006,Imaging
2334,2334,4,2014,Transit
2335,2335,4,2014,Transit
2336,2336,86,2009,Eclipse Timing Variations
2337,2337,4,2012,Transit
2338,2338,4,2012,Transit
2339,2339,4,2014,Transit
2340,2340,17,2014,Transit
2341,2341,13,2014,Radial Velocity
2342,2342,13,2014,Radial Velocity
2343,2343,56,2013,Imaging
2344,2344,4,2013,Transit
2345,2345,4,2012,Transit
2346,2346,4,2012,Transit
2347,2347,4,2012,Transit
2348,2348,4,2012,Transit
2349,2349,4,2012,Transit
2350,2350,4,2012,Transit
2351,2351,9,2003,Radial Velocity
2352,2352,1,2014,Radial Velocity
2353,2353,4,2013,Transit
2354,2354,4,2013,Transit
2355,2355,4,2012,Transit
2356,2356,87,2013,Transit
2357,2357,4,2012,Transit
2358,2358,4,2012,Transit
2359,2359,9,2003,Radial Velocity
2360,2360,4,2014,Transit
2361,2361,4,2013,Transit
2362,2362,2,2011,Transit
2363,2363,29,2017,Transit
2364,2364,83,2014,Transit
2365,2365,11,2014,Radial Velocity
2366,2366,4,2014,Transit
2367,2367,4,2014,Transit
2368,2368,4,2014,Transit
2369,2369,4,2014,Transit
2370,2370,4,2013,Transit
2371,2371,4,2013,Transit
2372,2372,4,2014,Transit
2373,2373,4,2014,Transit
2374,2374,4,2014,Transit
2375,2375,4,2014,Transit
2376,2376,4,2014,Transit
2377,2377,4,2014,Transit
2378,2378,14,2024,Transit
2379,2379,4,2014,Transit
2380,2380,4,2014,Transit
2381,2381,4,2014,Transit
2382,2382,4,2014,Transit
2383,2383,13,2026,Radial Velocity
2384,2384,9,2026,Radial Velocity
2385,2385,4,2014,Transit
2386,2386,4,2014,Transit
2387,2387,4,2014,Transit
2388,2388,4,2014,Transit
2389,2389,4,2014,Transit
2390,2390,4,2014,Transit
2391,2391,4,2014,Transit
2392,2392,4,2014,Transit
2393,2393,4,2014,Transit
2394,2394,14,2024,Transit
2395,2395,4,2014,Transit
2396,2396,4,2014,Transit
2397,2397,4,2014,Transit
2398,2398,4,2014,Transit
2399,2399,4,2014,Transit
2400,2400,4,2014,Transit
2401,2401,4,2014,Transit
2402,2402,4,2014,Transit
2403,2403,4,2014,Transit
2404,2404,4,2014,Transit
2405,2405,4,2014,Transit
2406,2406,4,2014,Transit
2407,2407,4,2014,Transit
2408,2408,4,2014,Transit
2409,2409,4,2014,Transit
2410,2410,4,2014,Transit
2411,2411,4,2014,Transit
2412,2412,4,2014,Transit
2413,2413,4,2014,Transit
2414,2414,4,2014,Transit
2415,2415,4,2014,Transit
2416,2416,4,2014,Transit
2417,2417,4,2014,Transit
2418,2418,4,2014,Transit
2419,2419,4,2014,Transit
2420,2420,4,2014,Transit
2421,2421,4,2014,Transit
2422,2422,4,2014,Transit
2423,2423,4,2014,Transit
2424,2424,4,2014,Transit
2425,2425,4,2014,Transit
2426,2426,4,2014,Transit
2427,2427,4,2014,Transit
2428,2428,14,2026,Transit
2429,2429,4,2014,Transit
2430,2430,20,2013,Radial Velocity
2431,2431,20,2013,Radial Velocity
2432,2432,4,2014,Transit
2433,2433,4,2014,Transit
2434,2434,4,2014,Transit
2435,2435,4,2014,Transit
2436,2436,1,2005,Radial Velocity
2437,2437,88,2013,Imaging
2438,2438,4,2014,Transit
2439,2439,4,2014,Transit
2440,2440,4,2014,Transit
2441,2441,4,2014,Transit
2442,2442,4,2014,Transit
2443,2443,4,2014,Transit
2444,2444,4,2014,Transit
2445,2445,4,2014,Transit
2446,2446,4,2014,Transit
2447,2447,4,2014,Transit
2448,2448,4,2014,Transit
2449,2449,4,2014,Transit
2450,2450,4,2013,Transit
2451,2451,4,2013,Transit
2452,2452,4,2014,Transit
2453,2453,4,2014,Transit
2454,2454,4,2014,Transit
2455,2455,4,2014,Transit
2456,2456,14,2024,Transit
2457,2457,13,2022,Transit Timing Variations
2458,2458,4,2014,Transit
2459,2459,4,2014,Transit
2460,2460,4,2014,Transit
2461,2461,4,2014,Transit
2462,2462,4,2014,Transit
2463,2463,4,2014,Transit
2464,2464,4,2013,Transit
2465,2465,4,2013,Transit
2466,2466,4,2014,Transit
2467,2467,4,2014,Transit
2468,2468,4,2014,Transit
2469,2469,4,2014,Transit
2470,2470,4,2014,Transit
2471,2471,4,2014,Transit
2472,2472,4,2014,Transit
2473,2473,4,2014,Transit
2474,2474,4,2014,Transit
2475,2475,4,2014,Transit
2476,2476,4,2014,Transit
2477,2477,4,2014,Transit
2478,2478,4,2014,Transit
2479,2479,4,2014,Transit
2480,2480,4,2014,Transit
2481,2481,4,2014,Transit
2482,2482,4,2014,Transit
2483,2483,4,2014,Transit
2484,2484,4,2014,Transit
2485,2485,4,2014,Transit
2486,2486,4,2014,Transit
2487,2487,4,2014,Transit
2488,2488,4,2014,Transit
2489,2489,4,2014,Transit
2490,2490,4,2014,Transit
2491,2491,4,2014,Transit
2492,2492,4,2014,Transit
2493,2493,4,2014,Transit
2494,2494,4,2014,Transit
2495,2495,4,2014,Transit
2496,2496,4,2014,Transit
2497,2497,4,2014,Transit
2498,2498,4,2014,Transit
2499,2499,4,2014,Transit
2500,2500,4,2014,Transit
2501,2501,4,2014,Transit
2502,2502,4,2014,Transit
2503,2503,4,2014,Transit
2504,2504,4,2014,Transit
2505,2505,4,2014,Transit
2506,2506,4,2014,Transit
2507,2507,4,2014,Transit
2508,2508,4,2014,Transit
2509,2509,4,2014,Transit
2510,2510,4,2014,Transit
2511,2511,4,2014,Transit
2512,2512,4,2014,Transit
2513,2513,4,2014,Transit
2514,2514,4,2014,Transit
2515,2515,4,2014,Transit
2516,2516,4,2014,Transit
2517,2517,4,2014,Transit
2518,2518,4,2014,Transit
2519,2519,4,2014,Transit
2520,2520,4,2014,Transit
2521,2521,4,2014,Transit
2522,2522,4,2014,Transit
2523,2523,4,2014,Transit
2524,2524,4,2014,Transit
2525,2525,4,2014,Transit
2526,2526,4,2014,Transit
2527,2527,4,2014,Transit
2528,2528,4,2014,Transit
2529,2529,4,2014,Transit
2530,2530,4,2014,Transit
2531,2531,4,2014,Transit
2532,2532,4,2014,Transit
2533,2533,4,2014,Transit
2534,2534,14,2026,Transit
2535,2535,4,2014,Transit
2536,2536,4,2014,Transit
2537,2537,4,2014,Transit
2538,2538,4,2014,Transit
2539,2539,3,2016,Transit
2540,2540,4,2014,Transit
2541,2541,4,2014,Transit
2542,2542,4,2014,Transit
2543,2543,4,2014,Transit
2544,2544,4,2014,Transit
2545,2545,4,2014,Transit
2546,2546,4,2014,Transit
2547,2547,4,2014,Transit
2548,2548,4,2014,Transit
2549,2549,4,2014,Transit
2550,2550,4,2014,Transit
2551,2551,4,2014,Transit
2552,2552,4,2014,Transit
2553,2553,4,2014,Transit
2554,2554,4,2014,Transit
2555,2555,4,2014,Transit
2556,2556,4,2014,Transit
2557,2557,4,2014,Transit
2558,2558,4,2014,Transit
2559,2559,4,2014,Transit
2560,2560,4,2014,Transit
2561,2561,4,2014,Transit
2562,2562,4,2014,Transit
2563,2563,4,2014,Transit
2564,2564,4,2013,Transit
2565,2565,14,2023,Transit
2566,2566,4,2023,Transit
2567,2567,14,2024,Transit
2568,2568,4,2012,Transit Timing Variations
2569,2569,4,2014,Transit
2570,2570,4,2014,Transit
2571,2571,4,2014,Transit
2572,2572,4,2014,Transit
2573,2573,4,2014,Transit
2574,2574,4,2014,Transit
2575,2575,4,2014,Transit
2576,2576,4,2014,Transit
2577,2577,4,2014,Transit
2578,2578,4,2014,Transit
2579,2579,4,2014,Transit
2580,2580,4,2014,Transit
2581,2581,4,2014,Transit
2582,2582,4,2014,Transit
2583,2583,4,2014,Transit
2584,2584,4,2014,Transit
2585,2585,4,2014,Transit
2586,2586,4,2014,Transit
2587,2587,4,2014,Transit
2588,2588,4,2014,Transit
2589,2589,4,2014,Transit
2590,2590,4,2014,Transit
2591,2591,4,2014,Transit
2592,2592,4,2014,Transit
2593,2593,4,2014,Transit
2594,2594,4,2014,Transit
2595,2595,4,2014,Transit
2596,2596,4,2014,Transit
2597,2597,4,2014,Transit
2598,2598,4,2014,Transit
2599,2599,4,2014,Transit
2600,2600,4,2014,Transit
2601,2601,4,2014,Transit
2602,2602,4,2014,Transit
2603,2603,4,2014,Transit
2604,2604,4,2014,Transit
2605,2605,4,2014,Transit
2606,2606,4,2014,Transit
2607,2607,4,2014,Transit
2608,2608,4,2014,Transit
2609,2609,4,2014,Transit
2610,2610,4,2014,Transit
2611,2611,4,2014,Transit
2612,2612,4,2014,Transit
2613,2613,4,2014,Transit
2614,2614,4,2014,Transit
2615,2615,4,2014,Transit
2616,2616,4,2014,Transit
2617,2617,4,2014,Transit
2618,2618,4,2014,Transit
2619,2619,4,2014,Transit
2620,2620,4,2014,Transit
2621,2621,4,2014,Transit
2622,2622,4,2014,Transit
2623,2623,4,2014,Transit
2624,2624,4,2014,Transit
2625,2625,4,2014,Transit
2626,2626,4,2014,Transit
2627,2627,4,2014,Transit
2628,2628,4,2014,Transit
2629,2629,4,2014,Transit
2630,2630,4,2014,Transit
2631,2631,4,2014,Transit
2632,2632,4,2014,Transit
2633,2633,4,2014,Transit
2634,2634,4,2014,Transit
2635,2635,4,2014,Transit
2636,2636,4,2014,Transit
2637,2637,4,2014,Transit
2638,2638,4,2014,Transit
2639,2639,4,2014,Transit
2640,2640,4,2014,Transit
2641,2641,4,2014,Transit
2642,2642,4,2014,Transit
2643,2643,4,2014,Transit
2644,2644,4,2014,Transit
2645,2645,4,2014,Transit
2646,2646,4,2014,Transit
2647,2647,4,2014,Transit
2648,2648,4,2014,Transit
2649,2649,4,2014,Transit
2650,2650,4,2014,Transit
2651,2651,4,2014,Transit
2652,2652,4,2014,Transit
2653,2653,4,2014,Transit
2654,2654,4,2014,Transit
2655,2655,4,2014,Transit
2656,2656,4,2014,Transit
2657,2657,4,2014,Transit
2658,2658,4,2014,Transit
2659,2659,4,2014,Transit
2660,2660,4,2014,Transit
2661,2661,4,2014,Transit
2662,2662,4,2014,Transit
2663,2663,4,2012,Transit
2664,2664,4,2014,Transit
2665,2665,4,2014,Transit
2666,2666,4,2014,Transit
2667,2667,4,2014,Transit
2668,2668,4,2014,Transit
2669,2669,4,2014,Transit
2670,2670,4,2014,Transit
2671,2671,4,2014,Transit
2672,2672,4,2014,Transit
2673,2673,4,2014,Transit
2674,2674,4,2014,Transit
2675,2675,4,2014,Transit
2676,2676,4,2014,Transit
2677,2677,4,2014,Transit
2678,2678,4,2014,Transit
2679,2679,4,2014,Transit
2680,2680,4,2014,Transit
2681,2681,14,2026,Transit
2682,2682,4,2014,Transit
2683,2683,4,2014,Transit
2684,2684,4,2014,Transit
2685,2685,4,2014,Transit
2686,2686,4,2014,Transit
2687,2687,4,2014,Transit
2688,2688,4,2014,Transit
2689,2689,4,2014,Transit
2690,2690,4,2014,Transit
2691,2691,4,2014,Transit
2692,2692,4,2014,Transit
2693,2693,4,2015,Transit
2694,2694,4,2014,Transit
2695,2695,4,2014,Transit
2696,2696,4,2014,Transit
2697,2697,4,2014,Transit
2698,2698,17,2014,Transit
2699,2699,4,2015,Transit
2700,2700,4,2014,Transit
2701,2701,4,2014,Transit
2702,2702,4,2014,Transit
2703,2703,4,2014,Transit
2704,2704,4,2015,Transit
2705,2705,4,2014,Transit
2706,2706,4,2014,Transit
2707,2707,4,2014,Transit
2708,2708,4,2014,Orbital Brightness Modulation
2709,2709,4,2014,Orbital Brightness Modulation
2710,2710,7,2010,Radial Velocity
2711,2711,7,2014,Radial Velocity
2712,2712,4,2014,Transit
2713,2713,4,2014,Transit
2714,2714,4,2014,Transit
2715,2715,38,2014,Radial Velocity
2716,2716,4,2014,Transit
2717,2717,4,2015,Transit
2718,2718,4,2015,Transit
2719,2719,4,2014,Transit
2720,2720,4,2014,Transit
2721,2721,4,2014,Transit
2722,2722,4,2014,Transit
2723,2723,4,2014,Transit
2724,2724,4,2014,Transit
2725,2725,4,2014,Transit
2726,2726,7,2014,Radial Velocity
2727,2727,4,2015,Transit
2728,2728,4,2014,Transit
2729,2729,4,2014,Transit
2730,2730,11,2014,Radial Velocity
2731,2731,11,2014,Radial Velocity
2732,2732,4,2014,Transit
2733,2733,4,2014,Transit
2734,2734,4,2014,Transit
2735,2735,11,2014,Radial Velocity
2736,2736,4,2014,Transit
2737,2737,13,2014,Radial Velocity
2738,2738,13,2014,Radial Velocity
2739,2739,4,2015,Transit
2740,2740,4,2015,Transit
2741,2741,4,2014,Transit
2742,2742,4,2014,Transit
2743,2743,8,2005,Microlensing
2744,2744,8,2014,Microlensing
2745,2745,4,2014,Transit
2746,2746,4,2014,Transit
2747,2747,4,2014,Transit
2748,2748,4,2014,Transit
2749,2749,4,2014,Transit
2750,2750,29,2011,Transit
2751,2751,4,2014,Transit
2752,2752,4,2014,Transit
2753,2753,4,2014,Transit
2754,2754,4,2014,Transit
2755,2755,4,2014,Transit
2756,2756,4,2014,Transit
2757,2757,4,2014,Transit
2758,2758,4,2015,Transit
2759,2759,4,2014,Transit
2760,2760,4,2014,Transit
2761,2761,4,2014,Transit
2762,2762,4,2014,Transit
2763,2763,4,2014,Transit
2764,2764,4,2014,Transit
2765,2765,4,2014,Transit
2766,2766,4,2014,Transit
2767,2767,7,2010,Radial Velocity
2768,2768,4,2012,Transit
2769,2769,4,2014,Transit
2770,2770,4,2014,Transit
2771,2771,4,2014,Transit
2772,2772,4,2012,Transit
2773,2773,7,2010,Radial Velocity
2774,2774,7,2010,Radial Velocity
2775,2775,4,2014,Transit
2776,2776,4,2014,Transit
2777,2777,4,2014,Transit
2778,2778,4,2014,Transit
2779,2779,26,2013,Microlensing
2780,2780,17,2014,Transit
2781,2781,7,2010,Radial Velocity
2782,2782,4,2015,Transit
2783,2783,4,2014,Transit
2784,2784,4,2014,Transit
2785,2785,4,2014,Transit
2786,2786,8,2014,Microlensing
2787,2787,17,2014,Transit
2788,2788,4,2014,Transit
2789,2789,4,2014,Transit
2790,2790,4,2014,Transit
2791,2791,4,2014,Transit
2792,2792,4,2014,Transit
2793,2793,20,2016,Radial Velocity
2794,2794,4,2016,Transit
2795,2795,13,2015,Radial Velocity
2796,2796,4,2009,Transit
2797,2797,20,2016,Radial Velocity
2798,2798,20,2016,Radial Velocity
2799,2799,4,2016,Transit
2800,2800,17,2015,Transit
2801,2801,21,1996,Radial Velocity
2802,2802,4,2014,Transit
2803,2803,13,2014,Radial Velocity
2804,2804,13,2014,Radial Velocity
2805,2805,4,2016,Transit
2806,2806,4,2016,Transit
2807,2807,2,2015,Transit
2808,2808,6,2011,Transit
2809,2809,4,2011,Transit
2810,2810,5,2012,Transit
2811,2811,4,2016,Transit
2812,2812,4,2016,Transit
2813,2813,19,2014,Imaging
2814,2814,89,2015,Radial Velocity
2815,2815,4,2013,Orbital Brightness Modulation
2816,2816,8,2004,Microlensing
2817,2817,4,2016,Transit
2818,2818,4,2015,Transit
2819,2819,4,2009,Transit
2820,2820,4,2009,Transit
2821,2821,13,2016,Radial Velocity
2822,2822,3,2016,Transit
2823,2823,4,2016,Transit
2824,2824,4,2016,Transit
2825,2825,4,2016,Transit
2826,2826,90,2015,Imaging
2827,2827,11,2015,Radial Velocity
2828,2828,9,2015,Radial Velocity
2829,2829,54,2015,Transit
2830,2830,91,2016,Radial Velocity
2831,2831,27,2016,Transit
2832,2832,4,2016,Transit
2833,2833,4,2016,Transit
2834,2834,4,2015,Transit
2835,2835,91,2016,Radial Velocity
2836,2836,5,2016,Transit
2837,2837,4,2016,Transit
2838,2838,4,2016,Transit
2839,2839,4,2015,Transit
2840,2840,4,2015,Transit
2841,2841,7,2015,Radial Velocity
2842,2842,7,2015,Radial Velocity
2843,2843,5,2016,Transit
2844,2844,11,2005,Radial Velocity
2845,2845,13,2015,Radial Velocity
2846,2846,4,2015,Transit
2847,2847,8,2006,Microlensing
2848,2848,5,2011,Transit
2849,2849,7,2008,Radial Velocity
2850,2850,7,2008,Radial Velocity
2851,2851,8,2014,Microlensing
2852,2852,4,2011,Transit
2853,2853,13,2015,Radial Velocity
2854,2854,27,2015,Transit
2855,2855,92,2015,Imaging
2856,2856,92,2015,Imaging
2857,2857,29,2010,Transit
2858,2858,2,2016,Transit
2859,2859,4,2013,Transit
2860,2860,4,2015,Transit
2861,2861,5,2015,Transit
2862,2862,4,2015,Transit
2863,2863,4,2015,Transit
2864,2864,8,2016,Microlensing
2865,2865,13,2016,Radial Velocity
2866,2866,4,2015,Transit
2867,2867,3,2015,Transit
2868,2868,13,2016,Radial Velocity
2869,2869,8,2016,Microlensing
2870,2870,4,2015,Transit
2871,2871,3,2015,Transit
2872,2872,3,2015,Transit
2873,2873,3,2015,Transit
2874,2874,3,2015,Transit
2875,2875,5,2011,Transit
2876,2876,4,2011,Transit
2877,2877,27,2015,Transit
2878,2878,27,2015,Transit
2879,2879,5,2016,Transit
2880,2880,28,2016,Radial Velocity
2881,2881,4,2011,Transit
2882,2882,4,2015,Transit
2883,2883,8,2015,Microlensing
2884,2884,9,1999,Radial Velocity
2885,2885,8,2015,Microlensing
2886,2886,4,2014,Transit
2887,2887,28,2016,Radial Velocity
2888,2888,28,2016,Radial Velocity
2889,2889,4,2012,Transit
2890,2890,13,2015,Radial Velocity
2891,2891,13,2015,Radial Velocity
2892,2892,4,2014,Transit
2893,2893,4,2016,Transit
2894,2894,4,2016,Transit
2895,2895,4,2016,Transit
2896,2896,4,2016,Transit
2897,2897,4,2016,Transit
2898,2898,4,2016,Transit
2899,2899,4,2016,Transit
2900,2900,4,2016,Transit
2901,2901,4,2016,Transit
2902,2902,4,2016,Transit
2903,2903,4,2016,Transit
2904,2904,4,2016,Transit
2905,2905,4,2016,Transit
2906,2906,4,2016,Transit
2907,2907,4,2016,Transit
2908,2908,4,2016,Transit
2909,2909,4,2016,Transit
2910,2910,4,2016,Transit
2911,2911,4,2016,Transit
2912,2912,4,2016,Transit
2913,2913,4,2016,Transit
2914,2914,4,2016,Transit
2915,2915,4,2016,Transit
2916,2916,4,2016,Transit
2917,2917,4,2016,Transit
2918,2918,4,2016,Transit
2919,2919,4,2016,Transit
2920,2920,4,2016,Transit
2921,2921,4,2016,Transit
2922,2922,4,2016,Transit
2923,2923,4,2016,Transit
2924,2924,4,2016,Transit
2925,2925,4,2016,Transit
2926,2926,4,2016,Transit
2927,2927,4,2016,Transit
2928,2928,4,2016,Transit
2929,2929,4,2016,Transit
2930,2930,4,2016,Transit
2931,2931,4,2016,Transit
2932,2932,4,2016,Transit
2933,2933,4,2016,Transit
2934,2934,4,2016,Transit
2935,2935,4,2016,Transit
2936,2936,4,2016,Transit
2937,2937,4,2016,Transit
2938,2938,4,2016,Transit
2939,2939,4,2016,Transit
2940,2940,4,2016,Transit
2941,2941,4,2016,Transit
2942,2942,4,2016,Transit
2943,2943,4,2016,Transit
2944,2944,4,2016,Transit
2945,2945,4,2016,Transit
2946,2946,4,2016,Transit
2947,2947,4,2016,Transit
2948,2948,4,2016,Transit
2949,2949,4,2016,Transit
2950,2950,4,2016,Transit
2951,2951,4,2016,Transit
2952,2952,4,2016,Transit
2953,2953,4,2016,Transit
2954,2954,4,2016,Transit
2955,2955,4,2016,Transit
2956,2956,4,2016,Transit
2957,2957,4,2016,Transit
2958,2958,4,2016,Transit
2959,2959,4,2016,Transit
2960,2960,4,2016,Transit
2961,2961,4,2016,Transit
2962,2962,4,2016,Transit
2963,2963,4,2016,Transit
2964,2964,4,2016,Transit
2965,2965,4,2016,Transit
2966,2966,4,2016,Transit
2967,2967,4,2016,Transit
2968,2968,4,2016,Transit
2969,2969,4,2016,Transit
2970,2970,4,2016,Transit
2971,2971,4,2016,Transit
2972,2972,4,2016,Transit
2973,2973,4,2016,Transit
2974,2974,4,2016,Transit
2975,2975,4,2016,Transit
2976,2976,4,2016,Transit
2977,2977,4,2016,Transit
2978,2978,4,2016,Transit
2979,2979,4,2016,Transit
2980,2980,4,2016,Transit
2981,2981,4,2016,Transit
2982,2982,4,2016,Transit
2983,2983,4,2016,Transit
2984,2984,4,2016,Transit
2985,2985,4,2016,Transit
2986,2986,4,2016,Transit
2987,2987,4,2016,Transit
2988,2988,4,2016,Transit
2989,2989,4,2016,Transit
2990,2990,4,2016,Transit
2991,2991,4,2016,Transit
2992,2992,4,2016,Transit
2993,2993,4,2016,Transit
2994,2994,4,2016,Transit
2995,2995,4,2016,Transit
2996,2996,4,2016,Transit
2997,2997,4,2016,Transit
2998,2998,4,2016,Transit
2999,2999,4,2016,Transit
3000,3000,4,2016,Transit
3001,3001,4,2016,Transit
3002,3002,4,2016,Transit
3003,3003,4,2016,Transit
3004,3004,4,2016,Transit
3005,3005,4,2016,Transit
3006,3006,4,2016,Transit
3007,3007,4,2016,Transit
3008,3008,4,2016,Transit
3009,3009,4,2016,Transit
3010,3010,4,2016,Transit
3011,3011,4,2016,Transit
3012,3012,4,2016,Transit
3013,3013,4,2016,Transit
3014,3014,4,2016,Transit
3015,3015,4,2016,Transit
3016,3016,4,2016,Transit
3017,3017,4,2016,Transit
3018,3018,4,2016,Transit
3019,3019,4,2016,Transit
3020,3020,4,2016,Transit
3021,3021,4,2016,Transit
3022,3022,4,2016,Transit
3023,3023,4,2016,Transit
3024,3024,4,2016,Transit
3025,3025,4,2016,Transit
3026,3026,4,2016,Transit
3027,3027,4,2016,Transit
3028,3028,4,2016,Transit
3029,3029,4,2016,Transit
3030,3030,4,2016,Transit
3031,3031,4,2016,Transit
3032,3032,4,2016,Transit
3033,3033,4,2016,Transit
3034,3034,4,2016,Transit
3035,3035,4,2016,Transit
3036,3036,4,2016,Transit
3037,3037,4,2016,Transit
3038,3038,4,2016,Transit
3039,3039,4,2016,Transit
3040,3040,4,2016,Transit
3041,3041,4,2016,Transit
3042,3042,4,2016,Transit
3043,3043,4,2016,Transit
3044,3044,4,2016,Transit
3045,3045,4,2016,Transit
3046,3046,4,2016,Transit
3047,3047,4,2016,Transit
3048,3048,4,2016,Transit
3049,3049,4,2016,Transit
3050,3050,4,2016,Transit
3051,3051,4,2016,Transit
3052,3052,4,2016,Transit
3053,3053,4,2016,Transit
3054,3054,4,2016,Transit
3055,3055,4,2016,Transit
3056,3056,4,2016,Transit
3057,3057,4,2016,Transit
3058,3058,4,2016,Transit
3059,3059,4,2016,Transit
3060,3060,4,2016,Transit
3061,3061,4,2016,Transit
3062,3062,4,2016,Transit
3063,3063,4,2016,Transit
3064,3064,4,2016,Transit
3065,3065,4,2016,Transit
3066,3066,4,2016,Transit
3067,3067,4,2016,Transit
3068,3068,4,2016,Transit
3069,3069,4,2016,Transit
3070,3070,4,2016,Transit
3071,3071,4,2016,Transit
3072,3072,4,2016,Transit
3073,3073,4,2016,Transit
3074,3074,4,2016,Transit
3075,3075,4,2016,Transit
3076,3076,4,2016,Transit
3077,3077,4,2016,Transit
3078,3078,4,2016,Transit
3079,3079,4,2016,Transit
3080,3080,14,2026,Transit
3081,3081,4,2016,Transit
3082,3082,4,2016,Transit
3083,3083,4,2016,Transit
3084,3084,4,2016,Transit
3085,3085,4,2016,Transit
3086,3086,4,2016,Transit
3087,3087,4,2016,Transit
3088,3088,4,2016,Transit
3089,3089,4,2016,Transit
3090,3090,52,2026,Radial Velocity
3091,3091,4,2016,Transit
3092,3092,4,2016,Transit
3093,3093,4,2016,Transit
3094,3094,4,2016,Transit
3095,3095,4,2016,Transit
3096,3096,4,2016,Transit
3097,3097,4,2016,Transit
3098,3098,4,2016,Transit
3099,3099,4,2016,Transit
3100,3100,4,2016,Transit
3101,3101,4,2016,Transit
3102,3102,4,2016,Transit
3103,3103,4,2016,Transit
3104,3104,4,2016,Transit
3105,3105,4,2016,Transit
3106,3106,4,2016,Transit
3107,3107,4,2016,Transit
3108,3108,4,2016,Transit
3109,3109,4,2016,Transit
3110,3110,4,2016,Transit
3111,3111,4,2016,Transit
3112,3112,4,2016,Transit
3113,3113,4,2016,Transit
3114,3114,4,2016,Transit
3115,3115,4,2016,Transit
3116,3116,4,2016,Transit
3117,3117,4,2016,Transit
3118,3118,4,2016,Transit
3119,3119,4,2016,Transit
3120,3120,4,2016,Transit
3121,3121,4,2016,Transit
3122,3122,4,2016,Transit
3123,3123,4,2016,Transit
3124,3124,4,2016,Transit
3125,3125,4,2016,Transit
3126,3126,4,2016,Transit
3127,3127,4,2016,Transit
3128,3128,4,2016,Transit
3129,3129,4,2016,Transit
3130,3130,4,2016,Transit
3131,3131,4,2016,Transit
3132,3132,4,2016,Transit
3133,3133,4,2016,Transit
3134,3134,4,2016,Transit
3135,3135,4,2016,Transit
3136,3136,4,2016,Transit
3137,3137,4,2016,Transit
3138,3138,4,2016,Transit
3139,3139,4,2016,Transit
3140,3140,4,2016,Transit
3141,3141,4,2016,Transit
3142,3142,4,2016,Transit
3143,3143,4,2016,Transit
3144,3144,4,2016,Transit
3145,3145,4,2016,Transit
3146,3146,4,2016,Transit
3147,3147,4,2016,Transit
3148,3148,4,2016,Transit
3149,3149,4,2016,Transit
3150,3150,4,2016,Transit
3151,3151,4,2016,Transit
3152,3152,4,2016,Transit
3153,3153,4,2016,Transit
3154,3154,4,2016,Transit
3155,3155,4,2016,Transit
3156,3156,4,2016,Transit
3157,3157,4,2016,Transit
3158,3158,4,2016,Transit
3159,3159,4,2016,Transit
3160,3160,4,2016,Transit
3161,3161,4,2016,Transit
3162,3162,4,2016,Transit
3163,3163,4,2016,Transit
3164,3164,4,2016,Transit
3165,3165,4,2016,Transit
3166,3166,4,2016,Transit
3167,3167,4,2016,Transit
3168,3168,4,2016,Transit
3169,3169,4,2016,Transit
3170,3170,4,2016,Transit
3171,3171,4,2016,Transit
3172,3172,4,2016,Transit
3173,3173,4,2016,Transit
3174,3174,4,2016,Transit
3175,3175,4,2016,Transit
3176,3176,4,2016,Transit
3177,3177,4,2016,Transit
3178,3178,4,2016,Transit
3179,3179,4,2016,Transit
3180,3180,4,2016,Transit
3181,3181,4,2016,Transit
3182,3182,4,2016,Transit
3183,3183,4,2016,Transit
3184,3184,4,2016,Transit
3185,3185,4,2016,Transit
3186,3186,4,2016,Transit
3187,3187,4,2016,Transit
3188,3188,4,2016,Transit
3189,3189,4,2016,Transit
3190,3190,4,2016,Transit
3191,3191,4,2016,Transit
3192,3192,4,2016,Transit
3193,3193,4,2016,Transit
3194,3194,4,2016,Transit
3195,3195,4,2016,Transit
3196,3196,4,2016,Transit
3197,3197,4,2016,Transit
3198,3198,4,2016,Transit
3199,3199,4,2016,Transit
3200,3200,4,2016,Transit
3201,3201,4,2016,Transit
3202,3202,4,2016,Transit
3203,3203,4,2016,Transit
3204,3204,4,2016,Transit
3205,3205,4,2016,Transit
3206,3206,4,2016,Transit
3207,3207,4,2016,Transit
3208,3208,4,2016,Transit
3209,3209,4,2016,Transit
3210,3210,4,2016,Transit
3211,3211,4,2016,Transit
3212,3212,4,2016,Transit
3213,3213,4,2016,Transit
3214,3214,4,2016,Transit
3215,3215,4,2016,Transit
3216,3216,4,2016,Transit
3217,3217,4,2016,Transit
3218,3218,4,2016,Transit
3219,3219,4,2016,Transit
3220,3220,4,2016,Transit
3221,3221,4,2016,Transit
3222,3222,4,2016,Transit
3223,3223,4,2016,Transit
3224,3224,4,2016,Transit
3225,3225,4,2016,Transit
3226,3226,4,2016,Transit
3227,3227,4,2016,Transit
3228,3228,4,2016,Transit
3229,3229,4,2016,Transit
3230,3230,4,2016,Transit
3231,3231,4,2016,Transit
3232,3232,4,2016,Transit
3233,3233,4,2016,Transit
3234,3234,4,2016,Transit
3235,3235,4,2016,Transit
3236,3236,4,2016,Transit
3237,3237,4,2016,Transit
3238,3238,4,2016,Transit
3239,3239,4,2016,Transit
3240,3240,4,2016,Transit
3241,3241,4,2016,Transit
3242,3242,4,2016,Transit
3243,3243,4,2016,Transit
3244,3244,4,2016,Transit
3245,3245,4,2016,Transit
3246,3246,4,2016,Transit
3247,3247,4,2016,Transit
3248,3248,4,2016,Transit
3249,3249,4,2016,Transit
3250,3250,4,2016,Transit
3251,3251,4,2016,Transit
3252,3252,4,2016,Transit
3253,3253,4,2016,Transit
3254,3254,4,2016,Transit
3255,3255,4,2016,Transit
3256,3256,4,2016,Transit
3257,3257,4,2016,Transit
3258,3258,4,2016,Transit
3259,3259,4,2016,Transit
3260,3260,4,2016,Transit
3261,3261,4,2016,Transit
3262,3262,4,2016,Transit
3263,3263,4,2016,Transit
3264,3264,4,2016,Transit
3265,3265,4,2016,Transit
3266,3266,4,2016,Transit
3267,3267,4,2016,Transit
3268,3268,4,2016,Transit
3269,3269,4,2016,Transit
3270,3270,4,2016,Transit
3271,3271,4,2016,Transit
3272,3272,4,2016,Transit
3273,3273,4,2016,Transit
3274,3274,4,2016,Transit
3275,3275,4,2016,Transit
3276,3276,4,2016,Transit
3277,3277,4,2016,Transit
3278,3278,4,2016,Transit
3279,3279,4,2016,Transit
3280,3280,4,2016,Transit
3281,3281,4,2016,Transit
3282,3282,4,2016,Transit
3283,3283,4,2016,Transit
3284,3284,4,2016,Transit
3285,3285,4,2016,Transit
3286,3286,4,2016,Transit
3287,3287,4,2016,Transit
3288,3288,4,2016,Transit
3289,3289,4,2016,Transit
3290,3290,4,2016,Transit
3291,3291,4,2016,Transit
3292,3292,4,2016,Transit
3293,3293,4,2016,Transit
3294,3294,4,2016,Transit
3295,3295,4,2016,Transit
3296,3296,4,2016,Transit
3297,3297,4,2016,Transit
3298,3298,4,2016,Transit
3299,3299,4,2016,Transit
3300,3300,4,2016,Transit
3301,3301,4,2016,Transit
3302,3302,4,2016,Transit
3303,3303,4,2016,Transit
3304,3304,4,2016,Transit
3305,3305,4,2016,Transit
3306,3306,4,2016,Transit
3307,3307,4,2016,Transit
3308,3308,4,2016,Transit
3309,3309,4,2016,Transit
3310,3310,4,2016,Transit
3311,3311,4,2016,Transit
3312,3312,4,2016,Transit
3313,3313,4,2016,Transit
3314,3314,4,2016,Transit
3315,3315,4,2016,Transit
3316,3316,4,2016,Transit
3317,3317,4,2016,Transit
3318,3318,4,2016,Transit
3319,3319,4,2016,Transit
3320,3320,4,2016,Transit
3321,3321,4,2016,Transit
3322,3322,4,2016,Transit
3323,3323,4,2016,Transit
3324,3324,4,2016,Transit
3325,3325,4,2016,Transit
3326,3326,4,2016,Transit
3327,3327,4,2016,Transit
3328,3328,4,2016,Transit
3329,3329,4,2016,Transit
3330,3330,4,2016,Transit
3331,3331,4,2016,Transit
3332,3332,4,2016,Transit
3333,3333,4,2016,Transit
3334,3334,4,2016,Transit
3335,3335,4,2016,Transit
3336,3336,4,2016,Transit
3337,3337,4,2016,Transit
3338,3338,4,2016,Transit
3339,3339,4,2016,Transit
3340,3340,4,2016,Transit
3341,3341,4,2016,Transit
3342,3342,4,2016,Transit
3343,3343,4,2016,Transit
3344,3344,4,2016,Transit
3345,3345,4,2016,Transit
3346,3346,4,2016,Transit
3347,3347,4,2016,Transit
3348,3348,4,2016,Transit
3349,3349,4,2016,Transit
3350,3350,4,2016,Transit
3351,3351,4,2016,Transit
3352,3352,4,2016,Transit
3353,3353,4,2016,Transit
3354,3354,4,2016,Transit
3355,3355,4,2016,Transit
3356,3356,4,2016,Transit
3357,3357,4,2016,Transit
3358,3358,4,2016,Transit
3359,3359,4,2016,Transit
3360,3360,4,2016,Transit
3361,3361,4,2016,Transit
3362,3362,4,2016,Transit
3363,3363,4,2016,Transit
3364,3364,4,2016,Transit
3365,3365,4,2016,Transit
3366,3366,4,2016,Transit
3367,3367,4,2016,Transit
3368,3368,4,2016,Transit
3369,3369,4,2016,Transit
3370,3370,4,2016,Transit
3371,3371,4,2016,Transit
3372,3372,4,2016,Transit
3373,3373,4,2016,Transit
3374,3374,4,2016,Transit
3375,3375,4,2016,Transit
3376,3376,4,2016,Transit
3377,3377,4,2016,Transit
3378,3378,4,2016,Transit
3379,3379,4,2016,Transit
3380,3380,4,2016,Transit
3381,3381,4,2016,Transit
3382,3382,4,2016,Transit
3383,3383,4,2016,Transit
3384,3384,4,2016,Transit
3385,3385,4,2016,Transit
3386,3386,4,2016,Transit
3387,3387,4,2016,Transit
3388,3388,4,2016,Transit
3389,3389,4,2016,Transit
3390,3390,4,2016,Transit
3391,3391,4,2016,Transit
3392,3392,4,2016,Transit
3393,3393,4,2016,Transit
3394,3394,4,2016,Transit
3395,3395,4,2016,Transit
3396,3396,4,2016,Transit
3397,3397,4,2016,Transit
3398,3398,4,2016,Transit
3399,3399,4,2016,Transit
3400,3400,4,2016,Transit
3401,3401,4,2016,Transit
3402,3402,4,2016,Transit
3403,3403,4,2016,Transit
3404,3404,4,2016,Transit
3405,3405,4,2016,Transit
3406,3406,4,2016,Transit
3407,3407,4,2016,Transit
3408,3408,4,2016,Transit
3409,3409,4,2016,Transit
3410,3410,4,2016,Transit
3411,3411,4,2016,Transit
3412,3412,4,2016,Transit
3413,3413,4,2016,Transit
3414,3414,4,2016,Transit
3415,3415,4,2016,Transit
3416,3416,4,2016,Transit
3417,3417,4,2016,Transit
3418,3418,4,2016,Transit
3419,3419,4,2016,Transit
3420,3420,4,2016,Transit
3421,3421,4,2016,Transit
3422,3422,4,2016,Transit
3423,3423,4,2016,Transit
3424,3424,4,2016,Transit
3425,3425,4,2016,Transit
3426,3426,4,2016,Transit
3427,3427,4,2016,Transit
3428,3428,4,2016,Transit
3429,3429,4,2016,Transit
3430,3430,4,2016,Transit
3431,3431,4,2016,Transit
3432,3432,4,2016,Transit
3433,3433,4,2016,Transit
3434,3434,4,2016,Transit
3435,3435,4,2016,Transit
3436,3436,4,2016,Transit
3437,3437,4,2016,Transit
3438,3438,4,2016,Transit
3439,3439,4,2016,Transit
3440,3440,4,2016,Transit
3441,3441,4,2016,Transit
3442,3442,4,2016,Transit
3443,3443,4,2016,Transit
3444,3444,4,2016,Transit
3445,3445,4,2016,Transit
3446,3446,4,2016,Transit
3447,3447,4,2016,Transit
3448,3448,4,2016,Transit
3449,3449,4,2016,Transit
3450,3450,4,2016,Transit
3451,3451,4,2016,Transit
3452,3452,4,2016,Transit
3453,3453,4,2016,Transit
3454,3454,4,2016,Transit
3455,3455,4,2016,Transit
3456,3456,4,2016,Transit
3457,3457,4,2016,Transit
3458,3458,4,2016,Transit
3459,3459,4,2016,Transit
3460,3460,4,2016,Transit
3461,3461,4,2016,Transit
3462,3462,4,2016,Transit
3463,3463,4,2016,Transit
3464,3464,4,2016,Transit
3465,3465,4,2016,Transit
3466,3466,4,2016,Transit
3467,3467,4,2016,Transit
3468,3468,4,2016,Transit
3469,3469,4,2016,Transit
3470,3470,4,2016,Transit
3471,3471,4,2016,Transit
3472,3472,4,2016,Transit
3473,3473,4,2016,Transit
3474,3474,4,2016,Transit
3475,3475,4,2016,Transit
3476,3476,4,2016,Transit
3477,3477,4,2016,Transit
3478,3478,26,2015,Microlensing
3479,3479,27,2016,Transit
3480,3480,3,2016,Transit
3481,3481,3,2016,Transit
3482,3482,4,2016,Transit
3483,3483,4,2016,Transit
3484,3484,4,2016,Transit
3485,3485,4,2016,Transit
3486,3486,27,2016,Transit
3487,3487,27,2016,Transit
3488,3488,3,2016,Transit
3489,3489,3,2016,Transit
3490,3490,4,2016,Transit
3491,3491,4,2016,Transit
3492,3492,4,2016,Transit
3493,3493,3,2015,Transit
3494,3494,3,2015,Transit
3495,3495,4,2014,Transit
3496,3496,5,2014,Transit
3497,3497,4,2014,Transit
3498,3498,4,2016,Transit
3499,3499,4,2016,Transit
3500,3500,3,2015,Transit
3501,3501,3,2015,Transit
3502,3502,3,2016,Transit
3503,3503,4,2014,Transit
3504,3504,4,2016,Transit
3505,3505,4,2016,Transit
3506,3506,4,2016,Transit
3507,3507,4,2016,Transit
3508,3508,93,2016,Radial Velocity
3509,3509,4,2014,Transit
3510,3510,4,2016,Transit
3511,3511,4,2016,Transit
3512,3512,4,2016,Transit
3513,3513,8,2012,Microlensing
3514,3514,3,2016,Transit
3515,3515,4,2016,Transit
3516,3516,4,2016,Transit
3517,3517,4,2016,Transit
3518,3518,4,2016,Transit
3519,3519,4,2016,Transit
3520,3520,48,2016,Transit
3521,3521,48,2016,Transit
3522,3522,63,2016,Radial Velocity
3523,3523,4,2016,Transit
3524,3524,4,2016,Transit
3525,3525,3,2016,Transit
3526,3526,3,2016,Transit
3527,3527,4,2016,Transit
3528,3528,4,2016,Transit
3529,3529,4,2016,Transit
3530,3530,4,2016,Transit
3531,3531,3,2016,Transit
3532,3532,3,2016,Transit
3533,3533,4,2016,Transit
3534,3534,4,2016,Transit
3535,3535,4,2016,Transit
3536,3536,4,2016,Transit
3537,3537,3,2016,Transit
3538,3538,3,2016,Transit
3539,3539,4,2016,Transit
3540,3540,4,2016,Transit
3541,3541,4,2016,Transit
3542,3542,44,2016,Transit
3543,3543,4,2016,Transit
3544,3544,3,2016,Transit
3545,3545,3,2016,Transit
3546,3546,4,2016,Transit
3547,3547,4,2016,Transit
3548,3548,4,2016,Transit
3549,3549,4,2016,Transit
3550,3550,3,2016,Transit
3551,3551,3,2016,Transit
3552,3552,4,2016,Transit
3553,3553,4,2016,Transit
3554,3554,4,2016,Transit
3555,3555,24,2016,Transit
3556,3556,24,2016,Transit
3557,3557,3,2016,Transit
3558,3558,3,2016,Transit
3559,3559,4,2016,Transit
3560,3560,4,2016,Transit
3561,3561,26,2016,Microlensing
3562,3562,3,2016,Transit
3563,3563,3,2016,Transit
3564,3564,4,2016,Transit
3565,3565,27,2016,Transit
3566,3566,27,2016,Transit
3567,3567,3,2016,Transit
3568,3568,3,2016,Transit
3569,3569,4,2016,Transit
3570,3570,4,2016,Transit
3571,3571,4,2016,Transit
3572,3572,4,2016,Transit
3573,3573,27,2016,Transit
3574,3574,3,2016,Transit
3575,3575,3,2016,Transit
3576,3576,4,2016,Transit
3577,3577,4,2016,Transit
3578,3578,4,2016,Transit
3579,3579,4,2016,Transit
3580,3580,26,2017,Microlensing
3581,3581,4,2017,Transit
3582,3582,3,2018,Transit
3583,3583,3,2016,Transit
3584,3584,25,2017,Transit
3585,3585,3,2016,Transit
3586,3586,4,2017,Transit
3587,3587,13,2017,Radial Velocity
3588,3588,3,2016,Transit
3589,3589,3,2016,Transit
3590,3590,3,2016,Transit
3591,3591,25,2017,Transit
3592,3592,7,2017,Radial Velocity
3593,3593,26,2017,Microlensing
3594,3594,3,2018,Transit
3595,3595,3,2018,Transit
3596,3596,11,2010,Radial Velocity
3597,3597,94,2017,Radial Velocity
3598,3598,95,2017,Transit
3599,3599,28,2017,Radial Velocity
3600,3600,3,2018,Transit
3601,3601,3,2018,Transit
3602,3602,3,2017,Transit
3603,3603,5,2017,Transit
3604,3604,95,2017,Transit
3605,3605,28,2015,Radial Velocity
3606,3606,13,2017,Radial Velocity
3607,3607,7,2017,Radial Velocity
3608,3608,3,2018,Transit
3609,3609,8,2017,Microlensing
3610,3610,13,2017,Radial Velocity
3611,3611,28,2015,Radial Velocity
3612,3612,13,2015,Radial Velocity
3613,3613,8,2017,Microlensing
3614,3614,59,2017,Radial Velocity
3615,3615,3,2018,Transit
3616,3616,3,2018,Transit
3617,3617,13,2017,Radial Velocity
3618,3618,13,2017,Radial Velocity
3619,3619,13,2016,Radial Velocity
3620,3620,13,2017,Radial Velocity
3621,3621,4,2017,Transit
3622,3622,3,2018,Transit
3623,3623,3,2018,Transit
3624,3624,7,2015,Radial Velocity
3625,3625,7,2015,Radial Velocity
3626,3626,7,2015,Radial Velocity
3627,3627,3,2018,Transit
3628,3628,4,2017,Transit
3629,3629,7,2015,Radial Velocity
3630,3630,81,2017,Pulsar Timing
3631,3631,27,2017,Transit
3632,3632,13,2017,Radial Velocity
3633,3633,24,2017,Transit
3634,3634,13,2016,Radial Velocity
3635,3635,13,2016,Radial Velocity
3636,3636,7,2017,Radial Velocity
3637,3637,13,2017,Microlensing
3638,3638,24,2017,Transit
3639,3639,13,2016,Radial Velocity
3640,3640,13,2016,Radial Velocity
3641,3641,7,2017,Radial Velocity
3642,3642,13,2018,Radial Velocity
3643,3643,13,2017,Radial Velocity
3644,3644,7,2017,Radial Velocity
3645,3645,13,2018,Radial Velocity
3646,3646,3,2015,Transit
3647,3647,3,2015,Transit
3648,3648,3,2015,Transit
3649,3649,24,2016,Transit
3650,3650,3,2016,Transit
3651,3651,7,2017,Radial Velocity
3652,3652,7,2017,Radial Velocity
3653,3653,3,2018,Transit
3654,3654,45,2018,Transit
3655,3655,3,2017,Transit
3656,3656,13,2016,Radial Velocity
3657,3657,27,2016,Transit
3658,3658,4,2017,Transit
3659,3659,29,2017,Transit
3660,3660,3,2018,Transit
3661,3661,3,2017,Transit
3662,3662,45,2017,Transit
3663,3663,3,2018,Transit
3664,3664,3,2018,Transit
3665,3665,3,2016,Transit
3666,3666,27,2016,Transit
3667,3667,8,2017,Microlensing
3668,3668,3,2018,Transit
3669,3669,3,2018,Transit
3670,3670,3,2017,Transit
3671,3671,3,2016,Transit
3672,3672,57,2016,Transit
3673,3673,9,2003,Radial Velocity
3674,3674,13,2001,Radial Velocity
3675,3675,59,2012,Radial Velocity
3676,3676,5,2012,Transit
3677,3677,3,2018,Transit
3678,3678,27,2018,Transit
3679,3679,7,2011,Radial Velocity
3680,3680,11,2009,Radial Velocity
3681,3681,7,2011,Radial Velocity
3682,3682,9,1999,Radial Velocity
3683,3683,5,2012,Transit
3684,3684,27,2018,Transit
3685,3685,27,2018,Transit
3686,3686,9,2005,Radial Velocity
3687,3687,7,2008,Radial Velocity
3688,3688,1,2002,Radial Velocity
3689,3689,11,2011,Radial Velocity
3690,3690,11,2006,Radial Velocity
3691,3691,12,2011,Radial Velocity
3692,3692,59,2018,Radial Velocity
3693,3693,96,2018,Transit
3694,3694,18,2008,Radial Velocity
3695,3695,37,2014,Transit
3696,3696,2,2014,Transit
3697,3697,3,2018,Transit
3698,3698,11,2011,Radial Velocity
3699,3699,97,1999,Radial Velocity
3700,3700,9,2007,Radial Velocity
3701,3701,89,2013,Radial Velocity
3702,3702,5,2014,Transit
3703,3703,3,2018,Transit
3704,3704,21,2009,Radial Velocity
3705,3705,11,2000,Radial Velocity
3706,3706,5,2008,Transit
3707,3707,5,2009,Transit
3708,3708,5,2014,Transit
3709,3709,5,2014,Transit
3710,3710,98,2009,Radial Velocity
3711,3711,7,2009,Radial Velocity
3712,3712,7,2010,Radial Velocity
3713,3713,5,2008,Transit
3714,3714,5,2014,Transit
3715,3715,11,2000,Radial Velocity
3716,3716,9,1999,Radial Velocity
3717,3717,5,2010,Transit
3718,3718,38,2015,Radial Velocity
3719,3719,5,2015,Transit
3720,3720,7,2011,Radial Velocity
3721,3721,5,2010,Transit
3722,3722,5,2010,Transit
3723,3723,3,2018,Transit
3724,3724,3,2018,Transit
3725,3725,2,2010,Transit
3726,3726,2,2010,Transit
3727,3727,7,2005,Radial Velocity
3728,3728,5,2010,Transit
3729,3729,3,2018,Transit
3730,3730,3,2018,Transit
3731,3731,2,2011,Transit
3732,3732,9,2001,Radial Velocity
3733,3733,7,2009,Radial Velocity
3734,3734,5,2011,Transit
3735,3735,5,2011,Transit
3736,3736,3,2018,Transit
3737,3737,3,2018,Transit
3738,3738,3,2018,Transit
3739,3739,2,2007,Transit
3740,3740,2,2007,Transit
3741,3741,11,2010,Radial Velocity
3742,3742,38,2011,Radial Velocity
3743,3743,57,2006,Transit
3744,3744,99,2010,Transit
3745,3745,3,2018,Transit
3746,3746,3,2018,Transit
3747,3747,7,2005,Radial Velocity
3748,3748,7,2005,Radial Velocity
3749,3749,21,2009,Radial Velocity
3750,3750,37,2012,Transit
3751,3751,89,2012,Radial Velocity
3752,3752,3,2018,Transit
3753,3753,100,2006,Radial Velocity
3754,3754,7,2005,Radial Velocity
3755,3755,7,2004,Radial Velocity
3756,3756,11,2009,Radial Velocity
3757,3757,7,2012,Radial Velocity
3758,3758,2,2012,Transit
3759,3759,7,2018,Radial Velocity
3760,3760,7,2018,Radial Velocity
3761,3761,7,2011,Radial Velocity
3762,3762,11,2002,Radial Velocity
3763,3763,13,2002,Radial Velocity
3764,3764,11,2001,Radial Velocity
3765,3765,5,2012,Transit
3766,3766,101,2018,Microlensing
3767,3767,9,2003,Radial Velocity
3768,3768,7,2008,Radial Velocity
3769,3769,5,2012,Transit
3770,3770,5,2012,Transit
3771,3771,3,2018,Transit
3772,3772,21,2006,Radial Velocity
3773,3773,11,2009,Radial Velocity
3774,3774,3,2018,Transit
3775,3775,13,2018,Radial Velocity
3776,3776,3,2018,Transit
3777,3777,24,2018,Transit
3778,3778,21,2010,Radial Velocity
3779,3779,3,2018,Transit
3780,3780,24,2018,Transit
3781,3781,24,2018,Transit
3782,3782,11,2011,Radial Velocity
3783,3783,11,2011,Radial Velocity
3784,3784,8,2018,Microlensing
3785,3785,3,2018,Transit
3786,3786,3,2018,Transit
3787,3787,3,2018,Transit
3788,3788,24,2018,Transit
3789,3789,8,2018,Microlensing
3790,3790,11,2007,Radial Velocity
3791,3791,3,2018,Transit
3792,3792,3,2018,Transit
3793,3793,3,2018,Transit
3794,3794,24,2018,Transit
3795,3795,24,2018,Transit
3796,3796,11,2016,Radial Velocity
3797,3797,3,2018,Transit
3798,3798,27,2018,Transit
3799,3799,24,2018,Transit
3800,3800,11,2011,Radial Velocity
3801,3801,3,2018,Transit
3802,3802,3,2018,Transit
3803,3803,3,2018,Transit
3804,3804,3,2018,Transit
3805,3805,3,2018,Transit
3806,3806,11,2014,Radial Velocity
3807,3807,3,2018,Transit
3808,3808,3,2018,Transit
3809,3809,20,2018,Radial Velocity
3810,3810,23,2018,Microlensing
3811,3811,11,2018,Radial Velocity
3812,3812,3,2018,Transit
3813,3813,27,2016,Transit
3814,3814,23,2018,Microlensing
3815,3815,26,2018,Microlensing
3816,3816,3,2018,Transit
3817,3817,3,2017,Transit
3818,3818,3,2018,Transit
3819,3819,26,2018,Microlensing
3820,3820,59,2015,Radial Velocity
3821,3821,3,2018,Transit
3822,3822,3,2017,Transit
3823,3823,28,2023,Radial Velocity
3824,3824,3,2018,Transit
3825,3825,3,2018,Transit
3826,3826,27,2018,Transit
3827,3827,44,2016,Transit
3828,3828,3,2018,Transit
3829,3829,3,2018,Transit
3830,3830,17,2012,Transit
3831,3831,21,1996,Radial Velocity
3832,3832,3,2016,Transit
3833,3833,3,2018,Transit
3834,3834,3,2018,Transit
3835,3835,11,2010,Radial Velocity
3836,3836,11,2011,Radial Velocity
3837,3837,27,2015,Transit
3838,3838,3,2018,Transit
3839,3839,3,2018,Transit
3840,3840,11,2011,Radial Velocity
3841,3841,11,2011,Radial Velocity
3842,3842,46,2018,Transit
3843,3843,3,2018,Transit
3844,3844,3,2018,Transit
3845,3845,3,2018,Transit
3846,3846,3,2018,Transit
3847,3847,1,2003,Radial Velocity
3848,3848,27,2018,Transit
3849,3849,11,2019,Radial Velocity
3850,3850,11,2019,Radial Velocity
3851,3851,23,2019,Microlensing
3852,3852,1,2004,Radial Velocity
3853,3853,46,2019,Transit
3854,3854,3,2018,Transit
3855,3855,64,2019,Imaging
3856,3856,4,2016,Transit
3857,3857,3,2017,Transit
3858,3858,3,2017,Transit
3859,3859,2,2012,Transit
3860,3860,102,1999,Radial Velocity
3861,3861,7,2013,Radial Velocity
3862,3862,3,2019,Transit
3863,3863,3,2019,Transit
3864,3864,8,2019,Microlensing
3865,3865,3,2019,Transit
3866,3866,2,2011,Transit
3867,3867,3,2019,Transit
3868,3868,3,2019,Transit
3869,3869,2,2011,Transit
3870,3870,3,2016,Transit
3871,3871,3,2016,Transit
3872,3872,3,2019,Transit
3873,3873,14,2019,Transit
3874,3874,3,2019,Transit
3875,3875,3,2019,Transit
3876,3876,2,2008,Transit
3877,3877,95,2017,Transit
3878,3878,3,2016,Transit
3879,3879,3,2019,Transit
3880,3880,28,2019,Radial Velocity
3881,3881,3,2019,Transit
3882,3882,3,2019,Transit
3883,3883,4,2010,Transit
3884,3884,3,2017,Transit
3885,3885,13,2000,Radial Velocity
3886,3886,4,2011,Transit
3887,3887,5,2010,Transit
3888,3888,7,2019,Radial Velocity
3889,3889,5,2019,Transit
3890,3890,5,2019,Transit
3891,3891,4,2011,Transit
3892,3892,24,2018,Transit
3893,3893,24,2018,Transit
3894,3894,7,2019,Radial Velocity
3895,3895,7,2019,Radial Velocity
3896,3896,4,2012,Transit
3897,3897,13,2019,Radial Velocity
3898,3898,7,2019,Radial Velocity
3899,3899,7,2019,Radial Velocity
3900,3900,4,2019,Transit
3901,3901,49,2019,Radial Velocity
3902,3902,3,2018,Transit
3903,3903,3,2018,Transit
3904,3904,7,2019,Radial Velocity
3905,3905,7,2019,Radial Velocity
3906,3906,14,2019,Transit
3907,3907,11,2002,Radial Velocity
3908,3908,3,2018,Transit
3909,3909,29,2019,Transit
3910,3910,7,2018,Radial Velocity
3911,3911,11,2004,Radial Velocity
3912,3912,18,2008,Radial Velocity
3913,3913,3,2018,Transit
3914,3914,27,2018,Transit
3915,3915,7,2019,Radial Velocity
3916,3916,7,2019,Radial Velocity
3917,3917,18,2009,Radial Velocity
3918,3918,27,2018,Transit
3919,3919,27,2018,Transit
3920,3920,27,2019,Transit
3921,3921,3,2018,Transit
3922,3922,23,2019,Microlensing
3923,3923,33,2019,Radial Velocity
3924,3924,33,2019,Radial Velocity
3925,3925,1,2006,Radial Velocity
3926,3926,7,2010,Radial Velocity
3927,3927,27,2018,Transit
3928,3928,27,2018,Transit
3929,3929,14,2018,Transit
3930,3930,33,2019,Radial Velocity
3931,3931,33,2019,Radial Velocity
3932,3932,40,2009,Radial Velocity
3933,3933,27,2018,Transit
3934,3934,27,2018,Transit
3935,3935,20,2019,Radial Velocity
3936,3936,47,2019,Transit
3937,3937,4,2023,Transit
3938,3938,57,2019,Transit
3939,3939,27,2019,Transit
3940,3940,4,2023,Transit
3941,3941,4,2023,Transit
3942,3942,14,2020,Transit
3943,3943,7,2013,Radial Velocity
3944,3944,27,2019,Transit
3945,3945,13,2019,Radial Velocity
3946,3946,4,2023,Transit
3947,3947,4,2023,Transit
3948,3948,13,2014,Radial Velocity
3949,3949,47,2019,Transit
3950,3950,4,2023,Transit
3951,3951,4,2023,Transit
3952,3952,4,2023,Transit
3953,3953,4,2023,Transit
3954,3954,25,2020,Radial Velocity
3955,3955,25,2020,Radial Velocity
3956,3956,47,2019,Transit
3957,3957,4,2023,Transit
3958,3958,4,2023,Transit
3959,3959,3,2020,Transit
3960,3960,4,2020,Transit
3961,3961,8,2019,Microlensing
3962,3962,4,2023,Transit
3963,3963,4,2023,Transit
3964,3964,4,2023,Transit
3965,3965,4,2023,Transit
3966,3966,3,2020,Transit
3967,3967,3,2020,Transit
3968,3968,5,2019,Transit
3969,3969,5,2007,Transit
3970,3970,4,2023,Transit
3971,3971,4,2023,Transit
3972,3972,5,2011,Transit
3973,3973,5,2011,Transit
3974,3974,4,2023,Transit
3975,3975,27,2020,Transit
3976,3976,28,2018,Radial Velocity
3977,3977,4,2023,Transit
3978,3978,4,2023,Transit
3979,3979,3,2018,Transit
3980,3980,47,2019,Transit
3981,3981,47,2019,Transit
3982,3982,4,2023,Transit
3983,3983,4,2023,Transit
3984,3984,23,2018,Microlensing
3985,3985,4,2023,Transit
3986,3986,14,2019,Transit
3987,3987,13,2014,Radial Velocity
3988,3988,8,2019,Microlensing
3989,3989,4,2023,Transit
3990,3990,4,2017,Transit Timing Variations
3991,3991,26,2019,Microlensing
3992,3992,13,2024,Transit Timing Variations
3993,3993,14,2026,Transit
3994,3994,103,2019,Disk Kinematics
3995,3995,1,2011,Radial Velocity
3996,3996,4,2023,Transit
3997,3997,46,2019,Transit
3998,3998,3,2019,Transit
3999,3999,13,2019,Radial Velocity
4000,4000,4,2023,Transit
4001,4001,28,2018,Radial Velocity
4002,4002,3,2019,Transit
4003,4003,4,2023,Transit
4004,4004,4,2023,Transit
4005,4005,14,2019,Transit
4006,4006,4,2023,Transit
4007,4007,4,2023,Transit
4008,4008,13,2019,Radial Velocity
4009,4009,2,2019,Transit
4010,4010,4,2023,Transit
4011,4011,14,2020,Transit
4012,4012,14,2020,Transit
4013,4013,14,2020,Transit
4014,4014,4,2011,Transit
4015,4015,4,2020,Transit
4016,4016,4,2020,Transit
4017,4017,14,2020,Transit
4018,4018,13,2016,Radial Velocity
4019,4019,23,2020,Microlensing
4020,4020,14,2020,Transit
4021,4021,48,2020,Transit
4022,4022,46,2021,Transit
4023,4023,26,2010,Microlensing
4024,4024,4,2020,Transit
4025,4025,4,2020,Transit
4026,4026,23,2020,Microlensing
4027,4027,8,2020,Microlensing
4028,4028,8,2020,Microlensing
4029,4029,46,2021,Transit
4030,4030,7,2021,Radial Velocity
4031,4031,8,2020,Microlensing
4032,4032,8,2020,Microlensing
4033,4033,4,2020,Transit
4034,4034,4,2020,Transit
4035,4035,4,2016,Transit
4036,4036,13,2021,Radial Velocity
4037,4037,7,2021,Radial Velocity
4038,4038,13,2021,Radial Velocity
4039,4039,23,2020,Microlensing
4040,4040,8,2020,Microlensing
4041,4041,4,2020,Transit
4042,4042,4,2020,Transit
4043,4043,3,2020,Transit
4044,4044,4,2020,Transit Timing Variations
4045,4045,4,2014,Transit
4046,4046,4,2020,Transit
4047,4047,4,2020,Transit
4048,4048,3,2020,Transit
4049,4049,14,2021,Transit
4050,4050,4,2020,Transit
4051,4051,4,2020,Transit
4052,4052,14,2020,Transit
4053,4053,3,2020,Transit
4054,4054,27,2020,Transit
4055,4055,64,2020,Imaging
4056,4056,104,2020,Transit
4057,4057,26,2014,Microlensing
4058,4058,23,2019,Microlensing
4059,4059,8,2019,Microlensing
4060,4060,28,2020,Radial Velocity
4061,4061,7,2014,Radial Velocity
4062,4062,14,2020,Transit
4063,4063,14,2020,Transit
4064,4064,14,2020,Transit
4065,4065,8,2020,Microlensing
4066,4066,14,2020,Transit
4067,4067,14,2020,Transit
4068,4068,4,2020,Transit
4069,4069,4,2020,Transit
4070,4070,28,2018,Radial Velocity
4071,4071,49,2018,Radial Velocity
4072,4072,20,2020,Radial Velocity
4073,4073,20,2020,Radial Velocity
4074,4074,27,2020,Transit
4075,4075,105,2014,Radial Velocity
4076,4076,13,2020,Radial Velocity
4077,4077,14,2020,Transit
4078,4078,13,2020,Radial Velocity
4079,4079,17,2020,Transit
4080,4080,17,2020,Transit
4081,4081,13,2020,Radial Velocity
4082,4082,5,2020,Transit
4083,4083,4,2011,Transit
4084,4084,4,2020,Transit
4085,4085,4,2020,Transit
4086,4086,13,2020,Radial Velocity
4087,4087,13,2020,Radial Velocity
4088,4088,14,2021,Transit
4089,4089,2,2020,Transit
4090,4090,4,2013,Transit
4091,4091,4,2012,Transit
4092,4092,4,2020,Transit
4093,4093,4,2020,Transit
4094,4094,4,2020,Transit
4095,4095,23,2020,Microlensing
4096,4096,4,2020,Transit
4097,4097,4,2020,Transit
4098,4098,13,2021,Radial Velocity
4099,4099,20,2021,Radial Velocity
4100,4100,3,2021,Transit
4101,4101,13,2021,Radial Velocity
4102,4102,13,2021,Radial Velocity
4103,4103,13,2021,Radial Velocity
4104,4104,3,2021,Transit
4105,4105,49,2020,Radial Velocity
4106,4106,49,2021,Radial Velocity
4107,4107,3,2021,Transit
4108,4108,3,2021,Transit
4109,4109,3,2018,Transit
4110,4110,3,2018,Transit
4111,4111,14,2021,Transit
4112,4112,61,2021,Transit
4113,4113,61,2021,Transit
4114,4114,3,2021,Transit
4115,4115,14,2021,Transit
4116,4116,3,2021,Transit
4117,4117,3,2018,Transit
4118,4118,3,2018,Transit
4119,4119,3,2016,Transit
4120,4120,3,2019,Transit
4121,4121,61,2021,Transit
4122,4122,4,2014,Transit
4123,4123,3,2021,Transit
4124,4124,3,2021,Transit
4125,4125,3,2016,Transit
4126,4126,3,2016,Transit
4127,4127,4,2021,Orbital Brightness Modulation
4128,4128,3,2021,Transit
4129,4129,3,2021,Transit
4130,4130,3,2017,Transit
4131,4131,3,2019,Transit
4132,4132,46,2021,Transit
4133,4133,3,2021,Transit
4134,4134,3,2021,Transit
4135,4135,14,2021,Transit
4136,4136,13,2020,Radial Velocity
4137,4137,46,2021,Transit
4138,4138,7,2019,Radial Velocity
4139,4139,3,2021,Transit
4140,4140,11,2021,Radial Velocity
4141,4141,20,2021,Radial Velocity
4142,4142,7,2019,Radial Velocity
4143,4143,3,2021,Transit
4144,4144,3,2017,Transit
4145,4145,4,2018,Transit
4146,4146,3,2021,Transit
4147,4147,3,2017,Transit
4148,4148,3,2017,Transit
4149,4149,3,2021,Transit
4150,4150,3,2017,Transit
4151,4151,3,2016,Transit
4152,4152,13,2021,Transit Timing Variations
4153,4153,23,2021,Microlensing
4154,4154,3,2021,Transit
4155,4155,3,2016,Transit
4156,4156,3,2021,Transit
4157,4157,13,2021,Radial Velocity
4158,4158,59,2020,Radial Velocity
4159,4159,23,2021,Microlensing
4160,4160,3,2018,Transit
4161,4161,3,2021,Transit
4162,4162,1,2019,Radial Velocity
4163,4163,3,2018,Transit
4164,4164,14,2021,Transit
4165,4165,13,2021,Radial Velocity
4166,4166,20,2021,Radial Velocity
4167,4167,4,2021,Transit
4168,4168,4,2021,Transit
4169,4169,4,2021,Transit
4170,4170,14,2021,Transit
4171,4171,4,2021,Transit
4172,4172,4,2021,Transit
4173,4173,4,2021,Transit
4174,4174,4,2021,Transit
4175,4175,14,2021,Transit
4176,4176,4,2021,Transit
4177,4177,4,2021,Transit
4178,4178,4,2021,Transit
4179,4179,2,2012,Transit
4180,4180,4,2021,Transit
4181,4181,4,2021,Transit
4182,4182,4,2021,Transit
4183,4183,4,2021,Transit
4184,4184,4,2021,Transit
4185,4185,4,2021,Transit
4186,4186,4,2021,Transit
4187,4187,3,2016,Transit
4188,4188,4,2021,Transit
4189,4189,4,2021,Transit
4190,4190,4,2021,Transit
4191,4191,4,2021,Transit
4192,4192,4,2021,Transit
4193,4193,4,2021,Transit
4194,4194,3,2016,Transit
4195,4195,4,2021,Transit
4196,4196,4,2021,Transit
4197,4197,4,2021,Transit
4198,4198,4,2021,Transit
4199,4199,3,2021,Transit
4200,4200,3,2021,Transit
4201,4201,4,2021,Transit
4202,4202,4,2021,Transit
4203,4203,4,2021,Transit
4204,4204,4,2021,Transit
4205,4205,3,2021,Transit
4206,4206,3,2021,Transit
4207,4207,4,2021,Transit
4208,4208,4,2021,Transit
4209,4209,4,2021,Transit
4210,4210,4,2021,Transit
4211,4211,4,2021,Transit
4212,4212,4,2021,Transit
4213,4213,4,2021,Transit
4214,4214,3,2018,Transit
4215,4215,4,2021,Transit
4216,4216,4,2021,Transit
4217,4217,4,2021,Transit
4218,4218,4,2021,Transit
4219,4219,4,2021,Transit
4220,4220,3,2019,Transit
4221,4221,3,2018,Transit
4222,4222,3,2016,Transit
4223,4223,4,2021,Transit
4224,4224,4,2021,Transit
4225,4225,3,2021,Transit
4226,4226,3,2021,Transit
4227,4227,4,2021,Transit
4228,4228,4,2021,Transit
4229,4229,3,2018,Transit
4230,4230,3,2018,Transit
4231,4231,4,2021,Transit
4232,4232,4,2021,Transit
4233,4233,4,2021,Transit
4234,4234,14,2021,Transit
4235,4235,7,2021,Radial Velocity
4236,4236,8,2021,Microlensing
4237,4237,8,2021,Microlensing
4238,4238,4,2021,Transit
4239,4239,4,2021,Transit
4240,4240,4,2021,Transit
4241,4241,7,2021,Radial Velocity
4242,4242,7,2021,Radial Velocity
4243,4243,14,2021,Transit
4244,4244,4,2021,Transit
4245,4245,4,2021,Transit
4246,4246,4,2021,Transit
4247,4247,7,2021,Radial Velocity
4248,4248,7,2021,Radial Velocity
4249,4249,13,2021,Radial Velocity
4250,4250,4,2021,Transit
4251,4251,4,2021,Transit
4252,4252,4,2021,Transit
4253,4253,4,2021,Transit
4254,4254,4,2021,Transit
4255,4255,4,2021,Transit
4256,4256,4,2021,Transit
4257,4257,14,2021,Transit
4258,4258,4,2021,Transit
4259,4259,4,2021,Transit
4260,4260,4,2021,Transit
4261,4261,4,2021,Transit
4262,4262,27,2021,Transit
4263,4263,4,2021,Transit
4264,4264,4,2021,Transit
4265,4265,4,2021,Transit
4266,4266,4,2021,Transit
4267,4267,4,2021,Transit
4268,4268,4,2021,Transit
4269,4269,9,2022,Radial Velocity
4270,4270,4,2021,Transit
4271,4271,4,2021,Transit
4272,4272,4,2021,Transit
4273,4273,4,2021,Transit
4274,4274,4,2021,Transit
4275,4275,4,2021,Transit
4276,4276,4,2021,Transit
4277,4277,4,2021,Transit
4278,4278,4,2021,Transit
4279,4279,4,2021,Transit
4280,4280,4,2021,Transit
4281,4281,4,2021,Transit
4282,4282,7,2017,Radial Velocity
4283,4283,7,2017,Radial Velocity
4284,4284,4,2021,Transit
4285,4285,4,2021,Transit
4286,4286,4,2021,Transit
4287,4287,4,2021,Transit
4288,4288,4,2021,Transit
4289,4289,4,2021,Transit
4290,4290,4,2021,Transit
4291,4291,4,2021,Transit
4292,4292,4,2021,Transit
4293,4293,4,2021,Transit
4294,4294,4,2021,Transit
4295,4295,4,2021,Transit
4296,4296,4,2022,Transit
4297,4297,4,2021,Transit
4298,4298,4,2021,Transit
4299,4299,4,2021,Transit
4300,4300,4,2021,Transit
4301,4301,4,2021,Transit
4302,4302,4,2021,Transit
4303,4303,4,2021,Transit
4304,4304,4,2021,Transit
4305,4305,4,2021,Transit
4306,4306,4,2021,Transit
4307,4307,8,2021,Microlensing
4308,4308,4,2021,Transit
4309,4309,4,2021,Transit
4310,4310,4,2021,Transit
4311,4311,4,2021,Transit
4312,4312,4,2021,Transit
4313,4313,4,2021,Transit
4314,4314,4,2021,Transit
4315,4315,4,2021,Transit
4316,4316,4,2021,Transit
4317,4317,4,2021,Transit
4318,4318,4,2021,Transit
4319,4319,4,2021,Transit
4320,4320,4,2021,Transit
4321,4321,4,2021,Transit
4322,4322,4,2021,Transit
4323,4323,64,2021,Imaging
4324,4324,8,2020,Microlensing
4325,4325,4,2021,Transit
4326,4326,4,2021,Transit
4327,4327,4,2021,Transit
4328,4328,4,2021,Transit
4329,4329,4,2021,Transit
4330,4330,4,2021,Transit
4331,4331,4,2021,Transit
4332,4332,4,2021,Transit
4333,4333,4,2021,Transit
4334,4334,4,2021,Transit
4335,4335,30,2021,Radial Velocity
4336,4336,30,2021,Radial Velocity
4337,4337,30,2021,Radial Velocity
4338,4338,4,2021,Transit
4339,4339,4,2021,Transit
4340,4340,4,2021,Transit
4341,4341,4,2021,Transit
4342,4342,4,2021,Transit
4343,4343,4,2021,Transit
4344,4344,30,2021,Radial Velocity
4345,4345,30,2021,Radial Velocity
4346,4346,4,2021,Transit
4347,4347,4,2021,Transit
4348,4348,4,2021,Transit
4349,4349,4,2021,Transit
4350,4350,30,2021,Radial Velocity
4351,4351,106,2021,Radial Velocity
4352,4352,4,2021,Transit
4353,4353,4,2021,Transit
4354,4354,4,2021,Transit
4355,4355,4,2021,Transit
4356,4356,4,2021,Transit
4357,4357,106,2021,Radial Velocity
4358,4358,4,2021,Transit
4359,4359,4,2021,Transit
4360,4360,14,2022,Transit
4361,4361,3,2015,Transit
4362,4362,14,2022,Transit
4363,4363,3,2022,Transit
4364,4364,3,2022,Transit
4365,4365,31,2002,Radial Velocity
4366,4366,17,2022,Transit
4367,4367,17,2022,Transit
4368,4368,3,2022,Transit
4369,4369,3,2022,Transit
4370,4370,7,2021,Radial Velocity
4371,4371,3,2022,Transit
4372,4372,3,2022,Transit
4373,4373,1,2004,Radial Velocity
4374,4374,7,2004,Radial Velocity
4375,4375,3,2022,Transit
4376,4376,3,2022,Transit
4377,4377,14,2022,Transit
4378,4378,107,2022,Imaging
4379,4379,11,2011,Radial Velocity
4380,4380,3,2022,Transit
4381,4381,3,2022,Transit
4382,4382,3,2022,Transit
4383,4383,49,2022,Radial Velocity
4384,4384,7,2006,Radial Velocity
4385,4385,3,2022,Transit
4386,4386,3,2022,Transit
4387,4387,14,2022,Transit
4388,4388,4,2022,Transit Timing Variations
4389,4389,3,2022,Transit
4390,4390,3,2022,Transit
4391,4391,14,2022,Transit
4392,4392,7,2022,Radial Velocity
4393,4393,7,2022,Radial Velocity
4394,4394,13,2022,Radial Velocity
4395,4395,59,2022,Radial Velocity
4396,4396,3,2022,Transit
4397,4397,14,2022,Transit
4398,4398,20,2019,Radial Velocity
4399,4399,14,2022,Transit
4400,4400,3,2020,Transit
4401,4401,13,2021,Radial Velocity
4402,4402,14,2022,Transit
4403,4403,14,2022,Transit
4404,4404,3,2022,Transit
4405,4405,3,2020,Transit
4406,4406,14,2022,Transit
4407,4407,11,2022,Radial Velocity
4408,4408,14,2022,Transit
4409,4409,3,2022,Transit
4410,4410,3,2020,Transit
4411,4411,64,2022,Imaging
4412,4412,14,2022,Transit
4413,4413,3,2022,Transit
4414,4414,3,2020,Transit
4415,4415,13,2005,Radial Velocity
4416,4416,9,2009,Radial Velocity
4417,4417,21,2009,Radial Velocity
4418,4418,14,2022,Transit
4419,4419,3,2022,Transit
4420,4420,3,2020,Transit
4421,4421,9,2012,Radial Velocity
4422,4422,23,2021,Microlensing
4423,4423,3,2022,Transit
4424,4424,3,2020,Transit
4425,4425,14,2022,Transit
4426,4426,14,2022,Transit
4427,4427,12,2017,Radial Velocity
4428,4428,23,2022,Microlensing
4429,4429,3,2022,Transit
4430,4430,3,2018,Transit
4431,4431,108,2022,Radial Velocity
4432,4432,3,2022,Transit
4433,4433,3,2022,Transit
4434,4434,13,2022,Radial Velocity
4435,4435,13,2022,Radial Velocity
4436,4436,13,2022,Radial Velocity
4437,4437,13,2022,Radial Velocity
4438,4438,14,2022,Transit
4439,4439,20,2013,Radial Velocity
4440,4440,13,2014,Radial Velocity
4441,4441,13,2022,Radial Velocity
4442,4442,13,2022,Radial Velocity
4443,4443,13,2022,Radial Velocity
4444,4444,13,2022,Radial Velocity
4445,4445,13,2022,Radial Velocity
4446,4446,14,2022,Transit
4447,4447,14,2022,Transit
4448,4448,14,2022,Transit
4449,4449,11,2015,Radial Velocity
4450,4450,13,2022,Radial Velocity
4451,4451,13,2022,Radial Velocity
4452,4452,13,2022,Radial Velocity
4453,4453,13,2022,Radial Velocity
4454,4454,14,2022,Transit
4455,4455,20,2016,Radial Velocity
4456,4456,13,2022,Radial Velocity
4457,4457,13,2022,Radial Velocity
4458,4458,13,2022,Radial Velocity
4459,4459,14,2022,Transit
4460,4460,109,2022,Astrometry
4461,4461,110,2016,Radial Velocity
4462,4462,25,2016,Radial Velocity
4463,4463,13,2016,Radial Velocity
4464,4464,13,2022,Radial Velocity
4465,4465,14,2022,Transit
4466,4466,9,2003,Radial Velocity
4467,4467,11,1999,Radial Velocity
4468,4468,11,2007,Radial Velocity
4469,4469,13,2017,Radial Velocity
4470,4470,13,2022,Radial Velocity
4471,4471,13,2022,Radial Velocity
4472,4472,13,2022,Radial Velocity
4473,4473,13,2022,Radial Velocity
4474,4474,13,2022,Radial Velocity
4475,4475,13,2022,Radial Velocity
4476,4476,7,2009,Radial Velocity
4477,4477,7,2009,Radial Velocity
4478,4478,11,2016,Radial Velocity
4479,4479,7,2017,Radial Velocity
4480,4480,9,2019,Radial Velocity
4481,4481,13,2022,Radial Velocity
4482,4482,13,2022,Radial Velocity
4483,4483,98,2008,Radial Velocity
4484,4484,9,2019,Radial Velocity
4485,4485,13,2022,Radial Velocity
4486,4486,11,1998,Radial Velocity
4487,4487,20,2011,Radial Velocity
4488,4488,11,2000,Radial Velocity
4489,4489,25,2020,Radial Velocity
4490,4490,59,2020,Radial Velocity
4491,4491,13,2022,Radial Velocity
4492,4492,9,2003,Radial Velocity
4493,4493,13,2021,Radial Velocity
4494,4494,13,2022,Radial Velocity
4495,4495,13,2022,Radial Velocity
4496,4496,14,2022,Transit
4497,4497,11,2008,Radial Velocity
4498,4498,13,2021,Radial Velocity
4499,4499,20,2021,Radial Velocity
4500,4500,13,2022,Radial Velocity
4501,4501,13,2022,Radial Velocity
4502,4502,13,2022,Radial Velocity
4503,4503,13,2022,Radial Velocity
4504,4504,13,2022,Radial Velocity
4505,4505,13,2022,Radial Velocity
4506,4506,13,2000,Radial Velocity
4507,4507,13,2000,Radial Velocity
4508,4508,13,2022,Radial Velocity
4509,4509,13,2022,Radial Velocity
4510,4510,13,2022,Radial Velocity
4511,4511,14,2022,Transit
4512,4512,14,2022,Transit
4513,4513,7,2010,Radial Velocity
4514,4514,9,2007,Radial Velocity
4515,4515,13,2022,Radial Velocity
4516,4516,13,2022,Radial Velocity
4517,4517,23,2022,Microlensing
4518,4518,7,2008,Radial Velocity
4519,4519,13,2022,Radial Velocity
4520,4520,13,2022,Radial Velocity
4521,4521,13,2022,Radial Velocity
4522,4522,14,2022,Transit
4523,4523,21,2009,Radial Velocity
4524,4524,98,2009,Radial Velocity
4525,4525,13,2022,Radial Velocity
4526,4526,13,2022,Radial Velocity
4527,4527,13,2022,Radial Velocity
4528,4528,13,2022,Radial Velocity
4529,4529,13,2022,Radial Velocity
4530,4530,14,2022,Transit
4531,4531,1,2012,Radial Velocity
4532,4532,14,2023,Transit
4533,4533,8,2022,Microlensing
4534,4534,23,2022,Microlensing
4535,4535,14,2023,Transit
4536,4536,14,2023,Transit
4537,4537,23,2022,Microlensing
4538,4538,49,2020,Radial Velocity
4539,4539,14,2023,Transit
4540,4540,14,2023,Transit
4541,4541,23,2023,Microlensing
4542,4542,23,2023,Microlensing
4543,4543,13,2017,Transit
4544,4544,3,2016,Transit
4545,4545,14,2023,Transit
4546,4546,23,2023,Microlensing
4547,4547,23,2023,Microlensing
4548,4548,3,2022,Transit
4549,4549,14,2023,Transit
4550,4550,14,2020,Transit
4551,4551,14,2023,Transit
4552,4552,4,2011,Transit
4553,4553,13,2022,Imaging
4554,4554,8,2022,Microlensing
4555,4555,8,2022,Microlensing
4556,4556,14,2023,Transit
4557,4557,23,2023,Microlensing
4558,4558,14,2023,Transit
4559,4559,14,2020,Transit
4560,4560,23,2022,Microlensing
4561,4561,23,2022,Microlensing
4562,4562,23,2023,Microlensing
4563,4563,8,2023,Microlensing
4564,4564,14,2023,Transit
4565,4565,3,2023,Transit
4566,4566,23,2021,Microlensing
4567,4567,23,2022,Microlensing
4568,4568,8,2022,Microlensing
4569,4569,14,2019,Transit
4570,4570,14,2020,Transit
4571,4571,8,2022,Microlensing
4572,4572,14,2023,Transit
4573,4573,14,2019,Transit
4574,4574,14,2022,Transit
4575,4575,8,2022,Microlensing
4576,4576,13,2023,Transit
4577,4577,14,2023,Transit
4578,4578,14,2022,Transit
4579,4579,14,2022,Transit
4580,4580,27,2019,Transit
4581,4581,7,2008,Radial Velocity
4582,4582,23,2022,Microlensing
4583,4583,46,2022,Transit
4584,4584,46,2022,Transit
4585,4585,46,2022,Transit
4586,4586,23,2022,Microlensing
4587,4587,14,2023,Transit
4588,4588,14,2022,Transit
4589,4589,14,2023,Transit
4590,4590,23,2022,Microlensing
4591,4591,56,2023,Imaging
4592,4592,23,2022,Microlensing
4593,4593,26,2022,Microlensing
4594,4594,14,2023,Transit
4595,4595,8,2022,Microlensing
4596,4596,13,2022,Radial Velocity
4597,4597,8,2020,Microlensing
4598,4598,3,2015,Transit
4599,4599,3,2015,Transit
4600,4600,7,2016,Radial Velocity
4601,4601,7,2011,Radial Velocity
4602,4602,11,2016,Radial Velocity
4603,4603,4,2014,Transit
4604,4604,4,2011,Transit
4605,4605,23,2023,Microlensing
4606,4606,14,2022,Transit
4607,4607,13,2022,Radial Velocity
4608,4608,4,2014,Transit
4609,4609,3,2023,Transit
4610,4610,14,2022,Transit
4611,4611,7,2023,Radial Velocity
4612,4612,7,2023,Radial Velocity
4613,4613,4,2013,Transit
4614,4614,26,2023,Microlensing
4615,4615,14,2023,Transit
4616,4616,64,2023,Imaging
4617,4617,7,2023,Radial Velocity
4618,4618,4,2014,Transit
4619,4619,14,2023,Transit
4620,4620,14,2023,Transit
4621,4621,14,2023,Transit
4622,4622,11,2004,Radial Velocity
4623,4623,4,2015,Transit
4624,4624,4,2014,Transit
4625,4625,14,2020,Transit
4626,4626,13,2023,Radial Velocity
4627,4627,14,2023,Transit
4628,4628,3,2016,Transit
4629,4629,3,2016,Transit
4630,4630,4,2016,Transit
4631,4631,14,2020,Transit
4632,4632,14,2023,Transit
4633,4633,3,2017,Transit
4634,4634,13,2022,Radial Velocity
4635,4635,14,2023,Transit
4636,4636,13,2023,Radial Velocity
4637,4637,14,2021,Transit
4638,4638,14,2023,Transit
4639,4639,14,2023,Transit
4640,4640,14,2023,Transit
4641,4641,14,2023,Transit
4642,4642,4,2012,Transit
4643,4643,4,2013,Transit
4644,4644,111,2023,Imaging
4645,4645,23,2022,Microlensing
4646,4646,59,2023,Radial Velocity
4647,4647,14,2023,Transit
4648,4648,3,2015,Transit
4649,4649,23,2022,Microlensing
4650,4650,11,2009,Radial Velocity
4651,4651,59,2023,Radial Velocity
4652,4652,92,2023,Imaging
4653,4653,3,2023,Microlensing
4654,4654,11,2006,Radial Velocity
4655,4655,11,2014,Radial Velocity
4656,4656,4,2013,Transit
4657,4657,4,2014,Transit
4658,4658,14,2023,Transit
4659,4659,13,2022,Radial Velocity
4660,4660,7,2023,Radial Velocity
4661,4661,23,2023,Microlensing
4662,4662,5,2012,Transit
4663,4663,28,2023,Radial Velocity
4664,4664,7,2023,Radial Velocity
4665,4665,7,2023,Radial Velocity
4666,4666,28,2023,Radial Velocity
4667,4667,1,2008,Radial Velocity
4668,4668,4,2014,Transit
4669,4669,14,2023,Transit
4670,4670,23,2023,Microlensing
4671,4671,14,2023,Transit
4672,4672,7,2007,Radial Velocity
4673,4673,7,2009,Radial Velocity
4674,4674,4,2014,Transit
4675,4675,3,2015,Transit
4676,4676,4,2014,Transit
4677,4677,4,2014,Transit
4678,4678,25,2023,Radial Velocity
4679,4679,25,2023,Radial Velocity
4680,4680,13,2024,Imaging
4681,4681,4,2014,Transit
4682,4682,30,2012,Radial Velocity
4683,4683,30,2012,Radial Velocity
4684,4684,14,2022,Transit
4685,4685,13,2024,Radial Velocity
4686,4686,14,2024,Transit
4687,4687,13,2012,Radial Velocity
4688,4688,13,2012,Radial Velocity
4689,4689,30,2013,Radial Velocity
4690,4690,14,2023,Transit
4691,4691,14,2024,Transit
4692,4692,14,2023,Transit
4693,4693,23,2024,Microlensing
4694,4694,30,2013,Radial Velocity
4695,4695,14,2023,Transit
4696,4696,14,2023,Transit
4697,4697,14,2023,Transit
4698,4698,14,2023,Transit
4699,4699,14,2024,Transit
4700,4700,30,2018,Radial Velocity
4701,4701,23,2023,Microlensing
4702,4702,8,2023,Microlensing
4703,4703,30,2016,Radial Velocity
4704,4704,30,2016,Radial Velocity
4705,4705,11,2023,Radial Velocity
4706,4706,14,2024,Transit
4707,4707,13,2024,Radial Velocity
4708,4708,27,2013,Transit
4709,4709,14,2023,Transit
4710,4710,13,2024,Radial Velocity
4711,4711,13,2024,Radial Velocity
4712,4712,13,2024,Radial Velocity
4713,4713,32,2024,Imaging
4714,4714,32,2024,Imaging
4715,4715,13,2023,Transit Timing Variations
4716,4716,32,2023,Astrometry
4717,4717,2,2010,Transit
4718,4718,4,2016,Transit
4719,4719,14,2023,Transit
4720,4720,14,2023,Transit
4721,4721,4,2016,Transit
4722,4722,54,2015,Transit
4723,4723,4,2016,Transit
4724,4724,4,2014,Transit
4725,4725,30,2008,Radial Velocity
4726,4726,30,2008,Radial Velocity
4727,4727,49,2023,Radial Velocity
4728,4728,23,2023,Microlensing
4729,4729,4,2016,Transit
4730,4730,30,2008,Radial Velocity
4731,4731,98,2006,Radial Velocity
4732,4732,14,2023,Transit
4733,4733,13,2024,Radial Velocity
4734,4734,14,2024,Transit
4735,4735,14,2024,Transit
4736,4736,112,2024,Pulsar Timing
4737,4737,40,2010,Radial Velocity
4738,4738,21,2007,Radial Velocity
4739,4739,14,2021,Transit
4740,4740,113,2008,Radial Velocity
4741,4741,98,2009,Radial Velocity
4742,4742,114,2024,Radial Velocity
4743,4743,30,2007,Radial Velocity
4744,4744,21,2007,Radial Velocity
4745,4745,23,2023,Microlensing
4746,4746,14,2024,Transit
4747,4747,113,2007,Radial Velocity
4748,4748,30,2012,Radial Velocity
4749,4749,14,2023,Transit
4750,4750,23,2024,Microlensing
4751,4751,13,2017,Radial Velocity
4752,4752,30,2012,Radial Velocity
4753,4753,114,2023,Radial Velocity
4754,4754,14,2024,Transit
4755,4755,4,2014,Transit
4756,4756,14,2024,Transit
4757,4757,14,2022,Transit
4758,4758,14,2024,Transit
4759,4759,4,2012,Transit
4760,4760,14,2024,Transit
4761,4761,14,2024,Transit
4762,4762,14,2024,Transit
4763,4763,14,2024,Transit
4764,4764,8,2024,Microlensing
4765,4765,4,2013,Transit
4766,4766,14,2024,Transit
4767,4767,14,2024,Transit
4768,4768,14,2024,Transit
4769,4769,4,2014,Transit
4770,4770,14,2021,Transit
4771,4771,14,2021,Transit
4772,4772,14,2023,Transit
4773,4773,14,2024,Transit
4774,4774,14,2024,Transit
4775,4775,14,2021,Transit
4776,4776,14,2024,Transit
4777,4777,3,2024,Transit
4778,4778,14,2023,Transit
4779,4779,14,2021,Transit
4780,4780,14,2024,Transit
4781,4781,4,2024,Transit
4782,4782,8,2024,Microlensing
4783,4783,14,2024,Transit
4784,4784,13,2021,Radial Velocity
4785,4785,14,2024,Transit
4786,4786,32,2024,Imaging
4787,4787,14,2024,Transit
4788,4788,14,2021,Transit
4789,4789,14,2024,Transit
4790,4790,32,2024,Imaging
4791,4791,32,2024,Imaging
4792,4792,50,2024,Transit
4793,4793,23,2024,Microlensing
4794,4794,14,2024,Transit
4795,4795,14,2024,Transit
4796,4796,115,2024,Radial Velocity
4797,4797,28,2024,Radial Velocity
4798,4798,14,2022,Transit
4799,4799,14,2022,Transit
4800,4800,14,2024,Transit
4801,4801,28,2024,Radial Velocity
4802,4802,28,2024,Radial Velocity
4803,4803,14,2023,Transit
4804,4804,14,2023,Transit
4805,4805,11,2023,Radial Velocity
4806,4806,8,2024,Microlensing
4807,4807,14,2024,Transit
4808,4808,14,2024,Transit
4809,4809,11,2024,Radial Velocity
4810,4810,14,2024,Transit
4811,4811,13,2024,Imaging
4812,4812,62,2024,Transit
4813,4813,14,2024,Transit
4814,4814,14,2024,Transit
4815,4815,14,2023,Transit
4816,4816,14,2023,Transit
4817,4817,3,2024,Transit
4818,4818,14,2024,Transit
4819,4819,14,2024,Transit
4820,4820,14,2024,Transit
4821,4821,14,2020,Transit
4822,4822,79,2006,Transit
4823,4823,4,2011,Transit
4824,4824,4,2012,Transit
4825,4825,14,2024,Transit
4826,4826,14,2024,Transit
4827,4827,13,2024,Radial Velocity
4828,4828,24,2016,Transit
4829,4829,14,2021,Transit
4830,4830,3,2018,Transit
4831,4831,3,2018,Transit
4832,4832,14,2024,Transit
4833,4833,14,2022,Transit
4834,4834,7,2008,Radial Velocity
4835,4835,3,2018,Transit
4836,4836,3,2020,Transit
4837,4837,14,2024,Transit
4838,4838,7,2011,Radial Velocity
4839,4839,18,2009,Radial Velocity
4840,4840,4,2014,Transit
4841,4841,4,2014,Transit
4842,4842,3,2018,Transit
4843,4843,3,2018,Transit
4844,4844,4,2014,Transit
4845,4845,45,2019,Transit
4846,4846,14,2024,Transit
4847,4847,3,2016,Transit
4848,4848,3,2016,Transit
4849,4849,14,2024,Transit
4850,4850,14,2024,Transit
4851,4851,3,2016,Transit
4852,4852,3,2018,Transit
4853,4853,7,2024,Radial Velocity
4854,4854,3,2016,Transit
4855,4855,3,2018,Transit
4856,4856,4,2013,Transit
4857,4857,14,2024,Transit
4858,4858,3,2016,Transit
4859,4859,3,2017,Transit
4860,4860,14,2024,Transit
4861,4861,4,2014,Transit
4862,4862,20,2024,Radial Velocity
4863,4863,14,2024,Transit
4864,4864,13,2024,Radial Velocity
4865,4865,26,2009,Microlensing
4866,4866,3,2017,Transit
4867,4867,3,2018,Transit
4868,4868,14,2024,Transit
4869,4869,14,2024,Transit
4870,4870,13,2025,Radial Velocity
4871,4871,23,2024,Microlensing
4872,4872,14,2024,Transit
4873,4873,13,2024,Radial Velocity
4874,4874,14,2024,Transit
4875,4875,14,2024,Transit
4876,4876,14,2024,Transit
4877,4877,14,2024,Transit
4878,4878,14,2024,Transit
4879,4879,8,2024,Microlensing
4880,4880,14,2024,Transit
4881,4881,14,2024,Transit
4882,4882,14,2023,Transit
4883,4883,14,2024,Transit
4884,4884,14,2024,Transit
4885,4885,14,2024,Transit
4886,4886,14,2021,Transit
4887,4887,23,2024,Microlensing
4888,4888,3,2018,Transit
4889,4889,14,2024,Transit
4890,4890,14,2024,Transit
4891,4891,14,2024,Transit
4892,4892,14,2024,Transit
4893,4893,14,2025,Transit
4894,4894,3,2018,Transit
4895,4895,14,2024,Transit
4896,4896,14,2025,Transit
4897,4897,3,2014,Transit
4898,4898,14,2024,Transit
4899,4899,3,2018,Transit
4900,4900,14,2024,Transit
4901,4901,13,2025,Radial Velocity
4902,4902,14,2024,Transit
4903,4903,3,2015,Transit
4904,4904,13,2024,Radial Velocity
4905,4905,14,2025,Transit
4906,4906,14,2025,Transit
4907,4907,14,2025,Transit
4908,4908,14,2025,Transit
4909,4909,14,2025,Transit
4910,4910,14,2025,Transit
4911,4911,14,2023,Transit
4912,4912,8,2025,Microlensing
4913,4913,14,2025,Transit
4914,4914,13,2025,Microlensing
4915,4915,4,2011,Transit
4916,4916,14,2025,Transit
4917,4917,14,2025,Transit
4918,4918,13,2025,Transit Timing Variations
4919,4919,14,2023,Transit
4920,4920,28,2016,Radial Velocity
4921,4921,14,2025,Transit
4922,4922,28,2016,Radial Velocity
4923,4923,14,2021,Transit
4924,4924,34,2025,Radial Velocity
4925,4925,7,2025,Radial Velocity
4926,4926,7,2025,Radial Velocity
4927,4927,116,2025,Radial Velocity
4928,4928,117,2016,Radial Velocity
4929,4929,118,2006,Imaging
4930,4930,14,2025,Transit
4931,4931,14,2022,Transit
4932,4932,14,2022,Transit
4933,4933,4,2013,Transit
4934,4934,14,2025,Transit
4935,4935,14,2025,Transit
4936,4936,14,2025,Transit
4937,4937,14,2025,Transit
4938,4938,14,2021,Transit
4939,4939,13,2015,Radial Velocity
4940,4940,13,2015,Radial Velocity
4941,4941,14,2025,Transit
4942,4942,9,2025,Radial Velocity
4943,4943,9,2025,Radial Velocity
4944,4944,14,2025,Transit
4945,4945,14,2025,Transit
4946,4946,14,2025,Transit
4947,4947,43,2025,Transit
4948,4948,9,2025,Radial Velocity
4949,4949,9,2025,Radial Velocity
4950,4950,14,2025,Transit
4951,4951,32,2025,Astrometry
4952,4952,43,2025,Transit
4953,4953,43,2025,Transit
4954,4954,14,2025,Transit
4955,4955,14,2025,Transit
4956,4956,14,2019,Transit
4957,4957,43,2025,Transit
4958,4958,43,2025,Transit
4959,4959,14,2025,Transit
4960,4960,14,2025,Transit
4961,4961,14,2025,Transit
4962,4962,52,2025,Radial Velocity
4963,4963,14,2018,Transit
4964,4964,14,2025,Transit
4965,4965,14,2025,Transit
4966,4966,4,2025,Transit
4967,4967,23,2025,Microlensing
4968,4968,14,2025,Transit
4969,4969,7,2007,Radial Velocity
4970,4970,49,2025,Radial Velocity
4971,4971,49,2025,Radial Velocity
4972,4972,23,2025,Microlensing
4973,4973,49,2025,Radial Velocity
4974,4974,13,2020,Radial Velocity
4975,4975,7,2025,Radial Velocity
4976,4976,7,2025,Radial Velocity
4977,4977,46,2025,Transit
4978,4978,64,2025,Imaging
4979,4979,64,2023,Imaging
4980,4980,14,2024,Transit
4981,4981,14,2021,Transit
4982,4982,26,2025,Microlensing
4983,4983,7,2025,Radial Velocity
4984,4984,14,2021,Transit
4985,4985,23,2025,Microlensing
4986,4986,23,2025,Microlensing
4987,4987,14,2024,Transit
4988,4988,119,2021,Transit
4989,4989,3,2018,Transit
4990,4990,3,2018,Transit
4991,4991,20,2025,Radial Velocity
4992,4992,120,2018,Imaging
4993,4993,5,2007,Transit
4994,4994,4,2014,Transit
4995,4995,11,2020,Radial Velocity
4996,4996,14,2025,Transit
4997,4997,25,2025,Radial Velocity
4998,4998,14,2025,Transit
4999,4999,4,2014,Transit
5000,5000,14,2025,Transit
5001,5001,121,2025,Radial Velocity
5002,5002,3,2025,Transit
5003,5003,28,2025,Radial Velocity
5004,5004,14,2025,Transit
5005,5005,3,2018,Transit
5006,5006,55,2015,Imaging
5007,5007,14,2021,Transit
5008,5008,14,2025,Transit
5009,5009,23,2025,Microlensing
5010,5010,64,2025,Imaging
5011,5011,3,2015,Transit
5012,5012,7,2025,Radial Velocity
5013,5013,7,2025,Radial Velocity
5014,5014,13,2025,Radial Velocity
5015,5015,13,2025,Radial Velocity
5016,5016,14,2021,Transit
5017,5017,8,2018,Microlensing
5018,5018,38,2023,Radial Velocity
5019,5019,14,2024,Transit
5020,5020,3,2016,Transit
5021,5021,3,2016,Transit
5022,5022,3,2016,Transit
5023,5023,14,2025,Transit
5024,5024,14,2025,Transit
5025,5025,38,2023,Radial Velocity
5026,5026,14,2025,Transit
5027,5027,3,2016,Transit
5028,5028,3,2016,Transit
5029,5029,14,2025,Transit
5030,5030,14,2025,Transit
5031,5031,14,2025,Transit
5032,5032,3,2016,Transit
5033,5033,14,2024,Transit
5034,5034,14,2025,Transit
5035,5035,14,2025,Transit
5036,5036,3,2017,Transit
5037,5037,14,2025,Transit
5038,5038,14,2025,Transit
5039,5039,4,2013,Transit
5040,5040,14,2020,Transit
5041,5041,40,2007,Radial Velocity
5042,5042,14,2025,Transit
5043,5043,3,2018,Transit
5044,5044,23,2025,Microlensing
5045,5045,23,2025,Microlensing
5046,5046,11,2007,Radial Velocity
5047,5047,14,2025,Transit
5048,5048,14,2026,Transit
5049,5049,35,2026,Transit
5050,5050,5,2016,Transit
5051,5051,24,2016,Transit
5052,5052,13,2026,Radial Velocity
5053,5053,14,2021,Transit
5054,5054,13,2017,Radial Velocity
5055,5055,56,2026,Imaging
5056,5056,64,2018,Imaging
5057,5057,13,2026,Radial Velocity
5058,5058,14,2026,Transit
5059,5059,14,2023,Transit
5060,5060,122,2019,Imaging
5061,5061,13,2025,Imaging
5062,5062,14,2025,Transit
5063,5063,1,2004,Radial Velocity
5064,5064,7,2008,Radial Velocity
5065,5065,14,2025,Transit
5066,5066,7,2008,Radial Velocity
5067,5067,7,2008,Radial Velocity
5068,5068,7,2019,Radial Velocity
5069,5069,123,2026,Radial Velocity
5070,5070,14,2025,Transit
5071,5071,14,2026,Transit
5072,5072,13,2020,Radial Velocity
5073,5073,7,2019,Radial Velocity
5074,5074,25,2019,Radial Velocity
5075,5075,3,2016,Transit
5076,5076,14,2025,Transit
5077,5077,14,2025,Transit
5078,5078,14,2025,Transit
5079,5079,7,2021,Radial Velocity
5080,5080,7,2019,Radial Velocity
5081,5081,14,2026,Transit
5082,5082,14,2025,Transit
5083,5083,14,2026,Transit
5084,5084,14,2026,Transit
5085,5085,9,2001,Radial Velocity
5086,5086,57,2007,Transit
5087,5087,13,2026,Radial Velocity
5088,5088,14,2025,Transit
5089,5089,14,2026,Transit
5090,5090,14,2026,Transit
5091,5091,13,2026,Radial Velocity
5092,5092,13,2022,Radial Velocity
5093,5093,23,2026,Microlensing
5094,5094,23,2026,Microlensing
5095,5095,33,2020,Radial Velocity
5096,5096,23,2026,Microlensing
5097,5097,14,2026,Transit
5098,5098,14,2026,Transit
5099,5099,14,2026,Transit
5100,5100,23,2026,Microlensing
5101,5101,14,2022,Transit
5102,5102,14,2024,Transit
5103,5103,23,2026,Microlensing
5104,5104,33,2026,Radial Velocity
5105,5105,33,2026,Radial Velocity
5106,5106,14,2022,Transit
5107,5107,23,2021,Microlensing
5108,5108,14,2026,Transit
5109,5109,11,2006,Radial Velocity
5110,5110,21,1998,Radial Velocity
5111,5111,14,2024,Transit
5112,5112,14,2025,Transit
5113,5113,18,2009,Radial Velocity
5114,5114,33,2026,Radial Velocity
5115,5115,107,2026,Imaging
5116,5116,13,2021,Transit
5117,5117,52,2026,Radial Velocity
5118,5118,14,2026,Transit
5119,5119,14,2026,Transit
5120,5120,14,2026,Transit
5121,5121,14,2023,Transit
5122,5122,14,2026,Transit
5123,5123,73,2025,Imaging
5124,5124,14,2019,Transit
5125,5125,4,2026,Transit
5126,5126,14,2026,Transit
5127,5127,14,2026,Transit
5128,5128,14,2023,Transit
5129,5129,14,2026,Transit
5130,5130,14,2026,Transit
5131,5131,14,2026,Transit
5132,5132,7,2026,Radial Velocity
5133,5133,14,2026,Transit
5134,5134,14,2026,Transit
5135,5135,14,2026,Transit
5136,5136,14,2026,Transit
5137,5137,14,2026,Transit
5138,5138,14,2026,Transit
5139,5139,14,2026,Transit
5140,5140,14,2026,Transit
5141,5141,14,2026,Transit
5142,5142,14,2026,Transit
5143,5143,14,2026,Transit
5144,5144,14,2026,Transit
5145,5145,3,2015,Transit
5146,5146,14,2026,Transit
5147,5147,14,2026,Transit
5148,5148,14,2026,Transit
5149,5149,14,2026,Transit
5150,5150,14,2026,Transit
5151,5151,14,2026,Transit
5152,5152,14,2026,Transit
5153,5153,14,2026,Transit
5154,5154,14,2026,Transit
5155,5155,14,2026,Transit
5156,5156,14,2026,Transit Timing Variations
5157,5157,14,2026,Transit
5158,5158,14,2026,Transit
5159,5159,14,2026,Transit
5160,5160,14,2026,Transit
5161,5161,14,2026,Transit
5162,5162,14,2023,Transit
5163,5163,23,2026,Microlensing
5164,5164,13,2003,Radial Velocity
5165,5165,7,2011,Radial Velocity
5166,5166,27,2016,Transit
5167,5167,14,2024,Transit
5168,5168,14,2024,Transit
5169,5169,14,2024,Transit
5170,5170,23,2026,Microlensing
5171,5171,14,2026,Transit
5172,5172,14,2026,Transit
5173,5173,14,2023,Transit
5174,5174,14,2026,Transit
5175,5175,14,2026,Transit
5176,5176,14,2026,Transit
5177,5177,14,2026,Transit
5178,5178,14,2026,Transit
5179,5179,3,2016,Transit
5180,5180,3,2016,Transit
5181,5181,14,2026,Transit
5182,5182,14,2026,Transit
5183,5183,13,2020,Radial Velocity
5184,5184,14,2026,Transit
5185,5185,14,2026,Transit
5186,5186,124,2023,Radial Velocity
5187,5187,26,2008,Microlensing
5188,5188,3,2016,Transit
5189,5189,3,2017,Transit
5190,5190,14,2026,Transit
5191,5191,7,2010,Radial Velocity
5192,5192,4,2012,Transit
5193,5193,4,2012,Transit
5194,5194,25,2009,Radial Velocity
5195,5195,14,2026,Transit
5196,5196,14,2026,Transit
5197,5197,14,2024,Transit
5198,5198,14,2026,Transit
5199,5199,13,2000,Radial Velocity
5200,5200,14,2026,Transit
5201,5201,12,2003,Radial Velocity
5202,5202,11,2005,Radial Velocity
5203,5203,25,2026,Radial Velocity
5204,5204,14,2026,Transit
5205,5205,14,2026,Transit
5206,5206,25,2026,Radial Velocity
5207,5207,14,2026,Transit
5208,5208,14,2026,Transit
5209,5209,14,2026,Transit
5210,5210,14,2026,Transit
5211,5211,14,2026,Transit
5212,5212,125,2021,Imaging
5213,5213,13,2016,Radial Velocity
5214,5214,14,2022,Transit
5215,5215,3,2022,Transit
5216,5216,25,2026,Radial Velocity
5217,5217,14,2025,Transit Timing Variations
5218,5218,23,2026,Microlensing
5219,5219,13,2024,Radial Velocity
5220,5220,42,2026,Transit
5221,5221,4,2016,Transit
5222,5222,4,2016,Transit
5223,5223,14,2026,Transit
5224,5224,14,2026,Transit
5225,5225,14,2026,Transit
5226,5226,4,2016,Transit
5227,5227,4,2021,Transit
5228,5228,4,2014,Transit
5229,5229,4,2016,Transit
5230,5230,4,2021,Transit
5231,5231,9,2002,Radial Velocity
5232,5232,4,2016,Transit
5233,5233,4,2021,Transit
5234,5234,4,2016,Transit
5235,5235,4,2016,Transit
5236,5236,4,2016,Transit
5237,5237,7,2009,Radial Velocity
5238,5238,4,2011,Transit
5239,5239,3,2018,Transit
5240,5240,4,2014,Transit
5241,5241,3,2018,Transit
5242,5242,4,2014,Transit
5243,5243,4,2014,Transit
5244,5244,3,2018,Transit
5245,5245,4,2016,Transit
5246,5246,4,2012,Transit
5247,5247,3,2018,Transit
5248,5248,3,2018,Transit
5249,5249,3,2018,Transit
5250,5250,3,2018,Transit
5251,5251,3,2018,Transit
5252,5252,3,2018,Transit
5253,5253,3,2022,Transit
5254,5254,4,2014,Transit
5255,5255,3,2018,Transit
5256,5256,3,2018,Transit
5257,5257,4,2016,Transit
5258,5258,4,2014,Transit
5259,5259,4,2014,Transit
5260,5260,3,2018,Transit
5261,5261,4,2021,Transit
5262,5262,11,2002,Radial Velocity
5263,5263,13,1996,Radial Velocity
5264,5264,3,2022,Transit
5265,5265,4,2014,Transit
5266,5266,66,2008,Imaging
5267,5267,17,2008,Transit
5268,5268,3,2018,Transit
5269,5269,3,2022,Transit
5270,5270,21,2010,Radial Velocity
5271,5271,17,2009,Transit
5272,5272,3,2018,Transit
5273,5273,3,2018,Transit
5274,5274,19,2004,Imaging
5275,5275,17,2009,Radial Velocity
5276,5276,30,2006,Radial Velocity
5277,5277,59,2009,Radial Velocity
5278,5278,3,2018,Transit
5279,5279,4,2016,Transit
5280,5280,17,2009,Transit
5281,5281,3,2021,Transit
5282,5282,12,1995,Radial Velocity
5283,5283,3,2021,Transit
5284,5284,3,2021,Transit
5285,5285,3,2021,Transit
5286,5286,3,2022,Transit
5287,5287,13,2009,Radial Velocity
5288,5288,3,2018,Transit
5289,5289,3,2021,Transit
5290,5290,3,2021,Transit
5291,5291,4,2014,Transit
5292,5292,3,2022,Transit
5293,5293,3,2022,Transit
5294,5294,3,2021,Transit
5295,5295,3,2022,Transit
5296,5296,30,2008,Radial Velocity
5297,5297,3,2021,Transit
5298,5298,3,2022,Transit
5299,5299,38,2009,Radial Velocity
5300,5300,3,2018,Transit
5301,5301,4,2021,Transit
5302,5302,3,2018,Transit
5303,5303,4,2010,Transit
5304,5304,3,2018,Transit
5305,5305,4,2016,Transit
5306,5306,3,2018,Transit
5307,5307,4,2014,Transit
5308,5308,4,2014,Transit
5309,5309,3,2022,Transit
5310,5310,17,2011,Transit
5311,5311,4,2016,Transit
5312,5312,7,2010,Radial Velocity
5313,5313,4,2014,Transit
5314,5314,9,2003,Radial Velocity
5315,5315,11,2009,Radial Velocity
5316,5316,7,2010,Radial Velocity
5317,5317,2,2011,Transit
5318,5318,11,2007,Radial Velocity
5319,5319,11,2008,Radial Velocity
5320,5320,7,2009,Radial Velocity
5321,5321,2,2011,Transit
5322,5322,11,2011,Radial Velocity
5323,5323,11,2011,Radial Velocity
5324,5324,13,1998,Radial Velocity
5325,5325,12,2005,Radial Velocity
5326,5326,1,2001,Radial Velocity
5327,5327,11,2005,Radial Velocity
5328,5328,7,2011,Radial Velocity
5329,5329,19,2004,Imaging
5330,5330,11,2010,Radial Velocity
5331,5331,59,2011,Radial Velocity
5332,5332,4,2016,Transit
5333,5333,7,2010,Radial Velocity
5334,5334,11,2009,Radial Velocity
5335,5335,7,2010,Radial Velocity
5336,5336,13,2000,Radial Velocity
5337,5337,2,2010,Transit
5338,5338,2,2010,Transit
5339,5339,4,2016,Transit
5340,5340,4,2014,Transit
5341,5341,30,2003,Radial Velocity
5342,5342,7,2011,Radial Velocity
5343,5343,98,2005,Radial Velocity
5344,5344,21,2002,Radial Velocity
5345,5345,12,2007,Radial Velocity
5346,5346,11,2005,Radial Velocity
5347,5347,11,2006,Radial Velocity
5348,5348,7,2019,Radial Velocity
5349,5349,2,2010,Transit
5350,5350,7,2018,Radial Velocity
5351,5351,11,2002,Radial Velocity
5352,5352,1,2006,Radial Velocity
5353,5353,1,2006,Radial Velocity
5354,5354,1,2002,Radial Velocity
5355,5355,11,2008,Radial Velocity
5356,5356,9,2003,Radial Velocity
5357,5357,11,2011,Radial Velocity
5358,5358,7,2019,Radial Velocity
5359,5359,9,2002,Radial Velocity
5360,5360,7,2007,Radial Velocity
5361,5361,7,2009,Radial Velocity
5362,5362,9,1999,Radial Velocity
5363,5363,7,2011,Radial Velocity
5364,5364,21,2005,Radial Velocity
5365,5365,9,2003,Radial Velocity
5366,5366,11,2012,Radial Velocity
5367,5367,7,2011,Radial Velocity
5368,5368,11,2001,Radial Velocity
5369,5369,11,2005,Radial Velocity
5370,5370,75,2012,Radial Velocity
5371,5371,7,2005,Radial Velocity
5372,5372,4,2014,Transit
5373,5373,11,2009,Radial Velocity
5374,5374,9,2002,Radial Velocity
5375,5375,7,2009,Radial Velocity
5376,5376,38,2007,Radial Velocity
5377,5377,7,2005,Radial Velocity
5378,5378,7,2010,Radial Velocity
5379,5379,21,2009,Radial Velocity
5380,5380,7,2007,Radial Velocity
5381,5381,123,2015,Radial Velocity
5382,5382,1,2002,Radial Velocity
5383,5383,7,2009,Radial Velocity
5384,5384,11,2011,Radial Velocity
5385,5385,11,1999,Radial Velocity
5386,5386,7,2011,Radial Velocity
5387,5387,11,2010,Radial Velocity
5388,5388,11,2001,Radial Velocity
5389,5389,38,2007,Radial Velocity
5390,5390,1,2004,Radial Velocity
5391,5391,38,2007,Radial Velocity
5392,5392,21,2007,Radial Velocity
5393,5393,13,2003,Radial Velocity
5394,5394,11,2010,Radial Velocity
5395,5395,7,2009,Radial Velocity
5396,5396,11,2004,Radial Velocity
5397,5397,7,2005,Radial Velocity
5398,5398,21,2009,Radial Velocity
5399,5399,102,1997,Radial Velocity
5400,5400,11,2005,Radial Velocity
5401,5401,7,2005,Radial Velocity
5402,5402,7,2006,Radial Velocity
5403,5403,6,2007,Transit
5404,5404,5,2011,Transit
5405,5405,7,2006,Radial Velocity
5406,5406,38,2011,Radial Velocity
5407,5407,126,2007,Radial Velocity
5408,5408,11,2010,Radial Velocity
5409,5409,13,2007,Pulsation Timing Variations
5410,5410,5,2010,Transit
5411,5411,5,2008,Transit
5412,5412,57,2007,Transit
5413,5413,12,2003,Radial Velocity
5414,5414,11,2011,Radial Velocity
5415,5415,7,2010,Radial Velocity
5416,5416,7,2019,Radial Velocity
5417,5417,5,2009,Transit
5418,5418,7,2008,Radial Velocity
5419,5419,11,2007,Radial Velocity
5420,5420,11,2008,Radial Velocity
5421,5421,4,2016,Transit
5422,5422,75,2011,Radial Velocity
5423,5423,18,2008,Radial Velocity
5424,5424,11,2002,Radial Velocity
5425,5425,11,2011,Radial Velocity
5426,5426,11,2000,Radial Velocity
5427,5427,56,2010,Imaging
5428,5428,11,2011,Radial Velocity
5429,5429,7,2011,Radial Velocity
5430,5430,30,2007,Radial Velocity
5431,5431,5,2011,Transit
5432,5432,14,2023,Transit
5433,5433,14,2023,Transit
5434,5434,38,2012,Radial Velocity
5435,5435,51,2011,Imaging
5436,5436,5,2014,Transit
5437,5437,11,2015,Radial Velocity
5438,5438,3,2017,Transit
5439,5439,27,2017,Transit
5440,5440,4,2014,Transit
5441,5441,14,2025,Transit
5442,5442,4,2013,Transit
5443,5443,9,2000,Radial Velocity
5444,5444,21,2007,Radial Velocity
5445,5445,89,2012,Radial Velocity
5446,5446,27,2013,Transit
5447,5447,1,2015,Radial Velocity
5448,5448,27,2016,Transit
5449,5449,3,2017,Transit
5450,5450,30,2018,Radial Velocity
5451,5451,14,2024,Transit
5452,5452,4,2013,Transit
5453,5453,14,2024,Transit
5454,5454,4,2014,Transit
5455,5455,21,1998,Radial Velocity
5456,5456,7,2013,Radial Velocity
5457,5457,17,2013,Transit
5458,5458,7,2014,Radial Velocity
5459,5459,27,2018,Transit
5460,5460,4,2014,Transit
5461,5461,14,2024,Transit
5462,5462,14,2024,Transit
5463,5463,2,2012,Transit
5464,5464,30,2012,Radial Velocity
5465,5465,20,2013,Radial Velocity
5466,5466,7,2014,Radial Velocity
5467,5467,45,2017,Transit
5468,5468,13,2017,Radial Velocity
5469,5469,13,2017,Radial Velocity
5470,5470,127,2017,Transit
5471,5471,4,2014,Transit
5472,5472,14,2026,Transit
5473,5473,3,2018,Transit
5474,5474,1,2002,Radial Velocity
5475,5475,1,2001,Radial Velocity
5476,5476,38,2015,Radial Velocity
5477,5477,7,2017,Radial Velocity
5478,5478,3,2018,Transit
5479,5479,14,2024,Transit
5480,5480,14,2026,Transit
5481,5481,5,2012,Transit
5482,5482,20,2013,Radial Velocity
5483,5483,20,2013,Radial Velocity
5484,5484,20,2016,Radial Velocity
5485,5485,7,2017,Radial Velocity
5486,5486,3,2018,Transit
5487,5487,4,2016,Transit
5488,5488,14,2024,Transit
5489,5489,14,2026,Transit
5490,5490,3,2018,Transit
5491,5491,12,2005,Radial Velocity
5492,5492,5,2012,Transit
5493,5493,56,2013,Imaging
5494,5494,59,2014,Radial Velocity
5495,5495,38,2015,Radial Velocity
5496,5496,20,2016,Radial Velocity
5497,5497,20,2016,Radial Velocity
5498,5498,46,2017,Transit
5499,5499,3,2018,Transit
5500,5500,3,2018,Transit
5501,5501,11,2006,Radial Velocity
5502,5502,12,2008,Radial Velocity
5503,5503,5,2012,Transit
5504,5504,14,2022,Transit
5505,5505,128,2017,Imaging
5506,5506,3,2018,Transit
5507,5507,49,2018,Radial Velocity
5508,5508,14,2023,Transit
5509,5509,51,2008,Imaging
5510,5510,4,2011,Transit Timing Variations
5511,5511,11,2014,Radial Velocity
5512,5512,13,2016,Radial Velocity
5513,5513,3,2017,Transit
5514,5514,3,2018,Transit
5515,5515,3,2018,Transit
5516,5516,11,2018,Radial Velocity
5517,5517,14,2026,Transit
5518,5518,3,2018,Transit
5519,5519,3,2018,Transit
5520,5520,37,2013,Transit
5521,5521,11,2014,Radial Velocity
5522,5522,44,2016,Transit
5523,5523,13,2017,Radial Velocity
5524,5524,3,2018,Transit
5525,5525,3,2018,Transit
5526,5526,14,2022,Transit
5527,5527,14,2026,Transit
5528,5528,9,2012,Radial Velocity
5529,5529,7,2013,Radial Velocity
5530,5530,54,2015,Transit
5531,5531,13,2017,Radial Velocity
5532,5532,3,2018,Transit
5533,5533,11,2018,Radial Velocity
5534,5534,14,2024,Transit
5535,5535,3,2018,Transit
5536,5536,119,2013,Astrometry
5537,5537,13,2014,Radial Velocity
5538,5538,30,2014,Radial Velocity
5539,5539,3,2016,Transit
5540,5540,7,2017,Radial Velocity
5541,5541,4,2017,Transit
5542,5542,11,2018,Radial Velocity
5543,5543,5,2012,Transit
5544,5544,7,2013,Radial Velocity
5545,5545,5,2015,Transit
5546,5546,17,2018,Transit
5547,5547,14,2021,Transit
5548,5548,4,2016,Transit
5549,5549,23,2026,Microlensing
5550,5550,14,2024,Transit
5551,5551,3,2018,Transit
5552,5552,60,2013,Imaging
5553,5553,5,2014,Transit
5554,5554,129,2015,Radial Velocity
5555,5555,3,2017,Transit
5556,5556,28,2017,Radial Velocity
5557,5557,4,2018,Transit
5558,5558,4,2016,Transit
5559,5559,5,2012,Transit
5560,5560,59,2012,Radial Velocity
5561,5561,58,2006,Imaging
5562,5562,5,2014,Transit
5563,5563,4,2014,Orbital Brightness Modulation
5564,5564,7,2015,Radial Velocity
5565,5565,3,2017,Transit
5566,5566,3,2017,Transit
5567,5567,49,2017,Radial Velocity
5568,5568,27,2018,Transit
5569,5569,24,2018,Transit
5570,5570,13,2022,Radial Velocity
5571,5571,14,2024,Transit
5572,5572,9,2002,Radial Velocity
5573,5573,79,2006,Imaging
5574,5574,4,2015,Transit
5575,5575,27,2017,Transit
5576,5576,3,2018,Transit
5577,5577,4,2016,Transit
5578,5578,14,2022,Transit
5579,5579,4,2014,Transit
5580,5580,13,2022,Radial Velocity
5581,5581,13,2024,Radial Velocity
5582,5582,4,2016,Transit
5583,5583,4,2016,Transit
5584,5584,14,2023,Transit
5585,5585,13,2022,Radial Velocity
5586,5586,14,2024,Transit
5587,5587,14,2025,Transit
5588,5588,4,2016,Transit
5589,5589,62,2025,Radial Velocity
5590,5590,14,2026,Transit
5591,5591,4,2016,Transit
5592,5592,13,2022,Radial Velocity
5593,5593,30,2022,Radial Velocity
5594,5594,14,2025,Transit
5595,5595,14,2026,Transit
5596,5596,13,2017,Imaging
5597,5597,34,2024,Radial Velocity
5598,5598,62,2025,Radial Velocity
5599,5599,3,2025,Transit
5600,5600,14,2026,Transit
5601,5601,4,2016,Transit
5602,5602,4,2021,Transit
5603,5603,14,2024,Transit
5604,5604,13,2022,Radial Velocity
5605,5605,4,2016,Transit
5606,5606,4,2024,Transit
5607,5607,72,2025,Transit
5608,5608,14,2026,Transit
5609,5609,14,2026,Transit
5610,5610,4,2016,Transit
5611,5611,4,2016,Transit
5612,5612,4,2013,Transit
5613,5613,4,2016,Transit
5614,5614,14,2026,Transit
5615,5615,49,2023,Radial Velocity
5616,5616,14,2025,Transit
5617,5617,32,2024,Imaging
5618,5618,64,2025,Imaging
5619,5619,14,2026,Transit
5620,5620,14,2025,Transit
5621,5621,14,2024,Transit
5622,5622,13,2022,Radial Velocity
5623,5623,13,2022,Radial Velocity
5624,5624,55,2021,Imaging
5625,5625,13,2023,Radial Velocity
5626,5626,13,2023,Radial Velocity
5627,5627,32,2024,Imaging
5628,5628,4,2016,Transit
5629,5629,49,2025,Radial Velocity
5630,5630,13,2026,Radial Velocity
5631,5631,13,2026,Radial Velocity
5632,5632,14,2026,Transit
5633,5633,14,2026,Transit
5634,5634,13,2026,Radial Velocity
5635,5635,4,2016,Transit
5636,5636,4,2014,Transit
5637,5637,3,2022,Transit
5638,5638,64,2023,Imaging
5639,5639,14,2024,Transit
5640,5640,14,2024,Transit
5641,5641,14,2025,Transit
5642,5642,4,2014,Transit
5643,5643,13,2026,Radial Velocity
5644,5644,14,2026,Transit
5645,5645,4,2014,Transit
5646,5646,14,2022,Transit
5647,5647,4,2016,Transit
5648,5648,3,2022,Transit
5649,5649,14,2024,Transit
5650,5650,4,2014,Transit
5651,5651,34,2023,Radial Velocity
5652,5652,14,2023,Transit
5653,5653,4,2014,Transit
5654,5654,14,2026,Transit
5655,5655,4,2021,Transit
5656,5656,4,2016,Transit
5657,5657,4,2016,Transit
5658,5658,14,2026,Transit
5659,5659,14,2023,Transit
5660,5660,13,2024,Imaging
5661,5661,13,2025,Radial Velocity
5662,5662,13,2025,Transit Timing Variations
5663,5663,14,2026,Transit
5664,5664,14,2026,Transit
5665,5665,4,2013,Transit
5666,5666,13,2022,Radial Velocity
5667,5667,14,2023,Transit
5668,5668,4,2016,Transit
5669,5669,4,2014,Transit
5670,5670,7,2025,Radial Velocity
5671,5671,13,2026,Radial Velocity
5672,5672,4,2014,Transit
5673,5673,13,2022,Radial Velocity
5674,5674,4,2016,Transit
5675,5675,14,2024,Transit
5676,5676,4,2016,Transit
5677,5677,64,2017,Imaging
5678,5678,13,2024,Radial Velocity
5679,5679,34,2025,Radial Velocity
5680,5680,56,2026,Imaging
5681,5681,14,2026,Transit
5682,5682,20,2020,Radial Velocity
5683,5683,7,2023,Radial Velocity
5684,5684,14,2025,Transit
5685,5685,32,2025,Astrometry
5686,5686,13,2026,Radial Velocity
5687,5687,14,2026,Transit
5688,5688,4,2014,Transit
5689,5689,4,2016,Transit
5690,5690,14,2025,Transit
5691,5691,13,2022,Radial Velocity
5692,5692,13,2022,Radial Velocity
5693,5693,13,2022,Radial Velocity
5694,5694,4,2016,Transit
5695,5695,14,2026,Transit
5696,5696,11,2023,Radial Velocity
5697,5697,4,2013,Transit
5698,5698,14,2025,Transit
5699,5699,4,2014,Transit
5700,5700,4,2021,Transit
5701,5701,4,2016,Transit
5702,5702,14,2026,Transit
5703,5703,13,2022,Radial Velocity
5704,5704,14,2024,Transit
5705,5705,13,2023,Imaging
5706,5706,4,2021,Transit
5707,5707,7,2025,Radial Velocity
5708,5708,14,2024,Transit
5709,5709,4,2014,Transit
5710,5710,32,2026,Microlensing
5711,5711,28,2023,Radial Velocity
5712,5712,49,2023,Radial Velocity
5713,5713,14,2024,Transit Timing Variations
5714,5714,33,2026,Radial Velocity
5715,5715,33,2026,Radial Velocity
5716,5716,4,2016,Transit
5717,5717,14,2026,Transit
5718,5718,4,2013,Transit
5719,5719,4,2011,Transit
5720,5720,130,2016,Radial Velocity
5721,5721,13,2022,Radial Velocity
5722,5722,4,2014,Transit
5723,5723,4,2016,Transit
5724,5724,49,2023,Radial Velocity
5725,5725,4,2014,Transit
5726,5726,25,2026,Radial Velocity
5727,5727,4,2014,Transit
5728,5728,4,2014,Transit
5729,5729,4,2014,Transit
5730,5730,4,2014,Transit
5731,5731,4,2016,Transit
5732,5732,4,2016,Transit
5733,5733,4,2016,Transit
5734,5734,4,2021,Transit
5735,5735,4,2014,Transit
5736,5736,4,2014,Transit
5737,5737,4,2014,Transit
5738,5738,4,2014,Transit
5739,5739,4,2014,Transit
5740,5740,4,2014,Transit
5741,5741,4,2016,Transit
5742,5742,4,2014,Transit
5743,5743,4,2016,Transit
5744,5744,4,2021,Transit
5745,5745,4,2016,Transit
5746,5746,4,2014,Transit
5747,5747,4,2013,Transit
5748,5748,4,2023,Transit
5749,5749,4,2011,Transit
5750,5750,4,2023,Transit
5751,5751,4,2016,Transit
5752,5752,4,2016,Transit
5753,5753,4,2014,Transit
5754,5754,4,2014,Transit
5755,5755,4,2014,Transit
5756,5756,4,2014,Transit
5757,5757,4,2014,Transit
5758,5758,4,2014,Transit
5759,5759,4,2013,Transit
5760,5760,28,2015,Radial Velocity
5761,5761,4,2016,Transit
5762,5762,4,2014,Transit
5763,5763,4,2016,Transit
5764,5764,4,2016,Transit
5765,5765,4,2014,Transit
5766,5766,4,2014,Transit
5767,5767,4,2014,Transit
5768,5768,4,2020,Transit
5769,5769,4,2010,Transit
5770,5770,4,2013,Transit
5771,5771,4,2012,Transit
5772,5772,4,2016,Transit
5773,5773,4,2021,Transit
5774,5774,4,2021,Transit
5775,5775,4,2014,Transit
5776,5776,4,2014,Transit
5777,5777,4,2014,Transit
5778,5778,4,2014,Transit
5779,5779,13,2015,Radial Velocity
5780,5780,4,2012,Transit
5781,5781,4,2021,Transit
5782,5782,4,2021,Transit
5783,5783,4,2014,Transit
5784,5784,4,2014,Transit
5785,5785,4,2014,Transit
5786,5786,4,2014,Transit
5787,5787,4,2016,Transit
5788,5788,4,2021,Transit
5789,5789,4,2014,Transit
5790,5790,4,2016,Transit
5791,5791,4,2014,Transit
5792,5792,4,2021,Transit
5793,5793,4,2013,Transit
5794,5794,4,2023,Transit
5795,5795,4,2020,Transit
5796,5796,4,2012,Transit
5797,5797,4,2021,Transit
5798,5798,4,2016,Transit
5799,5799,4,2021,Transit
5800,5800,4,2016,Transit
5801,5801,4,2018,Transit
5802,5802,4,2014,Transit
5803,5803,4,2014,Transit
5804,5804,4,2014,Transit
5805,5805,4,2014,Transit
5806,5806,4,2014,Transit
5807,5807,4,2014,Transit
5808,5808,59,2015,Radial Velocity
5809,5809,4,2014,Transit
5810,5810,4,2014,Transit
5811,5811,4,2014,Transit
5812,5812,4,2014,Transit
5813,5813,59,2015,Radial Velocity
5814,5814,4,2016,Transit
5815,5815,4,2023,Transit
5816,5816,4,2021,Transit
5817,5817,4,2014,Transit
5818,5818,4,2020,Transit
5819,5819,4,2014,Transit
5820,5820,4,2014,Transit
5821,5821,4,2014,Transit
5822,5822,4,2023,Transit
5823,5823,4,2013,Transit
5824,5824,54,2015,Transit
5825,5825,4,2021,Transit
5826,5826,4,2014,Transit
5827,5827,4,2014,Transit
5828,5828,4,2016,Transit
5829,5829,4,2014,Transit
5830,5830,4,2014,Transit
5831,5831,4,2016,Transit
5832,5832,4,2013,Transit
5833,5833,4,2014,Transit
5834,5834,4,2016,Transit
5835,5835,4,2014,Transit
5836,5836,4,2014,Transit
5837,5837,4,2014,Transit
5838,5838,4,2016,Transit
5839,5839,4,2014,Transit
5840,5840,4,2016,Transit
5841,5841,4,2021,Transit
5842,5842,4,2016,Transit
5843,5843,4,2014,Transit
5844,5844,4,2013,Transit
5845,5845,4,2020,Transit
5846,5846,4,2016,Transit
5847,5847,4,2016,Transit
5848,5848,4,2016,Transit
5849,5849,4,2014,Transit
5850,5850,4,2013,Transit
5851,5851,4,2016,Transit
5852,5852,4,2016,Transit
5853,5853,4,2014,Transit
5854,5854,4,2014,Transit
5855,5855,4,2016,Transit
5856,5856,4,2014,Transit
5857,5857,4,2014,Transit
5858,5858,4,2021,Transit
5859,5859,4,2016,Transit
5860,5860,4,2016,Transit
5861,5861,4,2014,Transit
5862,5862,4,2014,Transit
5863,5863,4,2016,Transit
5864,5864,11,2020,Radial Velocity
5865,5865,4,2014,Transit
5866,5866,4,2014,Transit
5867,5867,4,2016,Transit
5868,5868,4,2016,Transit
5869,5869,4,2021,Transit
5870,5870,4,2014,Transit
5871,5871,4,2016,Transit
5872,5872,4,2014,Transit
5873,5873,45,2019,Transit
5874,5874,14,2020,Transit
5875,5875,27,2021,Transit
5876,5876,14,2026,Transit
5877,5877,4,2021,Transit
5878,5878,14,2024,Transit
5879,5879,14,2024,Transit
5880,5880,4,2011,Transit
5881,5881,4,2016,Transit
5882,5882,14,2023,Transit
5883,5883,4,2021,Transit
5884,5884,4,2016,Transit
5885,5885,33,2019,Radial Velocity
5886,5886,49,2019,Radial Velocity
5887,5887,131,2021,Imaging
5888,5888,14,2022,Transit
5889,5889,7,2022,Radial Velocity
5890,5890,14,2024,Transit
5891,5891,14,2022,Transit
5892,5892,4,2016,Transit
5893,5893,33,2019,Radial Velocity
5894,5894,1,2016,Transit
5895,5895,14,2019,Transit
5896,5896,3,2020,Transit
5897,5897,13,2020,Radial Velocity
5898,5898,14,2024,Transit
5899,5899,4,2014,Transit
5900,5900,5,2020,Transit
5901,5901,30,2021,Radial Velocity
5902,5902,13,2022,Radial Velocity
5903,5903,14,2024,Transit
5904,5904,14,2025,Transit
5905,5905,4,2016,Transit
5906,5906,4,2023,Transit
5907,5907,28,2018,Radial Velocity
5908,5908,13,2020,Radial Velocity
5909,5909,106,2021,Radial Velocity
5910,5910,14,2022,Transit
5911,5911,14,2024,Transit
5912,5912,14,2026,Transit
5913,5913,4,2014,Transit
5914,5914,4,2014,Transit
5915,5915,4,2013,Transit
5916,5916,29,2017,Transit
5917,5917,13,2020,Radial Velocity
5918,5918,3,2022,Transit
5919,5919,14,2026,Transit
5920,5920,14,2024,Transit
5921,5921,28,2020,Radial Velocity
5922,5922,19,2013,Imaging
5923,5923,14,2025,Transit
5924,5924,4,2014,Transit
5925,5925,3,2019,Transit
5926,5926,13,2019,Imaging
5927,5927,3,2020,Transit
5928,5928,3,2022,Transit
5929,5929,14,2023,Transit
5930,5930,14,2026,Transit
5931,5931,4,2016,Transit
5932,5932,3,2019,Transit
5933,5933,4,2016,Transit
5934,5934,4,2016,Transit
5935,5935,14,2026,Transit
5936,5936,3,2019,Transit
5937,5937,3,2020,Transit
5938,5938,4,2016,Transit
5939,5939,14,2022,Transit
5940,5940,14,2026,Transit
5941,5941,14,2024,Transit
5942,5942,14,2023,Transit
5943,5943,14,2024,Transit
5944,5944,14,2023,Transit
5945,5945,4,2016,Transit
5946,5946,3,2019,Transit
5947,5947,4,2016,Transit
5948,5948,3,2022,Transit
5949,5949,14,2022,Transit
5950,5950,14,2024,Transit
5951,5951,4,2016,Transit
5952,5952,27,2019,Transit
5953,5953,27,2019,Transit
5954,5954,14,2020,Transit
5955,5955,3,2022,Transit
5956,5956,14,2026,Transit
5957,5957,14,2026,Transit
5958,5958,14,2022,Transit
5959,5959,4,2021,Transit
5960,5960,4,2021,Transit
5961,5961,13,2014,Radial Velocity
5962,5962,3,2022,Transit
5963,5963,14,2022,Transit
5964,5964,14,2024,Transit
5965,5965,14,2023,Transit
5966,5966,4,2014,Transit
5967,5967,4,2016,Transit
5968,5968,4,2021,Transit
5969,5969,11,2019,Radial Velocity
5970,5970,13,2014,Radial Velocity
5971,5971,14,2020,Transit
5972,5972,14,2023,Transit
5973,5973,14,2023,Transit
5974,5974,14,2023,Transit
5975,5975,14,2023,Transit
5976,5976,4,2013,Transit
5977,5977,14,2019,Transit
5978,5978,4,2014,Transit
5979,5979,104,2020,Transit
5980,5980,3,2022,Transit
5981,5981,59,2022,Radial Velocity
5982,5982,4,2015,Transit
5983,5983,4,2018,Transit
5984,5984,4,2020,Transit
5985,5985,4,2014,Transit
5986,5986,8,2008,Microlensing
5987,5987,23,2018,Microlensing
5988,5988,23,2022,Microlensing
5989,5989,23,2025,Microlensing
5990,5990,4,2021,Transit
5991,5991,4,2016,Transit
5992,5992,4,2021,Transit
5993,5993,26,2013,Microlensing
5994,5994,26,2018,Microlensing
5995,5995,23,2021,Microlensing
5996,5996,8,2022,Microlensing
5997,5997,23,2025,Microlensing
5998,5998,23,2025,Microlensing
5999,5999,4,2014,Transit
6000,6000,4,2021,Transit
6001,6001,4,2014,Transit
6002,6002,4,2016,Transit
6003,6003,4,2016,Transit
6004,6004,4,2011,Transit
6005,6005,4,2014,Transit
6006,6006,23,2024,Microlensing
6007,6007,4,2016,Transit
6008,6008,4,2014,Transit
6009,6009,4,2014,Transit
6010,6010,8,2016,Microlensing
6011,6011,26,2016,Microlensing
6012,6012,8,2022,Microlensing
6013,6013,23,2022,Microlensing
6014,6014,4,2014,Transit
6015,6015,4,2023,Transit
6016,6016,4,2016,Transit
6017,6017,4,2021,Transit
6018,6018,4,2016,Transit
6019,6019,8,2016,Microlensing
6020,6020,8,2019,Microlensing
6021,6021,8,2021,Microlensing
6022,6022,23,2022,Microlensing
6023,6023,14,2025,Transit
6024,6024,4,2021,Transit
6025,6025,4,2016,Transit
6026,6026,4,2016,Transit
6027,6027,23,2018,Microlensing
6028,6028,23,2022,Microlensing
6029,6029,23,2026,Microlensing
6030,6030,4,2014,Transit
6031,6031,4,2014,Transit
6032,6032,4,2016,Transit
6033,6033,4,2016,Transit
6034,6034,23,2019,Microlensing
6035,6035,23,2022,Microlensing
6036,6036,4,2012,Transit
6037,6037,15,1992,Pulsar Timing
6038,6038,8,2017,Microlensing
6039,6039,8,2012,Microlensing
6040,6040,23,2022,Microlensing
6041,6041,23,2026,Microlensing
6042,6042,4,2014,Transit
6043,6043,4,2021,Transit
6044,6044,4,2016,Transit
6045,6045,4,2021,Transit
6046,6046,8,2005,Microlensing
6047,6047,4,2014,Transit
6048,6048,4,2023,Transit
6049,6049,4,2016,Transit
6050,6050,26,2010,Microlensing
6051,6051,23,2022,Microlensing
6052,6052,4,2014,Transit
6053,6053,4,2014,Transit
6054,6054,4,2016,Transit
6055,6055,4,2014,Transit
6056,6056,4,2016,Transit
6057,6057,8,2020,Microlensing
6058,6058,23,2022,Microlensing
6059,6059,23,2022,Microlensing
6060,6060,8,2024,Microlensing
6061,6061,4,2023,Transit
6062,6062,4,2016,Transit
6063,6063,4,2015,Transit
6064,6064,4,2021,Transit
6065,6065,4,2023,Transit
6066,6066,4,2014,Transit
6067,6067,26,2012,Microlensing
6068,6068,8,2018,Microlensing
6069,6069,8,2020,Microlensing
6070,6070,23,2022,Microlensing
6071,6071,4,2016,Transit
6072,6072,4,2011,Transit
6073,6073,26,2013,Microlensing
6074,6074,26,2025,Microlensing
6075,6075,23,2025,Microlensing
6076,6076,4,2016,Transit
6077,6077,4,2016,Transit
6078,6078,4,2013,Transit
6079,6079,8,2018,Microlensing
6080,6080,8,2025,Microlensing
6081,6081,4,2016,Transit
6082,6082,23,2026,Microlensing
6083,6083,4,2012,Transit
6084,6084,4,2014,Transit
6085,6085,4,2016,Transit
6086,6086,4,2014,Transit
6087,6087,8,2014,Microlensing
6088,6088,23,2021,Microlensing
6089,6089,23,2023,Microlensing
6090,6090,23,2023,Microlensing
6091,6091,8,2015,Microlensing
6092,6092,4,2016,Transit
6093,6093,4,2014,Transit
6094,6094,4,2016,Transit
6095,6095,4,2012,Transit
6096,6096,8,2017,Microlensing
6097,6097,23,2023,Microlensing
6098,6098,14,2025,Transit
6099,6099,4,2016,Transit
6100,6100,4,2014,Transit
6101,6101,4,2016,Transit
6102,6102,3,2017,Transit
6103,6103,14,2026,Transit
6104,6104,4,2014,Transit
6105,6105,4,2014,Transit
6106,6106,4,2015,Transit
6107,6107,4,2017,Transit
6108,6108,4,2014,Transit
6109,6109,3,2018,Transit
6110,6110,4,2014,Transit
6111,6111,4,2012,Transit
6112,6112,4,2021,Transit
6113,6113,4,2016,Transit
6114,6114,4,2016,Transit
6115,6115,4,2023,Transit
6116,6116,4,2014,Transit
6117,6117,4,2016,Transit
6118,6118,3,2018,Transit
6119,6119,3,2017,Transit
6120,6120,4,2018,Transit
6121,6121,14,2024,Transit
6122,6122,13,2022,Radial Velocity
6123,6123,4,2016,Transit
6124,6124,4,2021,Transit
6125,6125,4,2016,Transit
6126,6126,4,2014,Transit
6127,6127,3,2017,Transit
6128,6128,4,2025,Transit
6129,6129,4,2018,Transit
6130,6130,4,2016,Transit
6131,6131,3,2018,Transit
6132,6132,4,2016,Transit
6133,6133,14,2023,Transit
6134,6134,4,2021,Transit
6135,6135,4,2016,Transit
6136,6136,4,2014,Transit
6137,6137,4,2014,Transit
6138,6138,4,2010,Transit
6139,6139,4,2016,Transit
6140,6140,4,2016,Transit
6141,6141,4,2014,Transit
6142,6142,3,2016,Transit
6143,6143,4,2014,Transit
6144,6144,4,2020,Transit
6145,6145,4,2017,Transit
6146,6146,4,2014,Transit
6147,6147,4,2014,Transit
6148,6148,4,2014,Transit
6149,6149,14,2026,Transit
6150,6150,4,2016,Transit
6151,6151,4,2014,Transit
6152,6152,4,2016,Transit
6153,6153,4,2016,Transit
6154,6154,4,2016,Transit
6155,6155,4,2023,Transit
6156,6156,3,2017,Transit
6157,6157,4,2016,Transit
6158,6158,4,2021,Transit
6159,6159,4,2016,Transit
6160,6160,4,2012,Transit
6161,6161,4,2015,Transit
6162,6162,4,2016,Transit
6163,6163,4,2016,Transit
6164,6164,4,2016,Transit
6165,6165,3,2021,Transit
6166,6166,4,2016,Transit
6167,6167,4,2021,Transit
6168,6168,4,2012,Transit
6169,6169,4,2016,Transit
6170,6170,4,2014,Transit
6171,6171,4,2014,Transit
6172,6172,4,2016,Transit
6173,6173,4,2016,Transit
6174,6174,4,2023,Transit
6175,6175,4,2016,Transit
6176,6176,4,2015,Transit
6177,6177,4,2016,Transit
6178,6178,3,2018,Transit
6179,6179,4,2014,Transit
6180,6180,4,2016,Transit
6181,6181,4,2016,Transit
6182,6182,4,2016,Transit
6183,6183,4,2020,Transit
6184,6184,4,2016,Transit
6185,6185,4,2014,Transit
6186,6186,4,2022,Transit
6187,6187,3,2018,Transit
6188,6188,4,2011,Transit
6189,6189,4,2016,Transit
6190,6190,4,2016,Transit
6191,6191,4,2016,Transit
6192,6192,4,2016,Transit
6193,6193,4,2016,Transit
6194,6194,4,2016,Transit
6195,6195,3,2018,Transit
6196,6196,4,2016,Transit
6197,6197,4,2011,Transit
6198,6198,4,2014,Transit
6199,6199,4,2014,Transit
6200,6200,4,2016,Transit
6201,6201,4,2016,Transit
6202,6202,4,2016,Transit
6203,6203,14,2026,Transit
6204,6204,4,2016,Transit
6205,6205,4,2016,Transit
6206,6206,4,2016,Transit
6207,6207,4,2016,Transit
6208,6208,4,2016,Transit
6209,6209,4,2016,Transit
6210,6210,4,2016,Transit
6211,6211,4,2016,Transit
6212,6212,4,2014,Transit
6213,6213,4,2016,Transit
6214,6214,4,2016,Transit
6215,6215,4,2016,Transit
6216,6216,4,2021,Transit
6217,6217,4,2021,Transit
6218,6218,4,2023,Transit
6219,6219,4,2022,Transit
6220,6220,3,2018,Transit
6221,6221,4,2014,Transit
6222,6222,4,2014,Transit
6223,6223,127,2016,Transit
6224,6224,7,2018,Radial Velocity
6225,6225,13,2014,Radial Velocity
6226,6226,13,2014,Radial Velocity
6227,6227,13,2021,Radial Velocity
6228,6228,4,2021,Orbital Brightness Modulation
6229,6229,7,2021,Radial Velocity
6230,6230,4,2014,Transit
6231,6231,14,2026,Transit
6232,6232,5,2016,Transit
6233,6233,25,2017,Radial Velocity
6234,6234,9,2019,Radial Velocity
6235,6235,13,2014,Radial Velocity
6236,6236,11,2021,Radial Velocity
6237,6237,14,2025,Transit
6238,6238,43,2025,Transit
6239,6239,14,2026,Transit
6240,6240,9,2012,Radial Velocity
6241,6241,3,2018,Transit
6242,6242,5,2019,Transit
6243,6243,4,2021,Transit
6244,6244,4,2016,Transit
6245,6245,14,2023,Transit
6246,6246,9,2012,Radial Velocity
6247,6247,4,2016,Transit
6248,6248,46,2021,Transit
6249,6249,14,2021,Transit
6250,6250,4,2014,Transit
6251,6251,4,2014,Transit
6252,6252,14,2023,Transit
6253,6253,4,2014,Transit
6254,6254,4,2016,Transit
6255,6255,94,2017,Radial Velocity
6256,6256,29,2019,Transit
6257,6257,28,2021,Radial Velocity
6258,6258,3,2021,Transit
6259,6259,3,2022,Transit
6260,6260,4,2011,Transit
6261,6261,4,2014,Transit
6262,6262,13,2010,Eclipse Timing Variations
6263,6263,20,2016,Radial Velocity
6264,6264,4,2016,Transit
6265,6265,14,2019,Transit
6266,6266,14,2021,Transit
6267,6267,4,2014,Transit
6268,6268,4,2015,Transit
6269,6269,14,2026,Transit
6270,6270,13,2015,Radial Velocity
6271,6271,33,2019,Radial Velocity
6272,6272,14,2020,Transit
6273,6273,3,2022,Transit
6274,6274,14,2023,Transit
6275,6275,14,2024,Transit
6276,6276,4,2020,Transit
6277,6277,4,2014,Transit
6278,6278,7,2017,Radial Velocity
6279,6279,3,2019,Transit
6280,6280,33,2019,Radial Velocity
6281,6281,13,2021,Radial Velocity
6282,6282,14,2021,Transit
6283,6283,132,2021,Transit
6284,6284,14,2023,Transit
6285,6285,4,2014,Transit
6286,6286,3,2016,Transit
6287,6287,13,2016,Radial Velocity
6288,6288,7,2017,Radial Velocity
6289,6289,3,2019,Transit
6290,6290,49,2019,Radial Velocity
6291,6291,33,2019,Radial Velocity
6292,6292,4,2014,Transit
6293,6293,133,2020,Imaging
6294,6294,14,2021,Transit
6295,6295,3,2022,Transit
6296,6296,14,2023,Transit
6297,6297,4,2014,Transit
6298,6298,14,2026,Transit
6299,6299,14,2025,Transit
6300,6300,7,2017,Radial Velocity
6301,6301,7,2019,Radial Velocity
6302,6302,14,2021,Transit
6303,6303,61,2021,Transit
6304,6304,3,2022,Transit
6305,6305,14,2026,Transit
6306,6306,4,2014,Transit
6307,6307,14,2026,Transit
6308,6308,11,2015,Radial Velocity
6309,6309,7,2016,Radial Velocity
6310,6310,24,2016,Transit
6311,6311,47,2019,Transit
6312,6312,14,2021,Transit
6313,6313,14,2025,Transit
6314,6314,14,2025,Transit
6315,6315,3,2016,Transit
6316,6316,28,2017,Radial Velocity
6317,6317,14,2019,Transit
6318,6318,47,2019,Transit
6319,6319,13,2021,Radial Velocity
6320,6320,4,2016,Transit
6321,6321,4,2014,Transit
6322,6322,14,2023,Transit
6323,6323,27,2015,Transit
6324,6324,13,2021,Radial Velocity
6325,6325,4,2016,Transit
6326,6326,20,2021,Radial Velocity
6327,6327,14,2023,Transit
6328,6328,4,2014,Transit
6329,6329,14,2025,Transit
6330,6330,3,2018,Transit
6331,6331,49,2019,Radial Velocity
6332,6332,13,2021,Radial Velocity
6333,6333,20,2021,Radial Velocity
6334,6334,4,2014,Transit
6335,6335,29,2019,Transit
6336,6336,4,2014,Transit
6337,6337,14,2021,Transit
6338,6338,13,2021,Radial Velocity
6339,6339,13,2021,Radial Velocity
6340,6340,20,2021,Radial Velocity
6341,6341,14,2021,Transit
6342,6342,14,2021,Transit
6343,6343,14,2025,Transit
6344,6344,4,2016,Transit
6345,6345,4,2012,Transit
6346,6346,14,2025,Transit
6347,6347,14,2026,Transit
6348,6348,3,2016,Transit
6349,6349,3,2018,Transit
6350,6350,13,2014,Radial Velocity
6351,6351,7,2021,Radial Velocity
6352,6352,4,2014,Transit
6353,6353,4,2021,Transit
6354,6354,3,2022,Transit
6355,6355,4,2014,Transit
6356,6356,3,2016,Transit
6357,6357,4,2021,Transit
6358,6358,2,2008,Transit
6359,6359,4,2016,Transit
6360,6360,3,2016,Transit
6361,6361,3,2016,Transit
6362,6362,3,2022,Transit
6363,6363,3,2016,Transit
6364,6364,3,2018,Transit
6365,6365,4,2015,Transit
6366,6366,4,2014,Transit
6367,6367,4,2014,Transit
6368,6368,4,2016,Transit
6369,6369,3,2016,Transit
6370,6370,4,2021,Transit
6371,6371,3,2022,Transit
6372,6372,8,2026,Microlensing
6373,6373,23,2026,Microlensing
6374,6374,23,2026,Microlensing
6375,6375,23,2026,Microlensing
