id_estrella,nombre,masa,radio,temperatura
1,HD 2039,1.23,1.19,5945.0
2,HAT-P-8,1.27,1.57,6200.0
3,K2-43,0.571,0.542,3840.6
4,Kepler-1753,0.86,0.769,5180.0
5,Kepler-1176,1.01,1.02,5844.0
6,K2-126,0.69,0.65,4339.0
7,Kepler-1263,0.84,0.8,5213.0
8,Kepler-1416,1.09,1.15,6019.0
9,Kepler-1542,0.94,0.99,5564.0
10,K2-85,0.7,0.71,4232.0
11,Kepler-368,1.165,2.019,5502.0
12,K2-123,0.62,0.59,4035.0
13,Kepler-770,0.94,0.92,5598.0
14,Kepler-1399,0.97,0.96,5735.0
15,Kepler-723,0.92,0.89,5539.0
16,K2-107,1.3,1.81,6061.0
17,K2-45,0.503,0.445,4103.0
18,K2-365,0.823,1.051,5561.0
19,K2-127,0.72,0.66,4575.0
20,K2-195,0.94,0.99,5713.0
21,K2-80,0.9,0.87,5441.0
22,K2-229,0.87,0.79,5315.0
23,HAT-P-3,1.06,0.87,5185.0
24,WASP-32,0.72,0.95,6140.0
25,WASP-24,1.43,1.42,6075.0
26,Kepler-65,1.25,1.41,6211.0
27,TrES-2,1.36,1.12,5850.0
28,Kepler-939,0.88,0.85,5471.0
29,Kepler-1028,0.9,0.87,5522.0
30,HAT-P-67,1.73,2.62,6640.0
31,Kepler-1101,0.94,0.91,5614.0
32,Kepler-1388,0.63,0.61,4098.0
33,Kepler-768,0.82,0.78,5108.0
34,Kepler-796,0.93,1.09,5475.0
35,Kepler-110,0.989,1.149,5960.0
36,Kepler-1042,0.75,0.72,4815.0
37,Kepler-334,1.022,1.068,5828.0
38,Kepler-937,1.15,1.22,6095.0
39,Kepler-1117,0.95,0.93,5612.0
40,Kepler-1789,0.92,0.888,5436.0
41,Kepler-1831,1.117,1.012,6063.0
42,Kepler-1245,0.86,0.83,5306.0
43,Kepler-114,0.77,0.667,4605.0
44,Kepler-1105,0.71,0.68,4299.0
45,Kepler-187,1.081,1.287,6105.0
46,Kepler-1379,0.83,0.79,5188.0
47,Kepler-304,0.737,0.687,4731.0
48,Kepler-1291,0.84,0.8,5216.0
49,Kepler-461,0.98,0.91,5634.0
50,Kepler-1894,0.999,0.901,5772.0
51,Kepler-576,0.99,0.97,5672.0
52,Kepler-1893,0.973,1.162,5633.0
53,Kepler-1601,1.04,1.07,5869.0
54,Kepler-1922,0.953,0.863,5931.0
55,HD 80653,1.15,1.199,5959.0
56,Kepler-666,1.03,1.05,5887.0
57,Kepler-211,0.867,0.816,5123.0
58,Kepler-203,1.06,1.114,5821.0
59,GJ 674,0.35,0.36463,3600.0
60,OGLE-TR-182,1.14,1.14,5924.0
61,HD 69830,0.86,0.886947,5385.0
62,GJ 3021,0.9,0.9,5540.0
63,HD 221287,1.25,1.13864,6304.0
64,HD 47536,2.1,23.47,4380.0
65,HD 107148,1.12,1.169193,5797.0
66,HD 179949,1.21,1.266865,6168.0
67,HD 188015,1.09,1.125296,5746.0
68,HD 27442,1.23,3.18,4846.0
69,HD 46375,0.92,0.914196,5285.0
70,HAT-P-2,1.33,1.39,6380.0
71,HD 109749,1.13,1.22,5824.0
72,HD 149143,1.2,1.44,5856.0
73,HD 224693,1.31,1.93,5894.0
74,HD 231701,1.21,1.53,6101.0
75,HIP 14810,1.01,1.07,5544.0
76,HD 207832,1.05,0.89,5726.0
77,HD 37605,0.94,0.91,5329.0
78,HD 1605,1.33,3.49,4915.0
79,HD 55696,1.29,1.52,6012.0
80,HD 148164,1.21,1.34,6032.0
81,HD 211810,1.03,1.13,5652.0
82,HD 221416,1.212,2.943,5080.0
83,Kepler-595,0.93,0.821,5138.5
84,PSR B1257+12,1.4,,
85,OGLE-TR-211,1.33,1.64,6325.0
86,Lupus-TR-3,0.87,0.82,5000.0
87,2MASS J04414489+2301513,0.019,0.231916,2936.0
88,WASP-21,1.01,1.06,5800.0
89,CoRoT-10,0.89,0.79,5075.0
90,CoRoT-12,1.078,1.116,5675.0
91,CoRoT-13,1.09,1.01,5945.0
92,HD 285968,0.5,0.478214,3703.49
93,HD 205739,1.22,1.33,6176.0
94,CoRoT-3,1.37,1.56,6740.0
95,HD 16417,1.2,1.639984,5841.0
96,AB Pic,0.9,0.999394,5285.0
97,CT Cha,,1.679694,4403.0
98,HD 9446,1.0,1.0,5793.0
99,Kepler-4,1.223,1.487,5857.0
100,GJ 876,0.32,0.3,3293.74
101,HIP 79431,0.49,0.478625,3191.0
102,TOI-907,1.069357,2.059789,6272.0
103,WASP-31,1.163,1.252,6302.0
104,24 Sex,1.54,4.9,5098.0
105,WASP-37,0.925,1.003,5800.0
106,Kepler-9,1.07,1.02,5777.0
107,KOI-217,0.95,0.86,5545.0
108,HD 90156,0.84,0.920286,5599.0
109,HD 177830,1.47,2.62,4949.0
110,ups And,1.3,1.56,6156.77
111,OGLE-2017-BLG-0373L,0.248,,
112,Kepler-1737,0.834,0.881,5043.0
113,K2-269,1.16,1.45,6209.0
114,TOI-1249,1.0062,0.9785,5497.0
115,Kepler-106,1.0,1.04,5858.0
116,Kepler-1031,1.09,1.12,6011.0
117,CD-35 2722 B,0.035,0.159,1800.0
118,Kepler-948,0.96,0.94,5679.0
119,OGLE-2014-BLG-0319L,0.52,,
120,OGLE-2018-BLG-1011L,0.18,,
121,WASP-61,1.82,1.55,6250.0
122,KMT-2022-BLG-0303L,0.368,,
123,OGLE-2019-BLG-0954L,0.8,,
124,WASP-123,1.166,1.285,5740.0
125,Kepler-1882,1.068,1.458,5691.0
126,KOI-984,0.928,0.818,5295.0
127,Kepler-1573,1.01,1.0,5808.0
128,Kepler-802,0.93,0.9,5507.0
129,KMT-2023-BLG-1454L,0.17,,
130,Kepler-1440,0.98,0.96,5698.0
131,WASP-130,1.04,0.96,5625.0
132,OGLE-2017-BLG-1049L,0.55,,
133,Kepler-949,0.89,0.86,5403.0
134,Kepler-1964,0.752,0.698,4803.0
135,KMT-2023-BLG-1592L,0.55,,
136,OGLE-2019-BLG-0362L,0.42,,
137,KMT-2017-BLG-1057L,0.57,,
138,KMT-2025-BLG-1616L,0.26,,
139,Wolf 327,0.405,0.406,3542.0
140,Kepler-62,0.69,0.64,4925.0
141,WASP-53,0.839,0.798,4953.0
142,KMT-2023-BLG-1743L,0.11,,
143,TOI-5789,0.821,0.833,5185.0
144,MOA-2019-BLG-008L,0.9,,
145,OGLE-2016-BLG-1598L,0.55,,
146,OGLE-2017-BLG-1275L,0.63,,
147,HATS-44,0.86,0.847,5080.0
148,HD 160691,1.13,1.33,5773.0
149,Kepler-132,0.929,1.178,6003.0
150,KMT-2021-BLG-0192L,0.27,,
151,Kepler-49,0.607,0.618,4095.6
152,KMT-2016-BLG-2364L,0.5,,
153,Kepler-218,1.019,1.063,5502.0
154,GJ 328,0.65,0.63,3897.0
155,K2-212,0.622,0.678,4349.0
156,KMT-2022-BLG-1818L,0.79,,
157,Qatar-8,1.029,1.315,5738.0
158,KMT-2018-BLG-0885L,0.29,,
159,KMT-2016-BLG-2321L,0.73,,
160,Kepler-74,1.18,1.12,6000.0
161,OGLE-2017-BLG-0482L,0.2,,
162,PSR B0329+54,1.44,,
163,K2-140,0.96,1.06,5585.0
164,HD 184010,1.35,4.86,4971.0
165,EPIC 201595106,0.958,0.98,5679.0
166,TOI-1203,0.886,1.179,5737.0
167,Kepler-1503,0.77,0.74,5069.0
168,Kepler-1781,1.053,0.957,5568.0
169,Kepler-57,0.859,0.826,5187.9
170,Kepler-1124,0.35,0.34,3658.0
171,Kepler-1581,1.12,1.23,6022.0
172,K2-136,0.742,0.677,4500.0
173,HD 39091,1.07,1.17,5998.0
174,LHS 1815,0.502,0.501,3643.0
175,Kepler-464,1.21,1.59,5933.0
176,Kepler-1580,1.47,2.15,6228.0
177,Kepler-198,0.97,0.93,5636.0
178,HD 50554,1.1,1.02,6050.0
179,HD 73267,0.93,0.909,5387.0
180,Kepler-580,0.67,0.64,4298.0
181,KOI-12,1.5,1.4,6635.0
182,Kepler-637,1.64,2.56,6096.0
183,HD 29985,0.75,0.574666,4678.0
184,HD 165155,1.02,0.95,5426.0
185,HD 22946,1.098,1.117,6169.0
186,Kepler-1697,0.747,0.772344,4681.53
187,Kepler-674,0.6,0.57,4192.0
188,Kepler-873,1.18,1.27,6163.0
189,Kepler-783,0.93,0.89,5521.0
190,HD 31527,0.96,1.073694,5898.0
191,Kepler-1955,1.049,1.291,5825.0
192,Kepler-1684,0.75,0.666755,4706.54
193,Kepler-322,0.908,0.89,5388.0
194,Qatar-5,1.128,1.076,5747.0
195,Kepler-399,0.902,0.68,5502.0
196,DMPP-2,1.41,1.78,6500.0
197,TOI-1062,0.94,0.84,5328.0
198,TOI-1759,0.606,0.597,4065.0
199,TOI-2285,0.454,0.464,3491.0
200,Kepler-546,1.11,1.15,5967.0
201,Kepler-682,0.92,0.89,5559.0
202,TOI-220,0.825,0.858,5298.0
203,TOI-5624,0.858,0.82,5327.0
204,Kepler-242,0.748,0.85,5020.0
205,Kepler-258,0.82,0.915,4942.0
206,TOI-4898,0.619077,0.639344,4201.57
207,Kepler-1292,0.95,0.93,5556.0
208,HD 128717,1.212,1.248,6210.0
209,TOI-3278,1.04,1.39,5720.0
210,Kepler-103,1.212,1.492,6047.0
211,TOI-4492,1.067,1.222,5711.0
212,Kepler-1058,0.73,0.69,4644.0
213,Kepler-160,1.003,1.118,5471.0
214,Kepler-1365,1.0,1.05,5770.0
215,Kepler-346,0.943,1.021,6033.0
216,Kepler-1489,0.93,0.9,5655.0
217,Kepler-1126,0.92,0.93,5798.0
218,Kepler-1914,1.047,0.96,5982.0
219,HATS-43,0.837,0.812,5099.0
220,Kepler-685,1.11,1.16,5963.0
221,Kepler-1303,1.01,1.0,5771.0
222,Kepler-1016,0.99,1.0,5821.0
223,HIP 54373,0.57,0.564998,4021.0
224,L 363-38,0.21,0.274,3129.0
225,HAT-P-46,1.284,1.396,6120.0
226,K2-396,0.954,0.92,5236.0
227,TOI-1107,1.35,1.81,6311.0
228,KOI-319,1.325,2.064,5880.0
229,Kepler-1992,0.874,0.842,5383.0
230,Kepler-134,0.956,1.176,5983.0
231,TOI-912,0.418,0.419,3572.0
232,TOI-913,0.82,0.7325,4969.0
233,TOI-1105,0.74,0.755833,4678.46
234,Kepler-559,0.96,0.95,5630.0
235,WASP-34,0.96,0.91,5700.0
236,Kepler-1426,1.02,1.02,5831.0
237,OGLE-2014-BLG-0676L,0.6,,
238,Kepler-156,0.864,0.807,5094.0
239,HATS-64,1.564,2.113,6554.0
240,Kepler-610,1.1,1.13,5943.0
241,TOI-2322,0.703,0.662,4664.0
242,Kepler-524,1.09,1.1,6014.0
243,Kepler-398,0.649,0.613,4493.0
244,Kepler-1916,1.18,1.092,6246.0
245,TIC 320419023,1.056,0.952319,5703.36
246,HD 108236,0.869,0.877,5660.0
247,Kepler-1617,1.15,1.22,6167.0
248,HD 206893,1.31,1.31116,6500.0
249,TOI-4527,0.483901,0.485948,3702.0
250,K2-255,0.71,0.69,4676.0
251,Kepler-1678,1.03,0.834976,5754.0
252,HD 224018,1.013,1.147,5784.0
253,Kepler-1334,0.94,0.91,5614.0
254,Kepler-480,1.25,1.34,6322.0
255,Kepler-1382,1.36,1.72,6161.0
256,TOI-2068,0.559,0.535,3710.0
257,Kepler-1030,0.8,0.76,4983.0
258,HD 153950,1.25,1.28,6124.0
259,CoRoT-11,1.27,1.37,6440.0
260,WASP-74,0.98,1.42,5990.0
261,55 Cnc,1.015,0.98,5198.0
262,K2-18,0.359,0.411,3457.0
263,KELT-8,0.81,1.46,5754.0
264,bet Pic,1.789,1.54416,8038.68
265,GJ 1214,0.182,0.2162,3101.0
266,GJ 436,0.47,0.455,3586.11
267,HAT-P-12,0.733,0.701,4650.0
268,HAT-P-13,1.32,1.756,5653.0
269,HAT-P-14,2.65,1.82,6600.0
270,HAT-P-17,0.99,0.87,5246.0
271,HAT-P-18,0.77,0.717,4870.0
272,HAT-P-1,1.151,1.174,5980.0
273,HAT-P-26,1.12,0.87,5079.0
274,HAT-P-30,1.55,1.31,6304.0
275,HAT-P-32,1.132,1.367,6001.0
276,HD 149026,1.42,1.41,6179.0
277,HD 189733,0.79,0.75,5052.0
278,HD 209458,1.23,1.19,6091.0
279,HD 80606,1.05,1.05,5565.0
280,HD 86226,1.019,1.053,5863.0
281,TrES-4,1.08,1.66,6200.0
282,WASP-12,1.325,1.69,6265.0
283,WASP-15,1.18,1.48,6300.0
284,WASP-17,2.28,1.49,6550.0
285,WASP-18,1.294,1.319,6432.0
286,WASP-19,0.965,1.006,5616.0
287,WASP-25,0.962,0.884,5697.0
288,WASP-39,0.913,0.939,5485.0
289,WASP-43,0.58,0.6,4400.0
290,WASP-6,0.854,0.79,5438.0
291,GJ 3470,0.539,0.547,3600.0
292,WASP-47,1.058,1.156,5565.0
293,WASP-63,1.28,1.86,5550.0
294,WASP-52,0.87,0.79,5000.0
295,WASP-77 A,0.903,0.91,5617.0
296,WASP-80,0.577,0.586,4143.0
297,WASP-103,1.22,1.436,6110.0
298,WASP-96,1.06,1.05,5540.0
299,WASP-94 A,1.67,1.48,6170.0
300,WASP-94 B,1.24,1.35,6040.0
301,WASP-84,0.853,0.768,5280.0
302,WASP-20,1.2,1.242,5940.0
303,HATS-6,0.574,0.57,3724.0
304,KELT-7,1.76,1.81,6768.0
305,K2-22,0.595292,0.58,3879.0
306,GJ 1132,0.1945,0.2211,3229.0
307,WASP-76,1.458,1.756,6329.0
308,KELT-4 A,1.201,1.603,6206.0
309,TRAPPIST-1,0.0898,0.1192,2566.0
310,K2-34,1.16,1.42,6168.0
311,WASP-121,1.33,1.461,6628.0
312,HIP 41378,1.22,1.3,6290.0
313,HD 3167,0.864,0.871,5338.0
314,HAT-P-65,1.297,1.666,5872.0
315,WASP-131,1.06,1.561,5990.0
316,WASP-139,0.92,0.8,5310.0
317,WASP-127,0.95,1.333,5620.0
318,HD 106315,1.091,1.296,6327.0
319,LHS 1140,0.1844,0.2159,3096.0
320,KELT-11,1.44,2.69,5375.0
321,KELT-9,2.32,2.418,9270.0
322,WASP-107,0.683,0.657,4425.0
323,GJ 9827,0.62,0.58,4236.0
324,KELT-20,1.76,1.565,8720.0
325,K2-141,0.708,0.681,4570.0
326,K2-232,1.121,1.21,6100.0
327,HAT-P-11,0.811,0.683,4653.0
328,NGTS-2,1.64,1.702,6478.0
329,WASP-164,0.946,0.932,5806.0
330,K2-287,1.056,1.07,5695.0
331,LHS 3844,0.151,0.189,3080.0
332,HD 15337,0.829,0.855,5131.0
333,L 98-59,0.2923,0.3155,3415.0
334,V1298 Tau,1.1,1.32,4970.0
335,WASP-166,1.19,1.22,6050.0
336,TOI-270,0.386,0.38,3506.0
337,GJ 357,0.342,0.337,3505.0
338,LTT 1445 A,0.257,0.271,3562.0
339,WASP-178,2.07,1.67,9360.0
340,LP 791-18,0.139,0.182,2960.0
341,TOI-125,0.859,0.848,5320.0
342,L 168-9,0.614,0.604,3842.0
343,HATS-48 A,0.7279,0.7152,4546.0
344,HATS-72,0.7311,0.7214,4656.1
345,NGTS-10,0.696,0.7,4567.0
346,TOI-1130,0.745,0.697,4360.0
347,TOI-677,1.181,1.28,6295.0
348,LTT 3780,0.381,0.38,3358.0
349,TOI-1338 A,1.0936,1.313,5723.2
350,AU Mic,0.635,0.862,3540.0
351,WASP-148,0.954,0.912,5555.0
352,NGTS-11,0.862,0.832,5050.0
353,TOI-849,0.97,0.97,5257.0
354,TOI-700,0.417,0.4104,3459.0
355,TOI-1899,0.632,0.607,3926.0
356,WD 1856+534,0.518,0.0131,4710.0
357,LTT 9779,1.02,0.949,5443.0
358,TOI-824,0.71,0.695,4600.0
359,TOI-421,0.833,0.866,5291.0
360,GJ 3473,0.36,0.364,3347.0
361,TOI-776,0.542,0.547,3725.0
362,TOI-561,0.806,0.843,5342.0
363,TOI-451,0.93,0.85,5490.0
364,TOI-178,0.647,0.662,4316.0
365,GJ 486,0.312,0.3243,3317.0
366,TOI-1231,0.485,0.476,3553.0
367,TOI-674,0.42,0.42,3514.0
368,TOI-1807,0.8048,0.746,4914.0
369,TOI-2076,0.849,0.758,5187.0
370,TOI-431,0.78,0.731,4850.0
371,HD 63935,0.9406,0.9598,5513.0
372,GJ 367,0.451,0.457,3535.0
373,TOI-2109,1.453,1.698,6540.0
374,HATS-75,0.6017,0.5848,3790.4
375,TOI-500,0.74,0.678,4440.0
376,TOI-1075,0.604,0.581,3875.0
377,TOI-2260,0.99,0.94,5534.0
378,TOI-2445,0.25,0.27,3333.0
379,GJ 3929,0.313,0.32,3384.0
380,WASP-189,2.03,2.36,8000.0
381,TOI-1670,1.21,1.316,6170.0
382,HD 260655,0.439,0.439,3803.0
383,TOI-3714,0.53,0.51,3660.0
384,GJ 3090,0.519,0.516,3707.0
385,TOI-181,0.822,0.745,4994.0
386,TOI-199,0.936,0.82,5255.0
387,TOI-771,0.22,0.232,3370.0
388,TOI-836,0.678,0.665,4552.0
389,LHS 475,0.262,0.2789,3300.0
390,TOI-1136,1.022,0.968,5770.0
391,TOI-1173,0.911,0.934,5350.0
392,TOI-1416,0.798,0.793,4884.0
393,TOI-1420,0.987,0.923,5510.0
394,TOI-1468,0.3527,0.3714,3376.0
395,HIP 9618,0.942,0.9593,5649.0
396,TOI-1801,0.556,0.547,3863.0
397,TOI-1823,0.8414,0.8049,4927.0
398,TOI-2031 A,1.174,1.241,6490.0
399,TOI-2134,0.744,0.709,4580.0
400,TOI-2374,0.802,0.711,5002.0
401,TOI-2431,0.661,0.651,4109.0
402,TOI-2525,0.849,0.785,5096.0
403,TOI-3235,0.3939,0.3697,3388.8
404,TOI-3757,0.64,0.62,3913.0
405,TOI-3884,0.298,0.302,3180.0
406,TOI-3984 A,0.49,0.47,3476.0
407,TOI-4010,0.88,0.83,4960.0
408,LP 890-9,0.118,0.1556,2850.0
409,TOI-4336 A,0.306,0.326,3307.0
410,HD 20329,0.9,1.13,5596.0
411,Kepler-167,0.777,0.749,4884.0
412,TOI-5205,0.392,0.394,3430.0
413,TOI-5293 A,0.54,0.52,3586.0
414,KOI-94,1.277,1.52,6182.0
415,TOI-6109,1.03,1.021,5660.0
416,TOI-6255,0.353,0.37,3421.0
417,WASP-193,1.018,1.213,6080.0
418,TOI-6324,0.269,0.293,3247.0
419,HD 207496,0.8,0.769,4819.0
420,GJ 806,0.413,0.4144,3600.0
421,HD 110067,0.798,0.788,5266.0
422,GJ 341,0.48,0.5066,3770.0
423,TOI-6894,0.207,0.2276,3007.0
424,IRAS 04125+2902,0.7,1.45,4080.0
425,Kepler-51,0.96,0.87,5674.0
426,BD+05 4868 A,0.7,0.69,4596.0
427,55 Cnc B,0.26,0.274,3286.0
428,TOI-260,0.616,0.607,4026.0
429,Kepler-12,1.166,1.483,5947.0
430,PH2,0.966,0.949,5734.0
431,K2-33,0.56,1.05,3540.0
432,TOI-286,0.832,0.78,5152.0
433,TOI-1806,0.392935,0.401575,3272.0
434,TOI-4443,1.049133,1.01733,5834.0
435,HAT-P-52,0.887,0.893,5131.0
436,TOI-4747,1.01,0.988751,5595.08
437,Kepler-891,1.06,1.07,5887.0
438,Kepler-1159,1.19,1.28,6217.0
439,HATS-18,1.037,1.02,5600.0
440,GJ 676 A,0.626,0.69,3734.0
441,Kepler-48,0.88,0.89,5194.0
442,Kepler-889,1.14,1.25,5961.0
443,HR 2562,1.3,1.334,6597.0
444,Kepler-1804,0.929,1.671,5109.0
445,Kepler-1188,1.04,1.06,5913.0
446,HD 21411,0.89,0.825605,5605.0
447,Kepler-1281,0.87,0.83,5353.0
448,Kepler-128,1.184,1.659,6072.0
449,Kepler-1693,0.95,0.878295,5432.34
450,Kepler-104,0.818,1.349,5711.0
451,Kepler-1849,0.709,0.729,4806.0
452,Kepler-1036,0.95,0.89,5533.0
453,Kepler-419,1.39,1.74,6430.0
454,2MASS J22362452+4751425,0.6,0.641152,4045.0
455,Kepler-1191,0.85,0.81,5308.0
456,Kepler-511,0.958,1.417,5866.0
457,XO-5,1.04,1.13,5430.0
458,Kepler-1825,0.828,0.847,5123.0
459,Kepler-1074,0.6,0.57,4002.0
460,TIC 183374187,0.853,1.344,5768.0
461,GJ 1061,0.12,0.156,2953.0
462,Kepler-1987,0.799,0.714,4769.0
463,Kepler-245,0.856,0.795,5100.0
464,Kepler-131,1.02,1.03,5685.0
465,Kepler-144,1.154,1.235,6075.0
466,HD 93385,1.04,1.18484,5977.0
467,Kepler-431,1.071,1.092,6004.0
468,HD 106270,1.39,2.66,5509.0
469,TOI-5720,0.383,0.383,3325.0
470,Kepler-230,0.784,0.817,5588.0
471,Kepler-1091,1.01,1.03,5851.0
472,Kepler-1129,1.0,1.0,5831.0
473,Kepler-472,0.85,0.78,4996.0
474,Kepler-1275,1.23,1.36,6296.0
475,Kepler-1690,0.94,0.862346,5404.0
476,HD 75898,1.295,1.55,6122.0
477,K2-386,0.911,0.97,5749.0
478,TOI-7510,1.063,1.035,5720.0
479,Kepler-718,1.18,1.3,6191.0
480,Kepler-1342,0.93,0.9,5527.0
481,WASP-174,1.24,1.347,6399.0
482,Kepler-1713,1.3,1.459,6477.0
483,Kepler-1121,1.29,1.59,6231.0
484,Kepler-197,0.857,1.12,6004.0
485,TOI-1294,1.1578,1.5566,5718.0
486,Kepler-1195,0.74,0.71,4965.0
487,EPIC 212737443,0.69,0.673,4684.0
488,Kepler-1783,0.887,1.781,5129.0
489,HD 50499,1.31,1.42,6099.0
490,Kepler-874,1.09,1.13,6020.0
491,Kepler-235,0.581,0.554,4255.0
492,HD 98219,1.41,4.6,4925.0
493,Kepler-625,1.04,0.96,5789.0
494,Kepler-1178,0.8,0.75,4990.0
495,K2-407,0.881,0.927,5563.0
496,KOI-351,1.2,1.2,6080.0
497,WASP-151,1.081,1.181,5871.0
498,K2-289,0.953,1.025,5529.0
499,GJ 1002,0.12,0.137,3024.0
500,Kepler-1143,0.81,0.77,5053.0
501,TOI-2587 A,1.15,1.726,5760.0
502,Kepler-1154,1.26,1.43,6327.0
503,Kepler-60,1.041,1.257,5905.0
504,Kepler-85,0.928,0.875,5505.2
505,TOI-2081,0.54,0.534,3800.0
506,Kepler-1780,0.868,0.868,5403.0
507,Kepler-1818,1.021,1.129,6047.0
508,TOI-871,0.758,0.719,4929.0
509,GJ 251,0.35,0.36,3342.0
510,Kepler-1518,1.06,1.345,6432.0
511,Kepler-1718,0.846,0.906,5731.0
512,TOI-4914,1.03,1.0,5805.0
513,USco1556 A,0.33,0.668108,3410.0
514,Kepler-109,1.094,1.387,5950.0
515,Kepler-101,1.17,1.56,5667.0
516,Kepler-1200,0.74,0.7,4612.0
517,NY Vir,0.459,0.151,32780.0
518,TOI-4137,1.313,1.438,6202.0
519,Kepler-1630,0.66,0.63,4736.0
520,Kepler-475,0.86,0.79,5009.0
521,Kepler-1978,0.869,0.778,5251.0
522,Kepler-1836,1.053,0.987,6123.0
523,Kepler-887,1.19,1.29,6194.0
524,Kepler-350,1.0,1.25,6492.3
525,Kepler-816,0.9,0.85,5286.0
526,HD 51608,0.8,0.916136,5358.0
527,HD 125390,1.82,6.47,4882.0
528,Kepler-1947,0.984,1.686,6040.0
529,Kepler-81,0.648,0.595,4500.0
530,Kepler-1827,0.915,1.404,5423.0
531,TOI-1768,1.1,1.1,5994.0
532,HIP 10090,0.94,1.38268,5661.0
533,Kepler-855,1.03,1.03,5835.0
534,TOI-205,1.2,1.45382,6302.74
535,Kepler-1886,0.928,0.837,5745.0
536,Kepler-279,1.1,1.07,6689.45
537,TOI-1839,0.86,0.89,5347.0
538,KMT-2023-BLG-1810L,0.56,,
539,KMT-2023-BLG-0084L,0.23,,
540,K2-401,0.87,0.675,4213.0
541,TOI-3807,1.181,1.468,5772.0
542,Kepler-931,0.86,0.81,5241.0
543,GSC 06214-00210,0.9,0.90484,4200.0
544,HD 89839,1.21,1.28588,6314.0
545,Kepler-520,1.1,1.09,6112.0
546,Kepler-19,0.936,0.859,5541.0
547,Kepler-1102,0.96,0.94,5724.0
548,Kepler-371,0.876,0.992,5666.0
549,K2-338,0.66,0.63,4558.0
550,KELT-16,1.211,1.36,6236.0
551,Kepler-1681,0.893,0.759,5756.4
552,TOI-544,0.631,0.623,4169.0
553,Kepler-251,0.891,0.89,5526.0
554,HD 180902,1.41,4.16,4961.0
555,XEST 17-036,0.26,,3551.0
556,K2-414,0.814,0.732,4343.0
557,Kepler-863,0.96,0.95,5678.0
558,Kepler-278,1.227,2.861,4965.0
559,GJ 180,0.43,0.413049,3371.0
560,K2-86,0.79,0.76,5482.0
561,HD 196050,1.27,1.42,5879.0
562,Kepler-564,0.95,0.92,5626.0
563,Kepler-878,0.81,0.77,5044.0
564,HD 120084,2.16,10.37,4879.0
565,TOI-2384,0.635,0.6113,3943.0
566,Kepler-82,0.946,0.945,5428.0
567,Kepler-338,1.105,1.735,5923.0
568,Kepler-247,0.887,0.788,5060.0
569,K2-87,1.164,1.401,5747.0
570,Kepler-983,1.13,1.08,6052.0
571,Kepler-1948,0.585,0.557,3872.0
572,Kepler-444,0.758,0.752,5046.0
573,Kepler-1173,0.86,0.82,5252.0
574,HD 219077,0.92,1.91,5362.0
575,KIC 9663113,1.15,2.21562,6117.21
576,Kepler-1608,0.75,0.72,4992.0
577,TOI-2093,0.745,0.729,4426.0
578,EPIC 212499991,0.912,0.757541,4982.79
579,Kepler-759,1.04,1.04,5860.0
580,Kepler-563,0.8,0.77,5066.0
581,Kepler-296,0.498,0.48,3740.0
582,Kepler-534,1.05,0.98,5884.0
583,TOI-512,0.74,0.89,5277.0
584,HD 75784,1.26,3.4,4867.0
585,Kepler-172,1.081,1.085,5526.0
586,Kepler-1340,1.27,1.42,6331.0
587,Kepler-1115,1.6,1.73,8480.0
588,KIC 5437945,1.07,1.24,6340.0
589,Kepler-1859,1.09,1.235,5887.0
590,Kepler-1201,1.15,1.24,6177.0
591,Kepler-232,0.97,0.968,5847.0
592,tau Cet,0.783,0.83,5310.0
593,Kepler-151,0.87,0.83,5460.0
594,TOI-201,1.32,1.31,6423.0
595,Kepler-207,1.313,1.588,5920.0
596,GJ 887,0.495,0.468,3688.0
597,WASP-108,1.167,1.34415,6783.0
598,Kepler-1521,0.81,0.76,5042.0
599,Kepler-238,1.229,1.43,5751.0
600,Kepler-620,1.15,1.22,6155.0
601,TOI-2989,0.77,0.76,4672.0
602,Kepler-349,1.083,0.927,5956.0
603,Kepler-1231,1.01,1.0,5778.0
604,Kepler-274,0.883,1.007,6023.0
605,Kepler-832,0.92,0.9,5596.0
606,Kepler-1889,0.864,0.817,5646.0
607,Kepler-988,0.55,0.53,4005.0
608,TOI-880,0.87,0.83,5050.0
609,HD 12235,1.1,1.80185,5986.0
610,Kepler-1075,0.56,0.54,3959.0
611,Kepler-115,1.042,1.205,5979.0
612,Kepler-1735,0.535,0.509,3975.0
613,TOI-1898,1.2484,1.6131,6241.0
614,Kepler-1130,0.944,0.842,5450.0
615,HD 20782,1.04,1.12681,5782.13
616,Kepler-1376,0.98,0.97,5659.0
617,Kepler-1190,0.76,0.72,4730.0
618,Kepler-450,1.19,1.64162,6197.21
619,Kepler-758,1.16,1.42,6228.0
620,HAT-P-47,1.387,1.515,6703.0
621,HD 135625,1.28,1.35743,6040.64
622,TOI-2211,0.9,0.834,5253.0
623,Kepler-124,0.706,0.636,4984.0
624,Kepler-1259,0.8,0.77,5053.0
625,TOI-1859,1.287,1.36,6341.0
626,TOI-1836,1.307,1.577,6380.0
627,Kepler-616,0.98,0.97,5753.0
628,HD 141399,1.07,1.387236,5600.0
629,Kepler-1008,0.81,0.78,5066.0
630,TOI-2133,0.644,0.62,4250.0
631,Kepler-1979,1.028,0.938,5942.0
632,TOI-2406,0.166,0.204,3100.0
633,WASP-157,1.06,1.1,5772.0
634,Kepler-1183,1.0,0.99,5765.0
635,LHS 1478,0.2301,0.2462,3415.0
636,TOI-1685,0.466,0.462,3470.0
637,TOI-1749,0.58,0.55,3985.0
638,TOI-1296,1.1576,1.7031,5567.0
639,TOI-1442,0.29,0.31,3330.0
640,TOI-1246,0.87,0.86,5151.0
641,TOI-4479,0.452,0.451,3400.0
642,TOI-1135,1.119,1.202,6320.0
643,TOI-1452,0.249,0.275,3185.0
644,TOI-1695,0.513,0.515,3690.0
645,TOI-2025,1.199,1.459,5977.0
646,TOI-2449,1.079,1.065,6021.0
647,TOI-3688 A,1.199,1.302,5950.0
648,TOI-4600,0.89,0.81,5170.0
649,WASP-104,1.076,0.963,5475.0
650,WASP-69,0.83,0.801,4792.0
651,NGTS-5,0.661,0.739,4987.0
652,Kepler-331,0.653,0.492,4347.0
653,TOI-5322,0.998,1.462,5692.0
654,HD 457,1.15,1.28194,6114.04
655,HD 112640,1.8,39.0,4155.0
656,Kepler-1647,1.2207,1.7903,6210.0
657,Kepler-1197,0.78,0.72,4708.0
658,HD 153557,0.79,0.745171,4837.0
659,Kepler-1939,0.648,0.603,4353.0
660,TIC 117642575,1.06,1.08102,5719.98
661,Kepler-621,0.72,0.68,4521.0
662,Kepler-1113,1.12,1.17,5931.0
663,Kepler-142,0.978,1.269,5790.0
664,Kepler-662,0.79,0.74,4897.0
665,Kepler-1336,0.94,1.3,5512.0
666,TOI-216,0.77,0.748,5026.0
667,Kepler-236,0.596005,0.51,3750.0
668,HD 196067,1.16,1.71,6072.0
669,Kepler-1210,0.94,0.92,5568.0
670,Kepler-91,1.31,6.3,4550.0
671,K2-290,1.194,1.511,6302.0
672,Kepler-1766,0.915,1.042,5868.0
673,HD 176986,0.789,0.782,4931.0
674,K2-170,0.963657,0.981614,5748.0
675,HD 72490,1.21,4.96,4934.0
676,HD 12661,1.02,1.11,5748.0
677,Kepler-1061,1.09,1.07,6067.0
678,Kepler-1904,0.526,0.497,3805.0
679,Kepler-473,1.06,1.34,5816.0
680,HD 14787,1.43,5.01,4946.0
681,WASP-106,1.175,1.47,6002.0
682,TOI-6158,0.503,0.476,3467.0
683,Kepler-1840,0.774,0.803,4898.0
684,kap And,2.768,2.109,11327.0
685,Kepler-1751,0.974,0.967,6052.0
686,Kepler-1067,0.95,0.93,5592.0
687,TOI-2578,1.27,1.64,6333.0
688,Kepler-624,1.1,1.18,6117.0
689,TOI-5349,0.61,0.58,3751.0
690,Kepler-1039,0.79,0.74,4870.0
691,HAT-P-60,1.435,2.197,6212.0
692,HD 88986,1.25,1.543,5861.0
693,HD 215152,0.77,0.73,4935.0
694,Kepler-704,0.97,0.96,5616.0
695,K2-385,0.927,0.761,4844.0
696,Kepler-1432,1.09,1.13,6031.0
697,Kepler-135,1.047,1.275,6090.0
698,Kepler-950,1.02,1.02,5857.0
699,HD 73526,1.14,1.53,5601.0
700,HD 207897,0.8208,0.7827,5106.0
701,Kepler-1459,0.78,0.74,4828.0
702,Kepler-1358,0.82,0.79,5181.0
703,HD 360,1.69,10.86,4770.0
704,TOI-4030,0.98,0.991737,5640.37
705,Kepler-741,1.16,1.24,6129.0
706,Kepler-1299,0.94,0.91,5609.0
707,Kepler-1806,0.884,0.788,5311.0
708,TOI-375,1.441,2.9,5259.9
709,Kepler-1048,0.75,0.7,4651.0
710,Kepler-749,0.79,0.75,5009.0
711,HD 102329,3.21,9.82,4745.0
712,TOI-1194,0.9835,0.9608,5394.0
713,Barnard's star,0.162,0.185,3195.0
714,Kepler-1951,0.923,1.306,5468.0
715,HIP 114933,1.39,5.27,4823.0
716,Kepler-1305,0.97,0.96,5701.0
717,Kepler-598,0.87,0.86,5307.0
718,HD 185283,0.8,0.743303,4848.0
719,Kepler-1920,1.239,1.161,6277.0
720,HD 65216,0.874,0.88,5612.0
721,Kepler-954,0.82,0.76,4990.0
722,EPIC 206042996,0.565,0.5,4114.0
723,HATS-38,0.89,1.105,5732.0
724,TIC 178172313,0.91,0.84345,5405.59
725,Gliese 12,0.255,0.265,3328.0
726,Kepler-266,0.947,1.028,5885.0
727,NGTS-30,0.94,0.913,5455.0
728,Kepler-1311,1.05,1.4,5748.0
729,Kepler-1991,0.914,1.053,5478.0
730,Kepler-126,1.108,1.358,6239.0
731,TOI-4029,1.018,1.17834,5662.53
732,Kepler-2001,0.864,0.77,5081.0
733,Kepler-1247,0.86,0.82,5303.0
734,Kepler-68,1.057,1.2564,5847.0
735,Kepler-1406,1.05,1.12,5892.0
736,Kepler-1682,0.99,0.842301,5619.12
737,Kepler-174,0.602,0.622,4880.0
738,Kepler-326,0.91,0.801,5105.0
739,GJ 3998,0.52,0.5,3726.0
740,HD 205158,1.16,1.87741,6133.55
741,HD 219134,0.794,0.77,4913.0
742,K2-183,0.942219,0.87,5482.0
743,NGTS-21,0.72,0.86,4660.0
744,Kepler-1519,0.94,0.91,5644.0
745,TCP J05074264+2447555,0.586,1.42487,5805.0
746,TOI-2459,0.66,0.6751,4195.0
747,Kepler-784,1.0,1.32,5674.0
748,TOI-2641,1.16,1.336,6100.0
749,Kepler-255,0.867,0.933,5573.0
750,TIC 434398831,0.992,0.909,5638.0
751,TOI-3082,0.664,0.6847,4263.0
752,Kepler-1037,0.82,0.78,5105.0
753,TOI-2141,0.896,0.95,5635.0
754,HD 88133,1.26,2.2,5392.0
755,TOI-1448,0.372,0.38,3412.0
756,TIC 294329732,0.89,0.920172,5201.93
757,WISPIT 2,1.08,1.3,4530.0
758,K2-272,0.86,0.83,5397.0
759,TOI-3474,1.121,1.256,6020.0
760,Kepler-825,1.03,1.08,5976.0
761,Kepler-382,1.002,0.945,5600.0
762,Kepler-1962,1.003,1.006,5700.0
763,TOI-1266,0.437,0.4232,3563.0
764,Kepler-691,0.53,0.5,3715.0
765,HD 142415,1.07,1.04,5940.0
766,WASP-167,1.59,1.79,7000.0
767,K2-412,0.893,0.977,5590.0
768,Kepler-1441,1.0,1.0,5802.0
769,CoRoT-28,1.01,1.78,5150.0
770,Kepler-37,0.79,0.789,5357.0
771,Kepler-138,0.535,0.535,3841.0
772,Kepler-46,0.883,0.79,5309.0
773,Kepler-1755,1.003,0.921,6086.0
774,Teegarden's Star,0.097,0.12,3034.0
775,HD 219828,1.04,1.56,5891.0
776,Kepler-835,1.08,1.11,5954.0
777,Kepler-1666,1.23,1.14586,6293.0
778,KOI-4777,0.41,0.4,3515.0
779,Kepler-79,1.244,1.316,6389.0
780,Kepler-190,0.834,0.795,5106.0
781,NGTS-17,1.025,1.337,5650.0
782,Kepler-354,0.652,0.674,4648.0
783,TIC 198190129,0.638,0.640675,4377.53
784,Kepler-1933,0.964,1.008,5661.0
785,TOI-5811 B,1.08,3.73,4840.0
786,Kepler-1041,1.06,1.08,5957.0
787,KIC 10525077,1.01,1.01,6091.0
788,K2-70,0.94,0.93,5622.0
789,TOI-5704,0.73,0.7575,4590.0
790,HATS-4,1.001,0.925,5403.0
791,Kepler-121,0.859,0.701,5311.0
792,HD 163607,1.12,1.76,5522.0
793,TOI-1453,0.715,0.72,4975.0
794,Kepler-395,0.622827,0.556,4262.0
795,TOI-7393,0.6,0.582,3927.0
796,HIP 81991,1.09,2.82111,5100.0
797,Kepler-1965,0.928,0.837,5852.0
798,DMPP-8,0.99,1.24,6009.0
799,Kepler-501,1.03,1.04,5904.0
800,TOI-892,1.28,1.39,6261.0
801,Kepler-1898,0.837,1.125,5702.0
802,Kepler-1274,1.45,2.17,6179.0
803,G 9-40,0.2952,0.3026,3395.0
804,K2-46,0.96,1.29,6256.0
805,K2-199,0.711,0.682,4491.0
806,TOI-2005,1.59,2.02,7130.0
807,Kepler-1065,0.94,0.93,5635.0
808,TOI-7394 B,0.624,0.609,3717.0
809,HD 112300,1.4,65.8,3657.0
810,TOI-5614,0.674,0.734919,4553.0
811,Kepler-793,0.98,0.97,5745.0
812,Kepler-307,0.907,0.814,5367.0
813,Kepler-613,0.98,0.96,5723.0
814,K2-138,0.935,0.863,5356.3
815,HD 128311,0.828,0.76,4965.0
816,Kepler-20,0.929,0.9164,5495.0
817,Kepler-1634,0.92,0.89,5474.0
818,MOA-2020-BLG-108L,0.58,,
819,HD 715,1.6,2.5,6070.0
820,Kepler-445,0.18,0.21,3157.0
821,Kepler-1701,0.87,0.840217,5146.0
822,Kepler-1835,0.922,0.961,5903.0
823,Kepler-1024,0.81,0.78,5143.0
824,Kepler-1545,0.84,0.8,5201.0
825,Kepler-1774,1.101,1.122,6214.0
826,KOBE-1,0.629,0.619,4135.0
827,Kepler-1852,0.927,0.826,5237.0
828,Kepler-1196,0.98,0.97,5756.0
829,TOI-1221,0.93,1.031,5592.0
830,Kepler-324,0.901,0.84,5194.0
831,Kepler-1122,0.92,0.89,5544.0
832,Kepler-1826,0.49,0.486,3821.0
833,HD 134606,1.046,1.158,5576.0
834,TIC 150070085,1.16,1.086,5999.0
835,HIP 75092,1.28,4.53,4891.0
836,Kepler-828,0.81,0.77,5039.0
837,HD 5278,1.126,1.194,6203.0
838,Kepler-1157,0.76,0.71,4679.0
839,Kepler-1610,0.91,0.87,5383.0
840,Kepler-297,0.846,0.897,5618.0
841,DMPP-4,1.25,1.38,6400.0
842,Kepler-184,0.872,0.873,5788.0
843,Kepler-1140,0.76,0.73,4850.0
844,TOI-1799,1.01,0.957,5690.0
845,Kepler-1696,1.02,1.19811,5712.0
846,Kepler-928,0.73,0.7,4700.0
847,Kepler-153,0.756,0.892,5404.0
848,HD 73256,1.0,0.944723,5570.0
849,HD 175541,1.39,4.19,5013.0
850,Kepler-708,0.97,0.96,5692.0
851,WASP-54,1.08,1.76,6100.0
852,K2-250,0.809,0.797,5003.0
853,K2-223,1.07,1.05,5858.0
854,Kepler-1325,0.93,0.91,5550.0
855,Kepler-703,1.18,1.27,6185.0
856,TOI-1533,0.88,0.849,5146.0
857,Kepler-957,0.81,0.75,4963.0
858,TOI-3856,1.096,1.055,5622.0
859,Kepler-1740,0.943,0.905,5705.0
860,Kepler-176,0.86,0.891,5232.0
861,K2-150,0.457,0.436,3499.0
862,Kepler-755,0.82,0.77,5043.0
863,Kepler-607,0.808,0.888,5244.0
864,TOI-540,0.159,0.1895,3216.0
865,K2-320,0.117,0.3,3157.0
866,Kepler-1523,0.97,0.96,5708.0
867,GJ 463,0.486,0.483,3563.0
868,HD 222582,1.12,1.13,5790.0
869,Kepler-210,0.77,0.65,4559.0
870,Kepler-1551,1.14,1.22,6136.0
871,TIC 188624430,0.929,0.786574,5369.46
872,Kepler-1174,1.04,1.04,5936.0
873,Kepler-269,0.92,0.959,5847.0
874,Kepler-1981,1.519,3.006,5874.0
875,TOI-6041,0.885,0.879,5445.0
876,HD 109833,1.08,1.0,5881.0
877,Kepler-1082,1.03,1.14,5923.0
878,WASP-170,0.93,0.938,5600.0
879,K2-74,0.96,0.98,6060.0
880,Kepler-372,1.202,1.137,6509.0
881,HD 25723,2.12,13.76,4766.0
882,TOI-7155,0.755,0.670748,4673.03
883,Kepler-84,1.0,1.43,6039.0
884,TOI-3353,1.332089,1.0207,6365.0
885,HD 278555,1.255,1.624,6047.0
886,Kepler-1555,1.04,1.06,5866.0
887,Kepler-1725,1.049,1.085,6020.0
888,TOI-2104,0.8,0.723757,4856.13
889,Kepler-120,0.654,0.534,4096.0
890,Kepler-627,1.3,1.49,6424.0
891,Kepler-1326,1.45,1.74,6725.0
892,TOI-1184,0.71,0.69,4534.0
893,G 192-15,0.132,0.170718,2999.0
894,HATS-61,1.076,1.664,5542.0
895,Kepler-684,0.89,0.86,5493.0
896,WASP-159,1.41,2.11,6120.0
897,K2-26,0.56,0.52,3785.0
898,TIC 9344899,0.98,1.06,5800.0
899,WASP-194,1.29,1.409,6405.0
900,Kepler-1956,0.671,0.682,4391.0
901,K2-335,1.23,1.33,6222.0
902,Kepler-352,0.798,0.781,5212.0
903,Kepler-1175,0.9,0.86,5453.0
904,HIP 67522,1.22,1.38,5675.0
905,HD 148797,1.272,1.547,6441.0
906,TOI-2427,0.639,0.648,4203.0
907,TOI-2453,0.500519,0.502498,3720.23
908,TOI-3523 A,1.131,1.448,6450.0
909,Kepler-1586,1.45,1.75,6681.0
910,Kepler-30,0.99,0.95,5498.0
911,Kepler-1285,1.2,1.28,6170.0
912,TOI-1230,1.14,1.15281,5696.0
913,Kepler-416,1.0,1.075,5718.0
914,KOI-142,0.99,0.897,5466.0
915,HD 114082,1.28,1.482,6610.0
916,Kepler-433,1.46,2.26,6360.0
917,CoRoT-8,0.88,0.77,5080.0
918,Kepler-361,1.191,1.343,6169.0
919,TOI-5728,0.36,0.37,3419.0
920,Kepler-568,0.55,0.53,3768.0
921,Kepler-1923,1.109,1.294,5881.0
922,Kepler-1208,0.8,0.76,5001.0
923,Kepler-406,1.07,1.07,5538.0
924,Kepler-1910,0.636,0.639,4234.0
925,Kepler-1655,1.03,1.03,6148.0
926,HD 191939,0.81,0.94,5348.0
927,HD 87816,2.41,9.0,4989.0
928,Kepler-185,0.763,0.806,5208.0
929,TOI-707,0.99,0.978,5424.0
930,WASP-7,1.276,1.432,6400.0
931,Kepler-738,0.86,0.82,5327.0
932,Kepler-725,0.95,0.88,5395.0
933,Kepler-658,0.63,0.6,4103.0
934,HD 235088,0.849,0.772,5075.0
935,Kepler-93,0.911,0.919,5669.0
936,Kepler-596,1.21,1.32,6267.0
937,K2-174,0.7,0.676,4455.0
938,TOI-2154,1.233,1.396,6280.0
939,Kepler-1357,0.93,0.9,5597.0
940,Kepler-1807,1.087,1.496,6455.0
941,GJ 3378,0.262,0.275,3340.0
942,Kepler-256,1.037,1.301,5551.0
943,NGTS-31,0.96,1.7,5710.0
944,Kepler-574,0.95,0.91,5612.0
945,Kepler-1062,0.75,0.7,4597.0
946,HD 28185,0.974,1.048,5602.0
947,Kepler-414,0.89,0.946,5536.0
948,Kepler-411,0.87,0.82,4974.0
949,K2-317,0.403,0.379,3387.0
950,Kepler-1375,1.47,1.78,6704.0
951,TOI-6478,0.23,0.234,3230.0
952,Kepler-1338,1.04,1.05,5909.0
953,WASP-59,0.719,0.613,4650.0
954,K2-63,1.4,1.63,6771.0
955,KOI-4978,0.859,0.966,5050.28
956,Kepler-1539,0.84,0.8,5176.0
957,Kepler-614,0.85,0.81,5268.0
958,Kepler-257,0.916,1.037,5180.0
959,TOI-5398,1.146,1.051,6000.0
960,TOI-1820,1.04,1.51,5734.0
961,Kepler-1220,1.0,0.99,5842.0
962,TOI-938,1.1,0.985134,5829.42
963,Kepler-192,0.94,0.94,5487.0
964,Kepler-1414,0.8,0.75,4951.0
965,HD 86950,1.66,8.8,4805.0
966,Kepler-1150,0.76,0.72,4754.0
967,Kepler-1765,0.946,1.064,5692.0
968,Kepler-831,0.99,0.97,5732.0
969,K2-257,0.52,0.5,3725.0
970,Kepler-27,0.926,0.817,5251.0
971,TOI-469,0.901,0.98,5289.0
972,Kepler-196,0.839,0.782,5128.0
973,Kepler-806,0.99,1.16,5770.0
974,Kepler-1854,0.8,0.759,5026.0
975,Kepler-739,0.93,0.9,5601.0
976,HD 204313,1.03,1.1,5767.0
977,Kepler-129,1.178,1.653,5770.0
978,Kepler-389,0.765,0.792,5376.0
979,K2-158,0.92,0.95,5503.0
980,Kepler-864,1.27,1.195,6213.0
981,TOI-5800,0.778,0.773,4850.0
982,TOI-2803 A,1.118,1.245,6280.0
983,Kepler-1462,1.0,1.0,5756.0
984,HD 212771,1.56,5.27,5003.0
985,Kepler-1695,0.96,0.987155,5473.19
986,TOI-1782,0.68,0.669,4336.0
987,WASP-119,1.02,1.2,5650.0
988,Kepler-893,1.0,0.99,5820.0
989,Kepler-1487,1.801,3.955,5745.0
990,KOI-7913 A,0.76,0.788,4324.0
991,TOI-1472,0.87,0.84,5100.0
992,Kepler-1239,1.4,1.57,6564.0
993,Kepler-1902,0.52,0.514,3729.0
994,Kepler-351,0.81,0.78,5225.0
995,TOI-2227,1.03,1.20847,5889.54
996,Kepler-789,1.01,1.02,5870.0
997,K2-279,0.79,0.86,5558.0
998,nu Oph,2.61,12.24,4887.0
999,KOI-1599,1.02,0.972,5833.0
1000,TOI-261,1.069,1.31383,5890.3
1001,HIP 71135,0.66,0.681296,4146.0
1002,TOI-262,0.913,0.853,5310.0
1003,K2-147,0.563,0.578,3690.0
1004,Kepler-11,0.961,1.065,5663.0
1005,K2-131,0.803,0.7595,5120.0
1006,TOI-6054,1.107,1.662,6047.0
1007,Kepler-1937,1.19,1.196,6457.0
1008,TOI-2040,0.92,0.87,5132.0
1009,HAT-P-56,1.42,1.47,6566.0
1010,HD 8574,1.34,1.38,6064.0
1011,HATS-71,0.4861,0.4783,3405.0
1012,K2-341,0.98,1.16,5817.0
1013,Kepler-102,0.803,0.724,4909.0
1014,Kepler-731,1.03,1.06,5849.0
1015,K2-194,1.110086,1.281115,5979.0
1016,Kepler-915,1.21,1.38,6173.0
1017,TIC 241249530,1.271,1.397,6166.0
1018,TOI-5795,0.901,1.082,5715.0
1019,K2-196,1.162095,1.538801,6045.0
1020,Kepler-1315,0.8,0.75,4861.0
1021,TOI-5599,1.21,1.91334,6137.02
1022,Kepler-1912,0.977,0.962,5734.0
1023,TOI-1260,0.679,0.672,4227.0
1024,Kepler-306,0.75,0.719,4954.0
1025,HD 10442,1.01,1.97,4912.0
1026,Kepler-1549,0.88,0.84,5324.0
1027,HD 8326,0.8,0.783181,4914.0
1028,Kepler-1800,1.33,2.506,5343.0
1029,TOI-1742,1.0861,1.131,5815.0
1030,BD+45 564,0.81,0.813064,5004.0
1031,HIP 8541,2.009,6.84,4672.0
1032,TOI-2295,1.168,1.459,5730.0
1033,Kepler-656,1.05,0.954,5550.0
1034,Kepler-1941,1.175,1.142,6404.0
1035,Kepler-1316,1.04,1.12,5884.0
1036,TOI-6954,0.834,0.947112,5170.87
1037,DS Tuc A,1.01,0.964,5428.0
1038,TOI-128,0.851969,1.13,6086.0
1039,TOI-2977,0.936,1.073,5691.0
1040,TOI-209,0.81,0.742779,4806.66
1041,K2-90,0.704613,0.634754,4421.98
1042,HD 11506,1.22,1.24,6123.0
1043,Kepler-1118,0.96,0.97,5688.0
1044,K2-247,0.74,0.69,4667.0
1045,K2-322,0.63,0.602,4141.0
1046,HD 141004,1.051904,1.389372,5885.38
1047,Kepler-168,1.113,1.107,6282.0
1048,TOI-4153,1.572,1.605,6860.0
1049,TOI-1422,0.9903,1.019,5840.0
1050,TOI-4155,1.16,0.95,5724.0
1051,GJ 9689,0.59,0.57,3836.0
1052,Kepler-169,0.825,0.763,4997.0
1053,Kepler-191,0.84,0.8,5215.0
1054,K2-8,0.78,0.74,4870.0
1055,HATS-33,1.062,1.022,5659.0
1056,Kepler-1464,1.02,1.01,5828.0
1057,Kepler-805,1.19,1.65,6112.0
1058,17 Sco,1.22,25.92,4157.0
1059,Kepler-264,1.426,1.55,6158.0
1060,HR 858,1.204,1.258,6354.0
1061,Kepler-941,0.89,0.86,5539.0
1062,Kepler-1832,0.684,0.722,5242.0
1063,TOI-833,0.61,0.6,3920.0
1064,HD 38283,1.37,1.49,5981.0
1065,Kepler-341,0.976,1.024,6012.0
1066,TIC 153919886,0.581261,0.591697,4137.16
1067,Kepler-1669,0.67,0.714145,4303.0
1068,Kepler-295,0.89,0.898,5603.0
1069,NN Ser,0.535,,57000.0
1070,Kepler-1802,0.649,0.637,4245.0
1071,TOI-6008,0.23,0.242,3075.0
1072,Kepler-1437,0.93,0.9,5557.0
1073,Kepler-330,0.848,0.722,5117.0
1074,Kepler-100,1.08,1.49,5825.0
1075,K2-377,0.821,0.691,4200.0
1076,Kepler-554,0.93,0.92,5447.0
1077,Kepler-208,1.082,1.314,6092.0
1078,Kepler-1287,0.96,0.94,5715.0
1079,Kepler-646,0.93,0.91,5634.0
1080,Kepler-1880,0.524,0.53,4380.0
1081,Kepler-587,0.92,0.89,5549.0
1082,EPIC 201238110,0.41,0.374,3587.0
1083,K2-240,0.58,0.54,3810.0
1084,Kepler-1495,1.03,1.04,5831.0
1085,Kepler-508,1.16,1.25,6025.0
1086,HN Peg,1.08,1.006954,6186.0
1087,K2-413,0.808,0.7,4116.0
1088,HD 60779,1.05,1.129,6081.0
1089,K2-19,0.88,0.82,5322.0
1090,TOI-3160 A,1.088,1.346,6190.0
1091,Kepler-1333,0.94,0.92,5628.0
1092,Kepler-1715,1.082,1.209,6212.0
1093,Kepler-1885,0.977,0.86,5591.0
1094,TOI-1803,0.756,0.715,4687.0
1095,Kepler-1116,0.95,0.93,5641.0
1096,HIP 57274,0.29,0.78,4510.0
1097,HD 158259,1.08,1.21,5801.89
1098,Kepler-577,0.78,0.73,4984.0
1099,Kepler-953,0.95,0.99,5416.0
1100,HD 124330,1.15,1.30446,5873.0
1101,Kepler-1966,0.797,0.84,5009.0
1102,Kepler-212,1.166,1.455,5852.0
1103,HD 238914,1.47,12.73,4769.0
1104,Kepler-44,1.12,1.35,5800.0
1105,Kepler-158,0.655,0.624,4623.0
1106,Kepler-1080,1.1,1.16,5956.0
1107,Kepler-1228,0.78,0.74,5063.0
1108,TOI-5786,1.23,1.36,6235.0
1109,Kepler-1850,0.611,0.6,4239.0
1110,75 Cet,1.92,10.38,4809.0
1111,TOI-2345,0.727,0.729,4687.0
1112,DMPP-1,1.21,1.26,6196.0
1113,Kepler-548,0.93,0.9,5535.0
1114,Kepler-260,1.013,0.862,5250.0
1115,Kepler-1460,0.7,0.67,4422.0
1116,HD 133131 B,0.93,0.989538,5805.0
1117,WASP-138,1.22,1.36,6272.0
1118,TOI-5181 A,1.25,1.53,6060.0
1119,Kepler-599,0.83,0.79,5127.0
1120,Kepler-575,0.97,0.95,5710.0
1121,EPIC 246851721,1.317,1.586,6202.0
1122,HD 1461,1.02,1.152288,5765.0
1123,Gl 725 A,0.33,0.351,3433.0
1124,Kepler-1218,1.06,1.1,5986.0
1125,Kepler-1891,0.873,0.827,5516.0
1126,Kepler-782,0.98,1.01,5867.0
1127,Kepler-987,0.97,0.91,5637.0
1128,Kepler-385,1.05,1.157,5829.0
1129,TOI-2120,0.211,0.245,3131.0
1130,K2-395,0.952,0.783,5007.0
1131,Kepler-968,0.681,0.667,4413.0
1132,Kepler-734,0.85,0.78,5326.0
1133,HD 104067,0.82,0.78,4952.0
1134,Kepler-514,1.28,1.44,6106.0
1135,Kepler-1456,0.64,0.62,4231.0
1136,TOI-1411,0.6045,0.614,4115.0
1137,Kepler-1614,0.79,0.76,5121.0
1138,CoRoT-20,1.14,1.02,5880.0
1139,K2-187,0.966999,0.83,5438.0
1140,HD 44219,1.2,1.32,5752.0
1141,HD 72659,1.033,1.36,5929.0
1142,Kepler-652,0.97,0.88,5490.0
1143,TOI-332,0.88,0.87,5251.0
1144,K2-62,0.67,0.696,4455.0
1145,K2-380,0.993,1.32,5911.0
1146,Kepler-785,0.77,0.71,4739.0
1147,K2-224,0.91,0.84,5620.0
1148,Kepler-1066,0.98,0.98,5762.0
1149,NGTS-12,1.021,1.589,5690.0
1150,Kepler-1240,0.98,0.96,5682.0
1151,KIC 7917485,1.63,2.009938,7067.0
1152,HD 26161,1.12,1.455981,6057.62
1153,Kepler-1323,1.18,1.4,6169.0
1154,TOI-2379,0.645,0.622,3707.0
1155,Kepler-657,1.01,1.01,5808.0
1156,K2-198,0.799,0.757,5212.9
1157,HD 170469,1.1,1.24,5842.0
1158,Kepler-139,1.078,1.045,5622.0
1159,Kepler-1639,1.12,1.18,6150.0
1160,TOI-2580,1.33,1.81,6120.0
1161,Kepler-1000,1.4,1.51,6453.0
1162,TOI-2088,0.9027,0.8481,5081.0
1163,HIP 98599,1.19,1.39484,5978.0
1164,K2-154,0.65,0.63,4097.0
1165,Kepler-240,0.868,0.739,4985.0
1166,HIP 38594,0.61,0.626646,4086.3
1167,Kepler-145,1.32,1.85,6022.0
1168,TOI-1846,0.418,0.397,3568.0
1169,Kepler-1957,0.745,0.772,4904.0
1170,Kepler-219,1.164,1.491,5786.0
1171,TIC 365102760,1.17,3.13,4900.0
1172,Kepler-1153,0.91,0.88,5470.0
1173,Kepler-327,0.591913,0.492,3799.0
1174,K2-72,0.271365,0.330989,3360.47
1175,TOI-5126,1.24,1.241,6150.0
1176,Kepler-405,0.873,0.893,5818.0
1177,2MASS J19383260+4603591,0.48,0.203,29564.0
1178,Kepler-1421,1.25,1.42,6335.0
1179,K2-332,0.27,0.28,3315.0
1180,Kepler-1288,1.2,1.29,6132.0
1181,GJ 1151,0.1639,0.1781,3280.0
1182,Kepler-80,0.73,0.678,4540.0
1183,Kepler-925,0.77,0.72,4673.0
1184,Kepler-194,0.94,1.025,6089.0
1185,Kepler-945,0.97,0.97,5718.0
1186,HD 156846,1.38,1.9,6090.0
1187,Kepler-1878,0.956,0.865,5918.0
1188,Kepler-1447,0.97,0.95,5722.0
1189,Kepler-1805,0.581,0.552,3867.0
1190,Kepler-370,0.982,0.9,5852.0
1191,Kepler-956,1.1,1.15,6040.0
1192,HD 63433,0.956,0.934,5553.0
1193,Kepler-1142,0.97,0.96,5685.0
1194,Kepler-853,1.3,1.55,6350.0
1195,WISPIT 1,0.72,1.1161,4670.0
1196,TOI-2529,1.11,1.7,5802.0
1197,Kepler-1759,0.76,0.797,5017.0
1198,Kepler-1215,0.95,0.93,5616.0
1199,Kepler-1733,1.273,1.252,6320.0
1200,Kepler-357,0.794,0.834,5036.0
1201,Kepler-1056,1.12,1.2,6127.0
1202,Kepler-1424,1.02,1.07,5838.0
1203,Kepler-1642,0.88,0.84,5355.0
1204,HD 164595,0.99,1.023606,5790.0
1205,K2-24,1.091,1.185,5726.0
1206,HD 97037,1.06,1.26356,5874.1
1207,Kepler-776,0.83,0.78,5071.0
1208,K2-352,0.98,0.95,5791.0
1209,TOI-3288,0.643,0.672,4072.0
1210,Kepler-1420,0.82,0.79,5187.0
1211,K2-333,1.06,1.22,5880.0
1212,Kepler-947,0.9,0.87,5508.0
1213,Kepler-689,0.91,0.88,5518.0
1214,NGC 2682 YBP 1194,1.01,0.99,5780.0
1215,HD 211970,0.61,0.574175,4127.0
1216,Kepler-336,1.09,1.304,5867.0
1217,Kepler-423,0.85,0.95,5560.0
1218,2MASS J04372171+2651014,0.17,0.84,3100.0
1219,Kepler-561,0.96,0.94,5646.0
1220,24 Boo,1.05,12.19,4816.0
1221,HD 74156,1.1,1.510576,6068.0
1222,HD 20003,0.875,0.921637,5494.0
1223,Kepler-716,0.83,0.78,5099.0
1224,TOI-4562,1.192,1.152,6096.0
1225,K2-66,1.11,1.67,5887.0
1226,TIC 437041147,0.931,0.961092,5224.36
1227,Kepler-583,0.94,0.91,5523.0
1228,Kepler-1649,0.1977,0.2317,3240.0
1229,WASP-57,0.886,0.927,5600.0
1230,Kepler-381,1.198,2.188,6197.0
1231,TOI-1199,1.23,1.45,5710.0
1232,TOI-4961,0.912,0.912,5380.0
1233,Kepler-118,0.811,1.094,5274.0
1234,K2-268,0.84,0.78,5106.0
1235,Kepler-1254,0.78,0.75,4985.0
1236,HD 167768,1.08,9.7,4851.0
1237,TOI-1036,1.03,1.17554,5664.68
1238,EPIC 212424622,1.106,1.2247,5782.33
1239,Kepler-1915,1.03,1.057,6020.0
1240,Kepler-1734,1.05,0.97,6061.0
1241,Kepler-960,0.77,0.72,4755.0
1242,HD 208897,1.25,4.98,4860.0
1243,Kepler-1386,1.02,1.03,5733.0
1244,Kepler-1921,1.251,2.0,6120.0
1245,Kepler-1225,1.13,1.19,6140.0
1246,Kepler-1708,1.088,1.117,6157.0
1247,HD 96700,0.89,1.16,5845.0
1248,Kepler-1146,0.74,0.7,4692.0
1249,WASP-100,0.77,1.57,6900.0
1250,Kepler-1643,0.845,0.855,4916.0
1251,Kepler-215,0.788,1.027,5739.0
1252,TOI-2169 A,1.42,1.82,6270.0
1253,K2-259,1.14,1.13,6059.0
1254,TOI-5292 A,0.596,0.611,3919.0
1255,Kepler-401,1.173,1.333,6117.0
1256,Kepler-888,0.97,0.9,5875.0
1257,Kepler-740,0.91,0.87,5438.0
1258,Kepler-1673,1.11,1.13166,6014.95
1259,Kepler-1322,0.897,0.804,5704.0
1260,Kepler-1211,0.96,0.94,5705.0
1261,HIP 78530,2.5,2.10876,10500.0
1262,Kepler-1750,0.981,0.969,5644.0
1263,TOI-4308,0.9,0.7934,5243.0
1264,HD 18015,1.49,3.13,5603.0
1265,TOI-1798,0.87,0.78,5165.0
1266,Kepler-24,1.06,1.099,6028.0
1267,Kepler-1875,0.95,0.862,6161.0
1268,HD 33142,1.52,4.17,5025.4
1269,HD 181720,1.03,1.5,5736.0
1270,TOI-6677,1.45,1.57167,6572.28
1271,Kepler-1394,1.64,2.55,6481.0
1272,Kepler-1672,1.16,1.08841,6131.95
1273,HD 331093,1.03,1.1112,5544.0
1274,Kepler-58,1.024,1.127,6099.0
1275,Kepler-404,0.86,0.884,5654.0
1276,HD 37124,0.85,0.949168,5698.64
1277,WASP-3,1.62,1.44,6400.0
1278,Kepler-1936,1.419,1.854,6501.0
1279,Kepler-1615,1.04,1.05,5865.0
1280,Kepler-1301,0.85,0.81,5188.0
1281,Kepler-1553,0.85,0.81,5288.0
1282,Kepler-1862,0.9,0.806,5644.0
1283,Kepler-990,1.05,1.08,5948.0
1284,Kepler-1537,0.81,0.77,5079.0
1285,HATS-28,0.929,0.922,5498.0
1286,TOI-2193 A,1.082,1.248,5966.0
1287,GJ 9773,0.358,0.362,3528.0
1288,Kepler-1785,0.911,0.996,5618.0
1289,Kepler-130,0.927,1.127,5884.0
1290,HD 13808,0.771,0.781,5035.0
1291,Kepler-340,1.65,1.85,6620.0
1292,HD 125271,0.75,0.751364,4703.93
1293,Kepler-1085,1.11,1.14,6000.0
1294,Kepler-1404,0.84,0.8,5261.0
1295,K2-99,1.44,2.55,6069.0
1296,TOI-1728,0.646,0.6243,3980.0
1297,HATS-74 A,0.601,0.5758,3776.9
1298,Kepler-1207,1.06,1.06,5909.0
1299,Kepler-1636,1.01,1.02,5797.0
1300,Kepler-1267,1.15,1.2,6096.0
1301,K2-73,1.02,1.058,5867.0
1302,Kepler-1795,0.768,0.688,4500.0
1303,K2-285,0.83,0.787,4975.0
1304,TIC 349520724,0.89,0.818771,5098.6
1305,LP 714-47,0.542,0.536,4123.0
1306,Kepler-963,0.91,0.87,5461.0
1307,XO-2 S,0.98,1.02,5325.0
1308,Kepler-1748,0.916,0.864,5774.0
1309,Kepler-712,0.84,0.78,5148.0
1310,TOI-4364,0.487,0.4684,3528.0
1311,TOI-5628 A,0.36,0.35,3310.0
1312,EPIC 201427007,0.93,0.94,5633.0
1313,TOI-2992,1.21,1.545,6000.0
1314,Kepler-1096,0.66,0.63,4306.0
1315,TOI-615,1.449,1.732,6850.0
1316,HAT-P-28,1.025,1.103,5680.0
1317,Kepler-667,0.91,0.87,5327.0
1318,Kepler-557,1.11,1.16,6068.0
1319,EPIC 206024342,0.928,1.1,5724.0
1320,rho CrB,1.0,1.3617,5817.0
1321,Kepler-483,1.28,1.47,6346.0
1322,HD 73534,1.16,2.58,4917.0
1323,HD 35843,0.94,0.897,5666.0
1324,Kepler-116,1.198,1.454,6142.0
1325,HAT-P-62,1.023,1.17,5629.0
1326,TOI-3896,0.86,0.747752,5110.91
1327,Kepler-443,0.738,0.706,4723.0
1328,TOI-4504,0.875,0.93,5315.0
1329,HD 150010,1.3,16.2,4153.0
1330,Kepler-552,1.03,1.04,5863.0
1331,TOI-2719,1.02,1.69,5762.0
1332,HD 23596,1.1,1.53,6040.0
1333,HATS-46,0.869,0.894,5451.0
1334,TOI-426,1.0,0.99,5750.0
1335,TOI-2084,0.453,0.475,3551.0
1336,TOI-2152,1.516,1.612,6630.0
1337,K2-347,0.66,0.63,4599.0
1338,Kepler-812,1.45,1.71,6761.0
1339,TOI-2266,0.23,0.24,3200.0
1340,Kepler-1187,1.06,1.09,5975.0
1341,Kepler-1547,1.12,1.18,6078.0
1342,Kepler-170,1.066,1.035,5679.0
1343,GJ 15 A,0.38,0.38,3607.0
1344,Kepler-1258,0.99,0.99,5839.0
1345,NSVS 14256825,0.419,0.188,40000.0
1346,Kepler-659,0.79,0.74,4870.0
1347,GJ 27.1,0.53,0.518887,3542.0
1348,TOI-4495,1.247,1.309,6210.0
1349,Kepler-798,1.19,1.29,6224.0
1350,TOI-5082,0.99665,0.93,5670.0
1351,Kepler-364,1.076,1.284,6108.0
1352,HD 20794,0.79,0.93,5368.0
1353,Kepler-1595,0.84,0.8,5203.0
1354,HD 99109,0.76,0.98,5282.0
1355,KOI-3503,0.858,1.255,6001.0
1356,Kepler-526,1.15,1.14,5894.0
1357,HD 28109,1.227,1.425,6189.0
1358,K2-11,1.35,5.15,5433.0
1359,NGTS-26,0.96,1.16,5550.0
1360,TOI-1743,0.339,0.338,3277.0
1361,Kepler-1837,1.049,0.961,5966.0
1362,Kepler-1986,0.776,0.732,5549.0
1363,Kepler-696,1.06,1.08,5903.0
1364,Kepler-189,0.803,0.75,5235.0
1365,HD 105618,1.01,1.27399,5671.0
1366,TOI-1301,0.77,0.732,4820.0
1367,Kepler-1497,0.96,0.95,5675.0
1368,EPIC 212624936,1.0,0.93,5765.0
1369,Kepler-661,0.7,0.67,4483.0
1370,Kepler-529,1.07,1.14,6087.0
1371,HAT-P-61,1.004,0.938,5587.0
1372,TOI-2589,0.93,1.07,5579.0
1373,HD 95872,0.7,0.84,5312.0
1374,Kepler-1412,1.06,1.27,5880.0
1375,Kepler-760,0.89,0.85,5322.0
1376,2MASS J0249-0557 A,0.046,0.315959,2859.0
1377,Kepler-1540,0.74,0.69,4540.0
1378,TIC 445839811,0.95,0.850041,5408.25
1379,Kepler-225,0.593,0.48,3682.0
1380,Kepler-180,0.95,1.063,5731.0
1381,HD 18438,1.84,88.475,3860.0
1382,HD 154088,0.91,0.95,5374.0
1383,HD 24064,1.61,40.0,4052.0
1384,Kepler-1349,1.16,1.28,6086.0
1385,HD 29399,1.17,4.5,4845.0
1386,TOI-4511,1.017,1.00145,5418.77
1387,eps Ind A,0.8,0.713,4700.0
1388,Kepler-1306,0.98,0.97,5727.0
1389,TOI-2200,0.85,0.826247,5036.17
1390,Kepler-345,0.61,0.623,4504.0
1391,Kepler-539,1.048,0.952,5820.0
1392,HD 33844,1.84,5.39,4861.0
1393,GJ 317,0.402,0.403,3496.0
1394,Kepler-467,1.05,1.37,5809.0
1395,Kepler-964,0.93,0.84,5427.0
1396,TOI-1386,1.0363,1.0235,5735.0
1397,HD 99706,1.72,5.4,4891.0
1398,Kepler-1262,0.99,0.98,5771.0
1399,BEBOP-3,1.083,1.414,6033.0
1400,Kepler-1071,0.86,0.81,5215.0
1401,Kepler-1515,1.3,1.41,6511.0
1402,Kepler-1809,0.807,0.716,4901.0
1403,K2-242,0.38,0.37,3459.0
1404,TIC 77319217,1.16,1.18439,5961.52
1405,Kepler-649,0.97,0.94,5871.0
1406,HAT-P-55,1.028,1.105,5804.0
1407,Kepler-344,0.931,0.976,5774.0
1408,HIP 65891,2.5,8.93,5000.0
1409,GJ 4274,0.18,0.19,3228.0
1410,Kepler-1111,1.1,1.15,6077.0
1411,K2-139,0.96,0.88,5370.0
1412,HD 64121,1.64,5.44,5078.0
1413,Kepler-902,0.95,0.93,5647.0
1414,Kepler-894,0.87,0.85,5603.0
1415,Kepler-1794,0.773,0.816,5052.0
1416,TOI-1064,0.748,0.726,4734.0
1417,Kepler-884,1.0,0.94,5715.0
1418,Kepler-1019,0.7,0.67,4433.0
1419,WASP-28,0.993,1.083,6084.0
1420,GJ 3341,0.47,0.439,3526.0
1421,TOI-4552,0.2619,0.2869,3258.0
1422,GJ 1289,0.21,0.245012,3296.0
1423,Kepler-555,1.03,1.04,5894.0
1424,Kepler-683,0.96,0.95,5703.0
1425,HATS-10,1.101,1.105,5880.0
1426,Kepler-1977,0.769,0.688,4805.0
1427,Kepler-715,1.04,1.04,5871.0
1428,TOI-1694,0.828,0.812,5005.0
1429,Kepler-164,1.036,1.148,5888.0
1430,Kepler-786,0.81,0.74,4838.0
1431,TOI-3785,0.52,0.5,3576.0
1432,WASP-145 A,0.76,0.68,4900.0
1433,WASP-136,1.41,2.39014,6250.0
1434,HATS-12,1.16,1.17,6357.0
1435,HD 98736,0.92,0.93,5271.0
1436,Kepler-1136,0.72,0.68,4512.0
1437,GJ 667 C,0.33,,3350.0
1438,Kepler-635,1.33,1.51,6174.0
1439,TOI-1279,0.8784,0.8426,5457.0
1440,Kepler-468,0.96,0.87,5498.0
1441,DE CVn,0.51,0.424754,3579.0
1442,TOI-682,0.85,1.08,5085.0
1443,USco CTIO 108,0.06,0.345365,2700.0
1444,Kepler-1496,1.18,1.27,6182.0
1445,HD 102272,1.45,10.3,4790.0
1446,Kepler-366,1.088,1.048,6209.0
1447,KOI-2513,0.91,1.2,5900.0
1448,Kepler-537,1.07,0.99,5763.0
1449,GJ 3323,0.164,0.119,3159.0
1450,Kepler-1761,0.573,0.532,3871.0
1451,NGTS-6,0.767,0.754,4730.0
1452,Kepler-920,0.89,0.85,5403.0
1453,Kepler-818,0.94,0.92,5638.0
1454,Kepler-959,1.6,2.01,7005.0
1455,BD-210397,0.69,0.747,4051.0
1456,Kepler-1436,1.06,1.09,5972.0
1457,HU Aqr,0.88,,5952.0
1458,Kepler-1597,1.25,1.39,6377.0
1459,WASP-83,1.11,1.05,5510.0
1460,HD 116029,1.33,4.6,4951.0
1461,Kepler-282,0.97,0.89,5656.0
1462,Kepler-850,1.06,1.09,5932.0
1463,Kepler-1090,0.86,0.82,5321.0
1464,TOI-715,0.225,0.24,3075.0
1465,GJ 393,0.426,0.426,3579.0
1466,Kepler-1680,0.834,0.723259,5021.0
1467,Gaia-2,1.0,1.064,5720.0
1468,WASP-124,1.07,1.02,6050.0
1469,TOI-1439,1.2313,1.6184,5841.0
1470,K2-50,0.611,0.546,4326.0
1471,Kepler-23,1.078,1.548,5828.0
1472,TOI-1736,1.0373,1.4286,5636.0
1473,Kepler-310,0.854,0.876,5797.0
1474,WASP-192,1.09,1.32,5910.0
1475,Kepler-1744,0.886,0.85,5986.0
1476,Kepler-1107,0.86,0.82,5268.0
1477,Kepler-40,1.48,2.13,6510.0
1478,TOI-908,0.95,1.028,5626.0
1479,Kepler-851,0.89,0.85,5455.0
1480,HD 99492,0.85,0.822539,4929.0
1481,G 264-012,0.297,0.305,3326.0
1482,Kepler-827,0.93,0.91,5602.0
1483,Kepler-228,1.006,1.014,6043.0
1484,K2-346,0.71,0.7,4801.0
1485,Kepler-77,0.95,0.99,5520.0
1486,Kepler-1509,1.0,0.99,5780.0
1487,GJ 581,0.295,0.302,3500.0
1488,K2-403,0.784,0.886,5511.0
1489,HD 43691,1.32,1.6,6093.0
1490,Kepler-1574,1.06,1.08,5892.0
1491,K2-253,1.08,1.1,6027.0
1492,Kepler-1290,0.95,0.93,5660.0
1493,Kepler-645,1.13,1.21,6170.0
1494,TOI-1450 A,0.48,0.483,3437.0
1495,HD 206610,1.55,6.12,4842.0
1496,Kepler-99,0.79,0.73,4782.0
1497,Kepler-1010,0.86,0.82,5253.0
1498,Kepler-687,0.77,0.73,4841.0
1499,Kepler-1855,0.385,0.356,3460.0
1500,UCAC4 328-061594,1.19,,
1501,Kepler-1363,0.76,0.72,4839.0
1502,BD+48 738,0.74,11.0,4414.0
1503,HR 8799,1.5,1.49338,7204.58
1504,Kepler-1773,1.241,1.3,6183.0
1505,Kepler-989,0.82,0.78,5074.0
1506,Kepler-1508,1.14,1.22,6158.0
1507,TOI-7041,1.07,4.1,4700.0
1508,K2-37,0.84,0.809,5352.0
1509,HIP 39330,0.96,1.02786,5748.0
1510,Kepler-52,0.54,0.52,4075.0
1511,Kepler-1637,1.02,1.02,5789.0
1512,Kepler-1990,1.028,1.071,5751.0
1513,GJ 9714,0.67,0.662662,4263.0
1514,Kepler-312,1.314,1.467,6115.0
1515,Kepler-1671,0.866,0.929771,5135.55
1516,Kepler-466,1.04,1.05,5927.0
1517,UZ For,0.7,,5286.9
1518,HD 63765,0.65,0.83,5449.0
1519,TOI-7008,0.88,0.95255,5116.06
1520,Kepler-1038,0.868,0.821,5159.0
1521,TOI-3877,1.16,1.445,5731.0
1522,Kepler-1699,0.81,0.725,5575.53
1523,HD 143105,1.51,1.647304,6380.0
1524,Kepler-1569,1.25,1.4,6319.0
1525,Kepler-859,0.81,0.77,5020.0
1526,HD 83443,1.0,0.94,5442.0
1527,Kepler-834,0.7,0.66,4554.0
1528,K2-249,1.32,1.57,6504.0
1529,Kepler-454,1.03,1.066,5687.0
1530,HD 33283,1.38,1.97,5935.0
1531,GJ 536,0.528,0.529,3641.0
1532,TOI-2236,1.343,1.573,6248.0
1533,HD 159868,1.19,2.13,5534.0
1534,Kepler-1665,0.842,0.777785,5049.84
1535,HIP 111909,1.28,4.53,4891.0
1536,Kepler-1125,0.95,0.94,5683.0
1537,Kepler-384,0.882,0.882,5577.0
1538,Kepler-1618,1.41,1.65,6620.0
1539,K2-148,0.65,0.632,4079.0
1540,NGTS-9,1.34,1.38,6330.0
1541,Kepler-584,1.17,1.24,6195.0
1542,Kepler-92,1.21,1.7,5883.0
1543,TOI-277,0.16,0.362,4031.0
1544,EPIC 212297394,0.83,0.8,5171.0
1545,TIC 67686059,0.86,0.820458,5090.09
1546,K2-270,0.85,0.77,4877.0
1547,TIC 160113658,0.76,0.789834,4817.31
1548,Kepler-533,0.78,0.72,4758.0
1549,VHS J125601.92-125723.9,0.07,,2620.0
1550,HD 23079,1.16,1.08,5994.0
1551,Kepler-55,0.631,0.619,4503.0
1552,Kepler-1467,0.86,0.82,5332.0
1553,Kepler-199,0.96,0.967,5644.0
1554,HD 222076,1.07,4.1,4806.0
1555,K2-388,0.93,0.91,5310.0
1556,TOI-1224,0.4,0.404,3326.0
1557,Kepler-623,0.9,0.86,5443.0
1558,WASP-176,1.345,1.925,5941.0
1559,Kepler-363,1.226,1.485,5593.0
1560,HD 4917,1.32,5.01,4802.0
1561,Kepler-970,0.67,0.71,4290.0
1562,HAT-P-70,1.89,1.858,8450.0
1563,Kepler-943,0.93,0.91,5612.0
1564,Kepler-10,0.91,1.065,5708.0
1565,Kepler-271,0.9,0.87,5555.0
1566,HD 221585,1.19,1.850575,5620.0
1567,TIC 18942729,0.652,0.825257,4360.11
1568,HD 22496,0.684,0.674,4385.0
1569,Kepler-1640,1.27,1.43,6324.0
1570,Kepler-589,0.832,0.916,5372.0
1571,Kepler-647,1.03,1.07,6020.0
1572,Gaia-1,0.949,0.952,5470.0
1573,Kepler-1527,1.21,1.32,6224.0
1574,Kepler-1980,1.049,0.99,5819.0
1575,TOI-122,0.312,0.334,3403.0
1576,HATS-52,1.111,1.046,6010.0
1577,Kepler-250,0.806,0.805,5160.0
1578,Kepler-1298,1.45,2.0,6339.0
1579,Kepler-1361,0.83,0.79,5131.0
1580,Kepler-619,1.09,1.11,5980.0
1581,TOI-532,0.639,0.612,3927.0
1582,HD 210277,1.01,1.07,5538.0
1583,Kepler-178,0.852,1.066,5676.0
1584,Kepler-1604,0.81,0.76,4976.0
1585,Kepler-984,0.96,0.93,5610.0
1586,HD 13724,1.004,1.04198,5835.31
1587,Kepler-1286,1.0,0.98,5753.0
1588,Kepler-318,1.073,1.189,5746.0
1589,Kepler-732,0.49,0.46,3631.0
1590,HIP 109600,0.87,0.971958,5530.0
1591,Kepler-407,0.99,1.04,5487.0
1592,GJ 1148,0.344045,0.358519,3287.0
1593,Kepler-897,1.03,1.04,5839.0
1594,Kepler-435,1.538,3.21,6161.0
1595,WASP-70 A,1.106,1.215,5763.0
1596,TOI-444,0.96,0.779,5225.0
1597,TOI-2202,0.841,0.808,5169.0
1598,TrES-1,1.04,0.85,5230.0
1599,Kepler-1052,0.937,0.848,5818.0
1600,Kepler-206,0.957,1.185,5764.0
1601,Kepler-763,0.84,0.8,5166.0
1602,Kepler-155,0.635,0.62,4508.0
1603,NGTS-34,1.266,1.367,6134.0
1604,K2-274,0.79,0.7,5044.0
1605,DH Tau,0.33,0.27,4371.0
1606,HD 200964,1.39,4.92,4982.0
1607,TOI-1011,0.91,0.92,5475.0
1608,Kepler-1583,0.94,0.91,5645.0
1609,HATS-32,1.099,1.097,5700.0
1610,ZTF J1828+2308,0.61,0.0131,15900.0
1611,Kepler-1876,1.187,1.477,6104.0
1612,TOI-6564,1.18,1.7,5943.0
1613,K2-219,1.021545,1.189232,5753.0
1614,Kepler-881,1.06,1.09,5961.0
1615,TOI-333,1.2,1.1,6241.0
1616,Kepler-665,0.79,0.74,4913.0
1617,Kepler-1848,0.756,0.737,4847.0
1618,TOI-2096,0.231,0.235,3300.0
1619,Kepler-1698,0.822,0.741698,4975.03
1620,HD 25463,1.251,1.4182,6353.0
1621,Kepler-1869,0.987,0.902,5808.0
1622,Kepler-292,0.865,0.826,5299.0
1623,Kepler-33,1.291,1.82,5904.0
1624,Kepler-601,0.85,0.79,5160.0
1625,TOI-1347,0.913,0.83,5464.0
1626,K2-417,0.569,0.5776,3861.0
1627,Kepler-1020,0.87,0.8,5227.0
1628,Kepler-1346,1.14,1.21,6133.0
1629,TOI-1750,0.767,0.768675,4683.75
1630,HD 180314,2.6,9.2,4917.0
1631,Kepler-181,0.81,0.749,5333.0
1632,TOI-1696,0.255,0.2775,3185.0
1633,TIC 77552382,0.83,0.886956,4981.07
1634,HD 96167,1.27,1.94,5733.0
1635,Kepler-1770,0.941,1.009,5602.0
1636,Kepler-154,0.933,1.001,5690.0
1637,Kepler-1660 A,1.1366,1.491,6305.24
1638,Kepler-379,1.125,1.306,6054.0
1639,HAT-P-33,1.82,1.79,6446.0
1640,Kepler-567,0.84,0.79,5148.0
1641,KIC 8121913,1.456,2.233,5975.3
1642,HD 109246,1.2,1.07,5844.0
1643,TOI-5489,0.41,0.42,3547.0
1644,K2-415,0.1635,0.1965,3173.0
1645,Kepler-800,0.85,0.82,5315.0
1646,Kepler-28,0.684,0.664,4499.3
1647,K2-271,0.83,0.99,5644.0
1648,KMT-2018-BLG-0748L,0.087,,
1649,KMT-2024-BLG-1870L,0.67,,
1650,KMT-2017-BLG-0849L,0.19,,
1651,Kepler-1418,0.77,0.72,4770.0
1652,OGLE-2016-BLG-0613L AB,0.72,,
1653,MASCARA-4,1.75,1.79,7800.0
1654,Kepler-1846,0.785,0.732,4825.0
1655,HD 147873,1.38,2.29,5972.0
1656,Kepler-224,0.777,0.676,5018.0
1657,Kepler-1670,1.05,1.51889,5838.0
1658,Kepler-1799,1.016,0.921,5831.0
1659,KMT-2021-BLG-0736L,0.6,,
1660,PSR B1620-26,1.35,,
1661,TYC 8998-760-1,1.0,1.02,4573.0
1662,OGLE-2017-BLG-1434L,0.234,,
1663,KMT-2019-BLG-2783L,0.34,,
1664,OGLE-2016-BLG-1093L,0.46,,
1665,MOA-2010-BLG-117L,0.58,,
1666,OGLE-2006-BLG-109L,0.51,,
1667,OGLE-2012-BLG-0406L,0.44,,
1668,Kepler-1265,0.71,0.69,4630.0
1669,HD 332231,1.1642,1.266,6128.0
1670,HD 233604,1.5,10.9,4791.0
1671,Kepler-1591,1.1,1.16,6082.0
1672,HD 22532,1.57,5.69,5038.0
1673,TOI-7189,0.612,0.591,3775.0
1674,TOI-7265 B,0.521,0.497,3503.0
1675,KMT-2021-BLG-0322L,0.62,,
1676,MOA-2016-BLG-526L,0.37,,
1677,TOI-6695,1.338,1.517,6400.0
1678,Kepler-249,0.510238,0.482,3568.0
1679,OGLE-2018-BLG-1185L,0.37,,
1680,WISEP J121756.91+162640.2 A,0.029,0.091,575.0
1681,KMT-2024-BLG-0176L,0.103,,
1682,KMT-2021-BLG-1150L,0.73,,
1683,KMT-2017-BLG-1146L,0.33,,
1684,MOA-2007-BLG-400L,0.69,,
1685,TWA 7,0.46,0.917173,3509.0
1686,Kepler-1222,0.84,0.8,5239.0
1687,Kepler-463,0.87,0.9,5661.0
1688,TOI-2337,1.325,3.22,4780.0
1689,HD 202206,1.06,1.04,5764.23
1690,MOA-2010-BLG-477L,0.67,,5950.0
1691,OGLE-2017-BLG-1522L,0.045,,
1692,Kepler-566,0.83,0.79,5132.0
1693,Kepler-1224,1.18,1.22,6155.0
1694,WASP-149,1.05,1.08,5750.0
1695,KMT-2019-BLG-1042L,0.3,,
1696,KMT-2019-BLG-0298L,0.7,,
1697,WASP-60,1.19,1.17,5900.0
1698,KMT-2019-BLG-0371L,0.09,,
1699,TOI-5916,0.518,0.487,3541.0
1700,OGLE-2017-BLG-1237L,0.46,,
1701,OGLE-2017-BLG-0640L,0.32,,
1702,MXB 1658-298,1.98,,
1703,KMT-2018-BLG-0029L,1.14,,
1704,Kepler-186,0.478,0.472,3788.0
1705,Kepler-1677,1.11,1.24959,6013.72
1706,KMT-2018-BLG-0087L,0.1,,
1707,KOI-55,0.496,0.203,27730.0
1708,KMT-2024-BLG-1044L,0.069,,
1709,KMT-2019-BLG-0297L,0.21,,
1710,OGLE-2012-BLG-0724L,0.29,,
1711,TOI-603,1.24,1.477,6027.0
1712,Kepler-1620,1.15,1.23,6157.0
1713,KMT-2019-BLG-0578L,0.28,,
1714,TOI-2128,1.0251,1.1174,5968.0
1715,TOI-5174,1.0,1.09457,5643.77
1716,WASP-172,1.49,1.91,6900.0
1717,Kepler-403,1.299,1.329,6090.0
1718,KMT-2022-BLG-2286L,0.2,,
1719,Kepler-1493,1.06,1.29,5863.0
1720,OGLE-2019-BLG-0249L,0.91,,
1721,Kepler-137,0.85,0.802,5187.0
1722,TOI-2114,1.309,1.97,6400.0
1723,TOI-5806,1.333,1.387,6730.0
1724,TOI-7169,0.885,1.5,5714.0
1725,OGLE-2018-BLG-0677L,0.12,,
1726,OGLE-2019-BLG-0679L,0.66,,
1727,MOA-bin-1L,0.75,,
1728,Kepler-365,1.02,1.048,6012.0
1729,KMT-2020-BLG-0414L,0.49,,
1730,HD 11977,1.91,10.09,4970.0
1731,eps CrB,1.7,21.0,4406.0
1732,TOI-521,0.42,0.421,3544.0
1733,OGLE-2015-BLG-0954L,0.3,,
1734,KOI-134,1.407,1.667,6160.0
1735,HD 127195,1.34,4.16,4981.0
1736,HD 125136,1.55,5.39,4959.0
1737,KMT-2019-BLG-0953L,0.28,,
1738,OGLE-2017-BLG-1691L,0.45,,
1739,alf Ari,1.5,13.9,4553.0
1740,TOI-2180,1.111,1.636,5695.0
1741,KMT-2024-BLG-0404L,0.09,,
1742,Kepler-122,0.982,1.216,6050.0
1743,OGLE-2018-BLG-1428L,0.43,,
1744,KMT-2021-BLG-1689L,0.58,,4570.0
1745,MOA-2010-BLG-073L,0.16,,
1746,KMT-2017-BLG-2197L,0.36,,
1747,KMT-2018-BLG-1988L,0.47,,
1748,Kepler-302,1.021,1.22,5740.0
1749,GJ 3779,0.27,0.281,3324.0
1750,Kepler-985,0.91,0.85,5434.0
1751,Kepler-248,0.838,0.831,5190.0
1752,Kepler-836,1.03,1.04,5895.0
1753,OGLE-2019-BLG-0304L,0.27,,
1754,MOA-2022-BLG-563L,0.48,,
1755,KMT-2021-BLG-2010L,0.37,,
1756,KMT-2024-BLG-1005L,0.055,,
1757,KMT-2021-BLG-1077L,0.14,,
1758,Kepler-1676,1.07,1.06066,5878.3
1759,K2-65,0.87,0.84,5213.0
1760,OGLE-2018-BLG-0799L,0.093,,
1761,KMT-2023-BLG-0466L,0.44,,
1762,BD+63 1405,0.816,0.804724,5000.0
1763,WASP-73,2.52,2.55,6030.0
1764,Kepler-733,0.9,0.86,5418.0
1765,Kepler-244,0.933,0.803,5554.0
1766,KMT-2021-BLG-0852L,0.75,,
1767,Kepler-32,0.58,0.53,3900.0
1768,TOI-5108,1.1,1.29,5808.0
1769,KMT-2016-BLG-2605L,0.064,,
1770,OGLE-2018-BLG-0977L,0.47,,
1771,OGLE-2007-BLG-368L,0.64,,
1772,MOA-2011-BLG-262L,0.11,,
1773,KMT-2025-BLG-0481L,0.22,,
1774,KMT-2019-BLG-1339L,0.48,,
1775,OGLE-2017-BLG-1140L,0.211,,
1776,KMT-2022-BLG-1790L,0.58,,
1777,KMT-2018-BLG-1996L,0.69,,
1778,Kepler-47,0.957,0.936,5636.0
1779,HD 190007,0.77,0.79,4610.0
1780,Kepler-1219,1.25,1.94,5944.0
1781,Kepler-1808,0.773,0.892,5530.0
1782,Kepler-824,1.15,1.22,6035.0
1783,HD 95089,1.54,5.08,4918.0
1784,Kepler-410 A,1.214,1.352,6273.0
1785,DMPP-6,1.079,1.27,6182.09
1786,Gaia22dkvL,1.145,,
1787,MOA-2022-BLG-249L,0.18,,
1788,Kepler-1063,1.09,1.14,5945.0
1789,KMT-2021-BLG-1303L,0.57,,
1790,OGLE-2018-BLG-0596L,0.231,,
1791,KMT-2023-BLG-0830L,0.22,,
1792,KMT-2023-BLG-0735L,0.61,,
1793,KMT-2021-BLG-0320L,0.32,,
1794,OGLE-2023-BLG-0766L,0.39,,
1795,Kepler-1628,0.55,0.52,3724.0
1796,OGLE2-TR-L9,1.52,1.53,6933.0
1797,TOI-5736,0.57,0.58,3949.0
1798,Kepler-1577,0.78,0.74,4862.0
1799,K2-13,0.8,0.78,5698.0
1800,Kepler-675,0.79,0.75,4945.0
1801,K2-190,0.904597,0.912206,5631.0
1802,Kepler-276,1.1,1.03,5693.0
1803,Kepler-1996,0.748,0.675,4580.0
1804,HIP 107772,0.63,0.513922,4006.0
1805,Kepler-446,0.22,0.24,3359.0
1806,KIC 3526061,1.42,5.86,4829.0
1807,HD 11964,0.91,2.00971,5303.0
1808,Kepler-1482,0.88,0.84,5381.0
1809,TOI-5515,0.963,0.835682,5483.65
1810,TOI-2184,1.53,2.9,5966.0
1811,HD 39194,0.86,0.783742,5205.0
1812,HD 199509,1.04,0.92,5796.02
1813,Kepler-325,0.914,1.003,5752.0
1814,Kepler-1940,0.802,0.717,5431.0
1815,TOI-2545,1.055,1.25324,5846.29
1816,Kepler-1612,0.96,0.94,5643.0
1817,HD 136352,0.87,1.058,5664.0
1818,K2-166,1.073,1.61,5960.0
1819,HD 20868,0.39,0.76,4802.0
1820,Kepler-1930,0.844,0.844,5083.0
1821,Kepler-1439,0.46,0.43,3578.0
1822,HD 155193,1.221,1.76439,6239.0
1823,Kepler-1536,0.71,0.67,4434.0
1824,HD 134987,1.1,1.22,5736.0
1825,Kepler-961,0.96,0.9,5582.0
1826,Kepler-319,0.933,0.903,5526.0
1827,HD 179079,1.14,1.63,5646.0
1828,Kepler-1099,1.01,1.0,5837.0
1829,Kepler-377,1.043,1.224,5949.0
1830,Kepler-879,1.02,1.02,5792.0
1831,Kepler-705,0.53,0.51,3722.0
1832,Kepler-163,0.882,0.917,5776.0
1833,TOI-778,1.4,1.71,6643.0
1834,Kepler-1355,0.88,0.83,5352.0
1835,Kepler-1579,0.75,0.7,4584.0
1836,K2-264,0.496,0.473,3660.0
1837,Kepler-1073,0.924,1.116,5509.0
1838,Kepler-510,0.91,1.41,5746.0
1839,HD 164509,1.12,1.11,5859.0
1840,TIC 34085383,0.733,0.809951,4694.84
1841,TYC 3667-1280-1,1.87,6.26,5130.0
1842,HATS-59,1.038,1.036,5670.0
1843,Kepler-1605,0.86,0.82,5280.0
1844,Ross 458,0.556419,0.562566,3965.42
1845,SR 12 AB,,1.103075,3828.93
1846,HD 187123,1.04,1.15043,5790.0
1847,OGLE-TR-132,1.305,1.32,6210.0
1848,OGLE-TR-56,1.228,1.363,6050.0
1849,WASP-156,0.8712,0.8268,5036.0
1850,HD 22781,0.75,0.743475,5027.0
1851,Kepler-16,0.6897,0.6489,4450.0
1852,WASP-23,0.78,0.765,5150.0
1853,HD 114783,0.853,0.840622,5135.0
1854,HD 19994,1.365,1.79647,6188.0
1855,47 UMa,1.06,1.21334,5872.0
1856,Kepler-18,0.972,1.108,5345.0
1857,Kepler-31,1.21,1.22,6340.0
1858,61 Vir,0.942,0.963,5577.0
1859,BD-08 2823,0.74,0.71,4746.0
1860,CoRoT-23,1.14,1.61,5900.0
1861,HATS-1,0.986,1.038,5870.0
1862,HD 47186,0.96,1.08,5657.0
1863,HD 196885 A,1.28,1.31,6254.0
1864,CoRoT-6,1.05,1.025,6090.0
1865,HAT-P-37,0.929,0.877,5500.0
1866,Kepler-42,0.13,0.17,3068.0
1867,BD+20 2457,2.8,49.0,4137.0
1868,GJ 179,0.357,0.38,3370.0
1869,SWEEPS-4,1.24,1.18,
1870,Kepler-35,0.8877,1.0284,5606.0
1871,CoRoT-16,1.098,1.19,5650.0
1872,HD 240210,0.82,25.456816,4297.0
1873,HD 110014,2.17,20.9,4445.0
1874,HIP 5158,0.78,0.75,4962.0
1875,BD+20 274,0.8,17.3,4296.0
1876,KELT-1,1.335,1.471,6516.0
1877,CoRoT-5,1.0,1.186,6100.0
1878,HD 147018,0.927,0.937948,5441.0
1879,Kepler-34,1.0479,1.1618,5913.0
1880,HD 45350,0.98,1.26442,5566.0
1881,CFBDSIR J145829+101343,0.021,,580.5
1882,HD 220773,1.16,1.679696,5940.0
1883,HD 147513,1.11,0.98,5883.0
1884,HD 129445,0.99,1.175816,5646.0
1885,WASP-5,0.96,1.029,5700.0
1886,OGLE-TR-111,0.82,0.83,5040.0
1887,HD 8535,1.13,1.19,6136.0
1888,MOA-2009-BLG-266L,0.56,,
1889,HAT-P-23,1.13,1.203,5905.0
1890,HAT-P-20,0.756,0.694,4595.0
1891,CoRoT-17,1.04,1.59,5740.0
1892,HD 132563,1.231,1.29577,6289.0
1893,Kepler-45,0.59,0.55,3820.0
1894,Kepler-417,0.9,0.806,5177.0
1895,GJ 3634,0.45,0.43,3517.0
1896,Kepler-14,1.512,2.048,6395.0
1897,CoRoT-18,0.95,1.0,5440.0
1898,Kepler-15,1.018,0.992,5515.0
1899,PSR J1719-1438,1.4,,4500.0
1900,CoRoT-14,1.13,1.21,6035.0
1901,HAT-P-4,1.248,1.596,5860.0
1902,OGLE-TR-10,1.14,1.17,5950.0
1903,OGLE-TR-113,0.779,0.774,4790.0
1904,HD 192310,0.8,0.857922,5166.0
1905,OGLE-2014-BLG-1760L,0.803,,
1906,OGLE-2013-BLG-0132L,0.54,,
1907,Kepler-277,1.12,1.69,5946.0
1908,KMT-2017-BLG-1194L,0.41,,
1909,KMT-2017-BLG-2331L,0.4,,
1910,HD 41004 A,0.95,0.85,5310.0
1911,OGLE-2019-BLG-0299L,0.59,,
1912,Kepler-476,1.03,1.09,5837.0
1913,KMT-2021-BLG-2294L,0.14,,
1914,KMT-2022-BLG-1013L,0.18,,
1915,Kepler-1976,0.976,1.082,5712.0
1916,WASP-155,1.09,1.24,5660.0
1917,KMT-2019-BLG-0414L,0.74,,
1918,HD 62509,2.0,8.9,4892.63
1919,RR Cae,0.44,0.193119,3904.0
1920,WASP-65,0.93,1.01,5600.0
1921,Kepler-38,0.941,1.752,5623.0
1922,WASP-8,1.04,0.96,5690.0
1923,ROXs 42 B,1.0,1.33658,3433.0
1924,WASP-1,1.24,1.47,6110.0
1925,Kepler-50,1.24,1.58,6225.0
1926,BD+15 2940,1.1,14.7,4796.0
1927,Kepler-87,1.1,1.82,5600.0
1928,WASP-75,1.14,1.26,6100.0
1929,HD 40307,0.77,0.716684,4956.0
1930,WTS-1,1.2,1.15,6250.0
1931,CoRoT-26,1.09,1.79,5590.0
1932,91 Aqr,1.4,11.0,4665.0
1933,tau Gem,2.3,26.8,4388.0
1934,HAT-P-42,1.178,1.53,5743.0
1935,Kepler-56,1.32,4.23,4840.0
1936,GJ 163,0.4,0.409738,3500.0
1937,HD 208527,1.6,51.1,4035.0
1938,GU Psc,0.325,0.450458,4031.81
1939,HIP 63242,1.54,10.275655,4830.0
1940,CoRoT-1,0.95,1.11,5950.0
1941,HAT-P-45,1.259,1.319,6330.0
1942,HAT-P-44,0.942,0.949,5295.0
1943,HD 95086,1.6,1.48667,7595.0
1944,BD-06 1339,0.7,0.686355,4324.0
1945,HD 103774,1.335,1.581047,6489.0
1946,HATS-5,0.936,0.871,5304.0
1947,HD 109271,1.047,1.294595,5783.0
1948,bet Cnc,1.7,47.2,4092.1
1949,mu Leo,1.5,11.4,4538.2
1950,OGLE-2012-BLG-0358L,0.022,,
1951,HD 166724,0.81,0.797485,5127.0
1952,WASP-64,1.004,1.058,5400.0
1953,Kepler-67,0.865,0.778,5331.0
1954,HAT-P-38,0.886,0.923,5330.0
1955,OGLE-2011-BLG-0251L,0.26,,
1956,PH1,1.528,1.734,6407.0
1957,Kepler-415,0.67,0.643,4362.0
1958,WASP-126,1.12,1.27,5800.0
1959,Kepler-1544,0.81,0.74,4886.0
1960,HAT-P-39,1.404,1.625,6430.0
1961,HD 150706,1.17,0.96,5961.0
1962,CoRoT-2,0.96,0.906,5625.0
1963,TOI-1272,0.828,0.8,4985.0
1964,TOI-1883,0.495,0.506,3554.0
1965,Oph 11,0.016,0.232692,2375.0
1966,Kepler-418,0.98,1.09,5820.0
1967,DP Leo,0.69,0.0115,13500.0
1968,Kepler-59,1.04,0.94,6074.0
1969,CoRoT-27,1.05,1.08,5900.0
1970,HIP 105854,2.1,10.305119,4780.0
1971,Kapteyn,0.281,0.291,3550.0
1972,2MASS J01225093-2439505,0.4,0.36645,3530.0
1973,Kepler-63,0.984,0.901,5576.0
1974,Kepler-53,0.98,0.89,5858.0
1975,Kepler-54,0.51,0.5,3705.0
1976,Kepler-83,0.66,0.61,4082.0
1977,HD 82943,1.08,1.1826,5935.0
1978,HD 154857,1.718,1.76,5605.0
1979,POTS-1,0.695,0.588,4400.0
1980,Kepler-413,0.82,0.7761,4700.0
1981,Kepler-61,0.635,0.62,4017.0
1982,HAT-P-27,0.916,0.864673,5316.0
1983,Qatar-4,0.896,0.849,5215.0
1984,WTS-2,0.82,0.752,5000.0
1985,HD 4203,0.99,1.49795,5582.0
1986,Kepler-193,1.051,1.147,6335.0
1987,Kepler-313,1.114,1.536,5727.0
1988,Kepler-328,1.15,1.06,6064.0
1989,Kepler-280,0.962,0.886,5744.0
1990,Kepler-275,1.189,1.383,6165.0
1991,Kepler-214,1.11,1.352,6169.0
1992,TOI-4438,0.345,0.365,3501.0
1993,Kepler-293,0.934,0.957,5804.0
1994,Kepler-291,1.023,1.016,6002.0
1995,DMPP-7,1.23,1.49,6096.0
1996,Kepler-111,1.171,1.157,5952.0
1997,Kepler-148,0.86,0.851,5272.0
1998,Kepler-179,0.893,0.759,5302.0
1999,Kepler-290,0.756,0.743,5147.0
2000,Kepler-226,0.904,0.802,5571.0
2001,Kepler-333,0.601,0.534,4259.0
2002,Kepler-343,1.055,1.433,5807.0
2003,TOI-762 A,0.442,0.425,3266.0
2004,Kepler-125,0.542101,0.512,3810.0
2005,Kepler-127,1.248,1.359,6106.0
2006,Kepler-222,0.933,0.869,5433.0
2007,Kepler-308,0.92,0.941,5895.0
2008,Kepler-241,0.671,0.668,4699.0
2009,Kepler-166,0.811,0.742,5413.0
2010,Kepler-108,1.247,2.192,5854.0
2011,Kepler-311,0.994,1.188,5905.0
2012,Kepler-254,0.849,0.91,5957.0
2013,Kepler-268,1.109,1.274,6081.0
2014,Kepler-321,1.024,1.194,5740.0
2015,Kepler-286,0.83,0.863,5580.0
2016,Kepler-171,0.978,0.839,5642.0
2017,Kepler-329,0.602,0.523,4257.0
2018,Kepler-263,0.793,0.785,5265.0
2019,Kepler-287,0.963,1.032,5806.0
2020,TOI-4409,0.763,0.72,4928.0
2021,HD 13908,1.29,1.67,6255.0
2022,HD 159243,1.125,1.12,6123.0
2023,Kepler-150,0.956,0.939,5560.0
2024,HD 106906,1.5,2.12351,6516.0
2025,Kepler-267,0.541571,0.555,4258.0
2026,Kepler-273,0.756,0.815,5626.0
2027,Kepler-309,0.816,0.721,4713.0
2028,Kepler-265,0.97,1.103,5835.0
2029,Kepler-119,0.918,0.839,5595.0
2030,Kepler-305,0.76,0.8,5080.0
2031,Kepler-301,1.022,0.9,5815.0
2032,Kepler-300,1.07,0.9,5986.0
2033,Kepler-133,1.02,1.425,5736.0
2034,Kepler-152,0.779,0.724,5088.0
2035,TIC 46432937,0.563,0.5299,3572.0
2036,Kepler-299,1.004,1.032,5617.0
2037,Kepler-298,0.66,0.582,4465.0
2038,Kepler-157,0.95,1.044,5774.0
2039,Kepler-162,1.053,0.958,5816.0
2040,Kepler-288,0.842,1.091,5918.0
2041,Kepler-285,0.915,0.808,5411.0
2042,Kepler-183,0.99,0.958,5888.0
2043,Kepler-315,0.831,1.037,5796.0
2044,Kepler-316,0.587,0.52,4204.0
2045,Kepler-284,0.766,0.814,5615.0
2046,Kepler-281,0.95,0.899,5723.0
2047,Kepler-353,0.553,0.504,3903.0
2048,Kepler-374,1.033,0.911,5977.0
2049,Kepler-386,0.825,0.767,5178.0
2050,Kepler-213,1.07,1.195,5696.0
2051,Kepler-355,0.933,1.066,6184.0
2052,Kepler-356,1.163,1.335,6133.0
2053,Kepler-387,0.85,1.046,5774.0
2054,Kepler-388,0.635,0.586,4498.0
2055,Kepler-221,0.854,0.821,5243.0
2056,Kepler-358,0.94,0.954,5908.0
2057,Kepler-376,0.968,1.175,5900.0
2058,Kepler-378,0.78,0.671,4661.0
2059,Kepler-359,0.827,1.086,6248.0
2060,Kepler-112,0.782,0.841,5544.0
2061,Kepler-390,0.787,0.776,5166.0
2062,Kepler-231,0.58,0.49,3767.0
2063,Kepler-237,0.696,0.725,4861.0
2064,Kepler-272,0.91,0.929,5297.0
2065,Kepler-173,1.067,0.949,6031.0
2066,Kepler-175,0.969,1.01,6064.0
2067,Kepler-141,0.878,0.787,4910.0
2068,Kepler-239,0.757,0.763,4914.0
2069,Kepler-367,0.768,0.695,4710.0
2070,Kepler-143,0.982,1.359,5848.0
2071,Kepler-360,0.994,1.058,6053.0
2072,Kepler-140,1.044,1.288,6077.0
2073,Kepler-392,0.874,1.129,5938.0
2074,Kepler-243,0.904,0.842,5228.0
2075,Kepler-375,0.891,0.837,5826.0
2076,TOI-3053,0.96,0.97,5378.0
2077,Kepler-246,0.853,0.831,5206.0
2078,Kepler-393,1.256,1.382,6189.0
2079,Kepler-394,0.87,1.132,6402.0
2080,Kepler-26,0.593,0.571,4486.0
2081,Kepler-342,1.213,1.472,6175.0
2082,Kepler-337,1.081,1.761,5684.0
2083,Kepler-261,0.834,0.794,5098.0
2084,Kepler-339,0.87,0.802,5631.0
2085,Kepler-380,0.99,1.224,6045.0
2086,Kepler-397,0.844,0.767,5307.0
2087,TOI-2095,0.44,0.44,3759.0
2088,Kepler-188,1.021,1.141,6021.0
2089,Kepler-362,0.904,0.722,5788.0
2090,Kepler-136,1.204,1.355,6165.0
2091,Kepler-400,1.08,1.145,5886.0
2092,Kepler-383,0.669,0.672,4710.0
2093,Kepler-402,1.072,1.264,6090.0
2094,Kepler-369,0.5,0.471,3591.0
2095,Kepler-147,1.145,1.468,6012.0
2096,Kepler-200,0.972,0.944,5678.0
2097,Kepler-347,0.922,1.005,6088.0
2098,Kepler-202,0.683,0.667,4668.0
2099,Kepler-270,1.17,1.461,6067.0
2100,Kepler-217,1.342,1.799,6171.0
2101,Kepler-220,0.729,0.666,4632.0
2102,Kepler-204,1.038,1.238,5812.0
2103,Kepler-314,0.99,0.95,5378.0
2104,Kepler-149,1.013,0.953,5381.0
2105,Kepler-205,0.592,0.546,4321.0
2106,Kepler-317,0.865,0.941,5497.0
2107,Kepler-234,1.129,1.113,6224.0
2108,Kepler-209,0.971,0.935,5513.0
2109,Kepler-229,0.808,0.728,5120.0
2110,Kepler-159,0.628,0.663,4625.0
2111,Kepler-320,1.072,1.108,6435.0
2112,Kepler-332,0.743,0.72,4955.0
2113,Kepler-233,0.855,0.758,5360.0
2114,Kepler-335,1.367,1.854,5877.0
2115,Kepler-262,0.816,0.881,5841.0
2116,Kepler-201,1.098,1.229,6065.0
2117,Kepler-441,0.572,0.55,4340.0
2118,Kepler-253,0.86,0.786,5208.0
2119,CoRoT-22,1.099,1.136,5939.0
2120,Kepler-437,0.707,0.68,4551.0
2121,Kepler-439,0.884,0.866,5431.0
2122,Kepler-216,1.126,1.26,6091.0
2123,KIC 10001893,0.47,0.18,27500.0
2124,HD 113538,0.585,0.53,4462.0
2125,HD 30669,0.92,0.91,5400.0
2126,Kepler-424,1.01,0.94,5460.0
2127,Kepler-422,1.15,1.24,5972.0
2128,Kepler-259,0.867,0.898,5938.0
2129,Kepler-426,0.91,0.92,5725.0
2130,Kepler-427,0.96,1.35,5800.0
2131,HD 103720,0.794,0.73,5017.0
2132,Kepler-434,1.198,1.38,5977.0
2133,Kepler-94,0.81,0.76,4781.0
2134,Kepler-428,0.87,0.8,5150.0
2135,Kepler-425,0.93,0.86,5170.0
2136,TYC 1422-614-1,1.15,6.85,4806.0
2137,Kepler-165,0.746,0.77,5211.0
2138,OGLE-2005-BLG-071L,0.46,,
2139,OGLE-2008-BLG-092L,0.71,,
2140,Kepler-227,0.954,1.091,5854.0
2141,Kepler-113,0.75,0.69,4725.0
2142,Qatar-2,0.743,0.776,4645.0
2143,Kepler-117,1.129,1.606,6150.0
2144,Kepler-161,0.853,0.806,5078.0
2145,Kepler-98,0.99,1.11,5539.0
2146,Kepler-430,1.166,1.485,5884.0
2147,Kepler-182,1.114,1.146,6250.0
2148,HD 10180,1.06,1.109,5911.0
2149,Kepler-96,1.0,1.02,5690.0
2150,MOA-2011-BLG-322L,0.39,,
2151,CoRoT-24,0.91,0.86,4950.0
2152,Kepler-440,0.575,0.559,4134.0
2153,Kepler-146,1.079,1.208,5948.0
2154,OGLE-2008-BLG-355L,0.37,,
2155,Kepler-252,0.61,0.549,4208.0
2156,HD 35759,1.15,1.759974,6060.0
2157,Kepler-477,0.87,0.79,5240.0
2158,HD 67087,1.36,1.55,6330.0
2159,Kepler-6,1.209,1.391,5647.0
2160,HD 220842,1.13,1.41647,5960.0
2161,HIP 65407,0.93,0.952252,5460.0
2162,Kepler-505,0.55,0.53,3931.0
2163,CoRoT-29,0.97,0.9,5260.0
2164,tau Boo,1.32,1.42588,6466.27
2165,Kepler-412,1.167,1.287,5750.0
2166,Kepler-754,1.06,1.08,5935.0
2167,Kepler-753,0.68,0.65,4346.0
2168,HAT-P-54,0.645,0.617,4390.0
2169,TrES-5,0.901,0.868,5171.0
2170,KOI-13,1.72,1.74,7650.0
2171,WASP-42,0.951,0.892,5315.0
2172,Kepler-766,1.1,1.15,5992.0
2173,Kepler-771,1.03,1.05,5906.0
2174,HD 100546,2.4,1.85288,10500.0
2175,Kepler-432,1.32,4.06,4995.0
2176,Kepler-76,1.2,1.32,6409.0
2177,OGLE-2003-BLG-235L,0.63,,
2178,Kepler-765,1.05,1.06,5901.0
2179,Kepler-5,1.374,1.793,6297.0
2180,Kepler-7,1.359,1.966,5933.0
2181,HIP 74890,1.74,5.77,4850.0
2182,K2-29,0.94,0.86,5358.0
2183,Kepler-767,0.96,0.94,5694.0
2184,Kepler-773,1.04,1.01,5850.0
2185,Kepler-774,1.57,2.42,6403.0
2186,2MASS J02192210-3925225,0.108,0.281,3064.0
2187,HD 7924,0.832,0.7821,5075.0
2188,WASP-41,0.93,0.87,5545.0
2189,HAT-P-50,1.273,1.698,6280.0
2190,HD 133131 A,0.95,0.955014,5799.0
2191,HATS-17,1.131,1.091,5846.0
2192,Kepler-772,0.98,1.11,5714.0
2193,Kepler-769,1.19,1.28,6186.0
2194,Kepler-449,1.02,1.467,5649.18
2195,WASP-92,1.19,1.341,6280.0
2196,Kepler-762,1.06,1.08,5944.0
2197,Kepler-781,0.81,0.78,5162.0
2198,HD 175607,0.71,0.7,5392.0
2199,WASP-93,1.334,1.524,6700.0
2200,alf Tau,1.13,45.1,4055.0
2201,OGLE-2005-BLG-169L,0.69,,
2202,WASP-46,0.828,0.858,5600.0
2203,HD 60532,1.5,2.57,6245.0
2204,OGLE-2013-BLG-0102L,0.096,,
2205,Kepler-41,1.15,1.29,5750.0
2206,HIP 107773,2.42,11.6,4945.0
2207,HATS-8,1.056,1.086,5679.0
2208,LkCa 15,,1.60711,4194.0
2209,Qatar-1,0.838,0.803,5013.0
2210,HAT-P-66,1.255,1.881,6002.0
2211,Kepler-75,0.91,0.89,5200.0
2212,Kepler-453,0.944,0.833,5527.0
2213,WASP-89,0.92,0.88,5130.0
2214,KIC 3558849,0.98,1.01,6175.0
2215,KOI-7892,1.04,1.26,6474.0
2216,OGLE-2007-BLG-349L A,0.41,,
2217,K2-6,0.97,0.96,5850.0
2218,HD 42618,1.015,0.999,5727.0
2219,OGLE-2012-BLG-0950L,0.57,,
2220,K2-15,0.72,0.68,5131.0
2221,K2-14,0.47,0.45,3789.0
2222,K2-17,0.71,0.66,4320.0
2223,K2-9,0.3,0.31,3390.0
2224,WASP-36,1.081,0.985,5959.0
2225,HATS-13,0.962,0.887,5523.0
2226,HATS-14,0.967,0.933,5346.0
2227,WASP-90,1.55,1.98,6430.0
2228,HD 5583,1.01,9.09,4830.0
2229,Kepler-447,1.0,1.05,5493.0
2230,OGLE-2011-BLG-0265L,0.211,,
2231,HD 130322,0.92,0.85,5387.0
2232,OGLE-2012-BLG-0563L,0.34,,
2233,Pr0211,0.935,0.827,5300.0
2234,BD+15 2375,1.08,8.95,4649.0
2235,HD 1666,1.5,1.93,6317.0
2236,Kepler-872,1.05,1.08,5902.0
2237,Kepler-871,1.11,1.14,5993.0
2238,Kepler-603,1.01,1.01,5808.0
2239,Kepler-908,1.11,1.12,5973.0
2240,Kepler-499,0.87,0.83,5312.0
2241,Kepler-801,0.67,0.63,4435.0
2242,Kepler-799,0.95,0.93,5681.0
2243,Kepler-870,1.01,1.02,5857.0
2244,Kepler-869,0.97,0.95,5664.0
2245,Kepler-907,1.08,1.38,6106.0
2246,Kepler-912,1.07,1.11,5998.0
2247,Kepler-797,0.96,0.95,5680.0
2248,Kepler-867,0.92,0.91,5541.0
2249,Kepler-868,0.93,0.89,5614.0
2250,Kepler-866,0.75,0.71,4751.0
2251,Kepler-913,0.63,0.61,4687.0
2252,Kepler-910,1.26,1.5,6230.0
2253,Kepler-847,0.83,0.77,4940.0
2254,Kepler-846,0.94,0.91,5579.0
2255,Kepler-795,0.94,0.96,5631.0
2256,Kepler-794,1.19,1.38,5839.0
2257,Kepler-865,0.93,0.92,5570.0
2258,Kepler-909,1.17,1.23,6154.0
2259,Kepler-916,0.85,0.81,5248.0
2260,Kepler-845,0.79,0.75,4913.0
2261,Kepler-844,0.59,0.57,4128.0
2262,Kepler-792,1.09,1.12,5971.0
2263,Kepler-791,1.3,1.47,6383.0
2264,Kepler-862,0.88,0.84,5333.0
2265,Kepler-861,0.82,0.78,5047.0
2266,Kepler-930,1.25,1.4,6335.0
2267,Kepler-842,0.78,0.73,4848.0
2268,Kepler-841,0.85,0.81,5324.0
2269,Kepler-790,0.84,0.8,5208.0
2270,Kepler-788,1.16,1.23,6159.0
2271,Kepler-860,1.04,1.06,5836.0
2272,Kepler-924,1.14,1.23,6167.0
2273,Kepler-923,1.11,1.26,5988.0
2274,Kepler-838,0.98,0.96,5770.0
2275,Kepler-837,0.85,0.81,5403.0
2276,Kepler-787,0.65,0.62,4248.0
2277,Kepler-465,1.23,1.29,6310.0
2278,Kepler-856,0.96,0.93,5535.0
2279,Kepler-890,1.09,1.13,5954.0
2280,Kepler-927,0.99,0.99,5743.0
2281,Kepler-926,1.01,1.01,5806.0
2282,Kepler-892,0.75,0.72,4747.0
2283,Kepler-933,0.87,0.84,5346.0
2284,Kepler-826,1.05,1.15,6079.0
2285,Kepler-830,1.07,1.11,6037.0
2286,Kepler-829,0.98,0.97,5698.0
2287,Kepler-895,0.65,0.61,4315.0
2288,Kepler-743,0.94,0.85,5486.0
2289,Kepler-823,0.98,0.96,5643.0
2290,Kepler-487,0.91,0.88,5444.0
2291,Kepler-898,0.65,0.62,4223.0
2292,Kepler-899,0.93,0.91,5595.0
2293,Kepler-747,0.82,0.78,5096.0
2294,Kepler-821,0.84,0.8,5191.0
2295,Kepler-498,0.98,0.96,5744.0
2296,Kepler-901,0.59,0.57,4184.0
2297,Kepler-900,0.78,0.73,4836.0
2298,Kepler-751,0.87,0.84,5387.0
2299,Kepler-820,1.23,1.36,6260.0
2300,Kepler-817,1.03,1.03,5861.0
2301,Kepler-886,1.1,1.16,6098.0
2302,Kepler-885,1.21,1.35,6187.0
2303,Kepler-904,1.16,1.25,6160.0
2304,Kepler-905,0.95,0.86,5461.0
2305,Kepler-756,0.82,0.79,5282.0
2306,Kepler-757,1.08,1.13,6014.0
2307,Kepler-815,1.25,3.42,5028.0
2308,Kepler-852,1.19,1.16,6100.0
2309,Kepler-883,1.06,1.09,6116.0
2310,Kepler-509,1.1,1.2,6060.0
2311,Kepler-502,1.15,1.22,6125.0
2312,Kepler-813,0.95,0.93,5743.0
2313,Kepler-811,1.01,1.24,5747.0
2314,Kepler-882,0.9,0.87,5476.0
2315,Kepler-880,1.46,1.74,6761.0
2316,Kepler-474,0.99,1.08,5785.0
2317,Kepler-810,1.03,1.04,5803.0
2318,Kepler-809,0.99,0.98,5734.0
2319,Kepler-877,0.85,0.81,5261.0
2320,Kepler-750,1.15,1.23,6160.0
2321,Kepler-775,0.92,0.84,5468.0
2322,Kepler-500,1.02,1.03,5813.0
2323,Kepler-808,0.76,0.71,4653.0
2324,Kepler-875,1.06,1.11,5958.0
2325,Kepler-777,0.58,0.56,4043.0
2326,Kepler-779,0.46,0.44,3804.0
2327,Kepler-804,1.01,1.05,5817.0
2328,Kepler-803,1.05,1.12,5919.0
2329,Kepler-1049,0.51,0.49,3864.0
2330,Kepler-969,0.92,0.82,5214.0
2331,Kepler-1137,1.5,1.84,6807.0
2332,Kepler-975,0.8,0.75,4897.0
2333,Kepler-995,0.83,0.8,5206.0
2334,Kepler-1054,1.22,1.34,6209.0
2335,Kepler-1033,0.94,0.92,5547.0
2336,Kepler-1040,0.98,0.96,5694.0
2337,Kepler-1138,0.95,0.92,5582.0
2338,Kepler-1139,0.94,0.91,5550.0
2339,Kepler-1060,0.99,0.99,5797.0
2340,Kepler-1003,1.11,1.17,6109.0
2341,Kepler-1055,0.98,0.94,5723.0
2342,Kepler-998,1.12,1.18,6058.0
2343,Kepler-1017,0.93,0.87,5473.0
2344,Kepler-974,0.52,0.5,3687.0
2345,Kepler-1045,0.86,0.82,5301.0
2346,Kepler-980,1.05,1.06,5935.0
2347,Kepler-991,0.64,0.61,4392.0
2348,Kepler-1072,1.2,1.32,6199.0
2349,Kepler-490,1.08,1.12,6045.0
2350,Kepler-1018,0.91,0.88,5518.0
2351,Kepler-1004,1.11,3.39,4972.0
2352,Kepler-997,1.22,1.56,6150.0
2353,Kepler-1151,0.88,0.85,5470.0
2354,Kepler-1064,0.85,0.79,5153.0
2355,Kepler-971,0.88,0.85,5431.0
2356,Kepler-1051,1.43,1.73,6675.0
2357,Kepler-1007,0.73,0.7,4587.0
2358,Kepler-1145,0.79,0.75,5064.0
2359,Kepler-1147,1.09,1.14,5941.0
2360,Kepler-1029,0.82,0.77,5030.0
2361,Kepler-996,1.09,1.14,6014.0
2362,Kepler-966,1.02,1.02,5840.0
2363,Kepler-1047,1.08,1.13,5754.0
2364,Kepler-1149,1.02,1.01,5833.0
2365,Kepler-1148,0.81,0.77,5054.0
2366,Kepler-1057,1.07,1.1,5987.0
2367,Kepler-1059,0.75,0.72,4906.0
2368,Kepler-965,1.05,1.15,5886.0
2369,Kepler-999,1.29,1.65,6237.0
2370,Kepler-1112,1.34,1.54,6496.0
2371,Kepler-952,1.0,0.99,5730.0
2372,Kepler-479,0.86,0.81,5247.0
2373,Kepler-934,0.81,0.77,5001.0
2374,Kepler-977,0.87,0.83,5315.0
2375,Kepler-1021,0.89,0.86,5431.0
2376,Kepler-979,0.87,0.83,5310.0
2377,Kepler-982,1.16,1.29,6139.0
2378,Kepler-936,0.92,0.89,5482.0
2379,Kepler-938,0.92,0.89,5533.0
2380,Kepler-1006,0.78,0.74,5328.0
2381,Kepler-1009,0.59,0.57,4027.0
2382,Kepler-976,0.87,0.83,5232.0
2383,Kepler-1120,0.78,0.74,4904.0
2384,Kepler-1123,0.93,0.9,5500.0
2385,Kepler-940,0.97,0.96,5769.0
2386,Kepler-1035,0.98,0.97,5763.0
2387,Kepler-1027,0.91,0.82,5436.0
2388,Kepler-986,0.96,0.98,5642.0
2389,Kepler-1011,0.91,0.88,5416.0
2390,Kepler-1068,1.01,1.01,5806.0
2391,Kepler-917,0.8,0.76,5418.0
2392,Kepler-918,1.11,1.14,6028.0
2393,Kepler-978,1.07,1.09,6002.0
2394,Kepler-1002,1.22,1.57,6144.0
2395,Kepler-493,1.36,1.54,6457.0
2396,Kepler-1128,0.94,0.91,5543.0
2397,Kepler-919,1.15,1.21,6113.0
2398,Kepler-921,0.93,0.91,5663.0
2399,Kepler-1015,1.49,1.81,6769.0
2400,Kepler-1005,1.0,1.06,5782.0
2401,Kepler-972,1.15,1.22,6146.0
2402,Kepler-1131,1.03,1.04,5851.0
2403,Kepler-1025,1.09,1.13,6089.0
2404,Kepler-497,1.09,1.11,5834.0
2405,Kepler-994,0.56,0.54,3934.0
2406,Kepler-1132,0.87,0.83,5298.0
2407,Kepler-1069,0.99,0.98,5722.0
2408,Kepler-1034,0.83,0.8,5198.0
2409,Kepler-944,0.86,0.83,5409.0
2410,Kepler-942,0.81,0.75,4861.0
2411,Kepler-946,0.94,0.93,5665.0
2412,Kepler-992,0.8,0.74,4944.0
2413,Kepler-1134,0.84,0.81,5281.0
2414,Kepler-1135,0.96,0.94,5656.0
2415,Kepler-951,0.77,0.73,4834.0
2416,Kepler-967,0.84,0.8,5178.0
2417,Kepler-1013,0.81,0.76,4954.0
2418,Kepler-1233,1.16,1.25,6198.0
2419,Kepler-1234,0.8,0.76,4967.0
2420,Kepler-523,0.93,0.86,5515.0
2421,Gl 725 B,0.25,0.28,3379.0
2422,Kepler-1180,1.09,1.14,6077.0
2423,Kepler-1181,1.17,1.3,6176.0
2424,Kepler-1189,1.11,1.16,6012.0
2425,Kepler-1236,0.86,0.82,5337.0
2426,Kepler-1235,0.93,0.9,5541.0
2427,Kepler-518,0.96,0.88,5842.0
2428,Kepler-1276,1.14,1.21,6188.0
2429,Kepler-1277,0.94,0.92,5578.0
2430,Kepler-1182,1.04,1.05,5924.0
2431,Kepler-549,0.88,0.84,5360.0
2432,Kepler-1237,0.94,0.9,5472.0
2433,Kepler-1279,1.21,1.33,6221.0
2434,Kepler-1280,1.2,1.32,6227.0
2435,Kepler-1076,0.79,0.74,4868.0
2436,Kepler-1077,1.02,1.02,5816.0
2437,Kepler-1193,1.08,1.21,5908.0
2438,Kepler-1194,0.94,0.92,5590.0
2439,Kepler-1238,1.3,1.48,6386.0
2440,Kepler-1282,0.92,0.89,5504.0
2441,Kepler-1078,0.94,0.92,5612.0
2442,Kepler-1079,1.08,1.36,5758.0
2443,Kepler-1242,0.77,0.74,4895.0
2444,Kepler-1243,0.96,0.94,5667.0
2445,Kepler-1081,0.88,0.84,5345.0
2446,Kepler-1199,0.94,1.17,5889.0
2447,Kepler-1202,1.03,1.04,5834.0
2448,Kepler-519,0.89,0.8,5260.0
2449,Kepler-1284,0.84,0.79,5123.0
2450,Kepler-1083,0.81,0.77,5049.0
2451,Kepler-1203,0.64,0.61,4105.0
2452,Kepler-1204,1.03,1.03,5825.0
2453,Kepler-1246,0.73,0.69,4611.0
2454,Kepler-1289,1.1,1.17,6080.0
2455,Kepler-1087,0.96,0.94,5589.0
2456,Kepler-1086,0.7,0.66,4350.0
2457,Kepler-1088,1.08,1.08,5975.0
2458,Kepler-1206,0.8,0.75,4877.0
2459,Kepler-1205,0.84,0.81,5226.0
2460,Kepler-1249,1.19,1.28,6202.0
2461,Kepler-1250,0.99,0.98,5717.0
2462,Kepler-1293,1.18,1.28,6241.0
2463,Kepler-513,1.02,1.06,5849.0
2464,Kepler-1092,0.99,1.0,5862.0
2465,Kepler-1209,1.23,1.38,6210.0
2466,Kepler-1252,1.06,1.09,5949.0
2467,Kepler-1253,0.97,1.1,5850.0
2468,Kepler-1156,1.0,1.0,5778.0
2469,Kepler-1155,1.03,1.03,5842.0
2470,Kepler-1093,1.13,1.2,6166.0
2471,Kepler-1094,1.14,1.21,6112.0
2472,Kepler-1213,1.14,1.21,6050.0
2473,Kepler-1255,1.08,1.12,6018.0
2474,Kepler-1256,1.17,1.36,6129.0
2475,Kepler-1160,0.92,0.89,5519.0
2476,Kepler-1158,1.41,1.95,6203.0
2477,Kepler-1097,0.82,0.79,5211.0
2478,Kepler-1095,0.94,0.92,5658.0
2479,Kepler-1217,1.06,1.08,5905.0
2480,Kepler-1216,0.99,0.98,5743.0
2481,Kepler-1257,0.9,0.87,5502.0
2482,Kepler-1260,1.06,1.08,5961.0
2483,Kepler-1163,1.22,1.35,6302.0
2484,Kepler-1100,1.21,1.34,6247.0
2485,Kepler-1098,0.99,0.99,5794.0
2486,Kepler-1261,0.82,0.77,5006.0
2487,Kepler-1166,0.9,0.86,5446.0
2488,Kepler-1167,0.79,0.75,4971.0
2489,Kepler-1103,1.11,1.15,6092.0
2490,Kepler-1221,0.87,0.82,5194.0
2491,Kepler-522,1.54,1.98,6392.0
2492,Kepler-1264,0.99,0.98,5791.0
2493,Kepler-1169,1.24,1.23,6191.0
2494,Kepler-1168,0.87,0.82,5157.0
2495,Kepler-1106,1.11,1.17,6104.0
2496,Kepler-1226,1.02,1.02,5923.0
2497,Kepler-1266,0.8,0.76,5044.0
2498,Kepler-1268,1.06,1.09,5904.0
2499,Kepler-1171,1.58,1.95,7044.0
2500,Kepler-1172,0.92,0.89,5558.0
2501,Kepler-1109,1.05,1.06,5893.0
2502,Kepler-1110,0.73,0.7,4781.0
2503,Kepler-1229,0.54,0.51,3784.0
2504,Kepler-436,0.75,0.71,4685.0
2505,Kepler-1270,1.28,3.38,5047.0
2506,Kepler-1230,1.06,1.08,5961.0
2507,Kepler-1271,1.13,1.23,6143.0
2508,Kepler-1273,0.94,0.91,5566.0
2509,Kepler-1177,0.98,0.97,5712.0
2510,Kepler-1179,0.84,0.81,5212.0
2511,Kepler-1152,0.55,0.53,3964.0
2512,Kepler-1186,0.95,0.93,5635.0
2513,Kepler-535,1.18,1.27,6123.0
2514,Kepler-1411,0.95,0.92,5664.0
2515,Kepler-1413,0.84,0.8,5196.0
2516,Kepler-1317,0.83,0.79,5144.0
2517,Kepler-1318,0.73,0.7,4598.0
2518,Kepler-1362,0.8,0.74,4857.0
2519,Kepler-536,0.92,0.89,5524.0
2520,Kepler-1415,0.89,0.84,5267.0
2521,Kepler-1320,0.8,0.74,4817.0
2522,Kepler-1321,0.54,0.53,4094.0
2523,Kepler-1366,0.62,0.6,4070.0
2524,Kepler-903,0.98,0.97,5682.0
2525,Kepler-1417,1.02,1.02,5839.0
2526,Kepler-525,0.95,1.15,5573.0
2527,Kepler-722,1.03,1.05,5863.0
2528,Kepler-1422,1.15,1.23,6194.0
2529,Kepler-1327,1.02,1.03,5885.0
2530,Kepler-1368,1.07,1.08,5906.0
2531,Kepler-1430,0.77,0.72,4796.0
2532,Kepler-1431,1.03,1.03,5806.0
2533,Kepler-1328,1.0,0.99,5780.0
2534,Kepler-1329,0.72,0.69,4500.0
2535,Kepler-527,1.28,1.45,6388.0
2536,Kepler-1371,0.87,0.83,5361.0
2537,Kepler-896,0.84,0.81,5262.0
2538,Kepler-1427,1.01,1.01,5793.0
2539,Kepler-1332,0.95,0.9,5581.0
2540,Kepler-1330,0.97,0.94,5608.0
2541,Kepler-1373,1.22,1.33,6299.0
2542,Kepler-1374,0.85,0.81,5323.0
2543,Kepler-1428,1.28,1.36,6184.0
2544,Kepler-1429,1.05,1.07,5902.0
2545,Kepler-1335,0.77,0.74,4903.0
2546,Kepler-528,1.01,1.06,5807.0
2547,Kepler-1433,1.14,1.19,6097.0
2548,Kepler-1337,0.7,0.67,4523.0
2549,Kepler-1339,0.94,0.93,5586.0
2550,Kepler-1377,0.86,0.82,5218.0
2551,Kepler-1378,0.7,0.67,4407.0
2552,Kepler-1370,1.19,1.29,6202.0
2553,Kepler-1295,0.92,0.89,5486.0
2554,Kepler-1296,0.87,0.83,5359.0
2555,Kepler-1341,0.79,0.72,4662.0
2556,Kepler-1380,0.96,0.94,5570.0
2557,Kepler-1391,1.03,1.1,5840.0
2558,Kepler-1392,0.88,0.85,5479.0
2559,Kepler-1297,0.99,0.99,5818.0
2560,Kepler-1343,0.95,0.93,5759.0
2561,Kepler-1344,1.09,1.13,5981.0
2562,Kepler-1383,1.26,1.44,6370.0
2563,Kepler-1381,0.96,0.94,5747.0
2564,Kepler-1393,0.95,0.92,5697.0
2565,Kepler-1300,1.29,1.79,6130.0
2566,Kepler-1347,0.82,0.79,5193.0
2567,Kepler-1345,1.32,1.55,6449.0
2568,Kepler-1385,1.15,1.29,5732.0
2569,Kepler-1384,0.78,0.74,4919.0
2570,Kepler-1397,1.09,1.12,6026.0
2571,Kepler-1398,1.13,1.18,6126.0
2572,Kepler-1396,1.18,1.27,6195.0
2573,Kepler-1302,0.86,0.82,5236.0
2574,Kepler-1304,0.85,0.81,5259.0
2575,Kepler-1350,0.55,0.53,3827.0
2576,Kepler-1348,1.04,1.04,5911.0
2577,Kepler-1387,0.82,0.77,5046.0
2578,Kepler-1400,0.83,0.78,5044.0
2579,Kepler-1307,1.06,1.08,5884.0
2580,Kepler-1351,0.7,0.67,4439.0
2581,Kepler-521,1.34,1.46,6406.0
2582,Kepler-1390,0.98,0.98,5753.0
2583,Kepler-531,0.78,0.75,4893.0
2584,Kepler-1389,0.81,0.74,5078.0
2585,Kepler-1401,1.07,1.1,5964.0
2586,Kepler-1402,0.9,0.87,5416.0
2587,Kepler-1308,0.35,0.34,3468.0
2588,Kepler-1309,0.85,0.8,5235.0
2589,Kepler-1352,1.11,1.16,6118.0
2590,Kepler-1353,0.76,0.72,4776.0
2591,Kepler-532,0.87,0.79,5192.0
2592,Kepler-1403,1.11,1.15,6060.0
2593,Kepler-1405,1.05,1.07,5925.0
2594,Kepler-1310,0.91,0.88,5549.0
2595,Kepler-1312,0.99,0.92,5719.0
2596,Kepler-517,0.95,0.98,5690.0
2597,Kepler-1356,0.82,0.78,5106.0
2598,Kepler-1354,1.16,1.24,6168.0
2599,Kepler-1050,1.09,1.13,6010.0
2600,Kepler-1407,1.1,1.15,6010.0
2601,Kepler-1313,0.92,0.85,5453.0
2602,Kepler-1359,0.78,0.72,4709.0
2603,Kepler-1360,1.51,1.83,6778.0
2604,Kepler-1611,0.94,0.93,5605.0
2605,Kepler-1463,0.96,0.95,5679.0
2606,Kepler-1543,1.39,1.65,6561.0
2607,Kepler-1578,0.9,0.86,5545.0
2608,Kepler-626,1.01,1.05,5813.0
2609,Kepler-1465,0.75,0.71,4726.0
2610,Kepler-1466,1.01,1.02,5884.0
2611,Kepler-1546,0.95,0.93,5623.0
2612,Kepler-1548,0.99,0.97,5706.0
2613,Kepler-1613,1.08,1.12,6005.0
2614,Kepler-1468,1.04,1.05,5893.0
2615,Kepler-1582,0.28,0.3,3208.0
2616,Kepler-1469,0.92,0.89,5507.0
2617,Kepler-633,1.02,1.15,5899.0
2618,Kepler-1550,1.07,1.11,5991.0
2619,Kepler-1552,0.85,0.78,5202.0
2620,Kepler-1584,1.1,1.13,6069.0
2621,Kepler-556,1.0,0.98,5740.0
2622,Kepler-629,0.93,0.84,5444.0
2623,Kepler-630,1.02,1.04,5829.0
2624,Kepler-1470,0.8,0.76,4961.0
2625,Kepler-1475,1.18,1.28,6214.0
2626,Kepler-1476,0.98,0.96,5663.0
2627,Kepler-1165,1.13,1.18,6080.0
2628,Kepler-1587,1.08,1.22,5933.0
2629,Kepler-579,0.99,0.96,5636.0
2630,Kepler-1619,1.0,1.0,5852.0
2631,Kepler-1471,0.95,0.93,5660.0
2632,Kepler-1554,0.84,0.81,5297.0
2633,Kepler-541,1.41,2.06,6166.0
2634,Kepler-1589,1.18,1.25,6166.0
2635,Kepler-686,0.94,0.92,5649.0
2636,Kepler-1473,1.09,1.09,6046.0
2637,Kepler-1472,1.16,1.25,6159.0
2638,Kepler-1474,1.04,1.04,5870.0
2639,Kepler-1556,0.97,0.95,5608.0
2640,Kepler-542,0.93,0.9,5526.0
2641,Kepler-1592,1.18,1.28,6213.0
2642,Kepler-1623,1.0,1.0,5772.0
2643,Kepler-1622,1.31,1.5,6436.0
2644,Kepler-631,1.24,1.33,6185.0
2645,Kepler-1477,0.81,0.78,5100.0
2646,Kepler-1478,1.04,1.06,5904.0
2647,Kepler-1558,0.83,0.79,5101.0
2648,Kepler-1557,1.11,1.17,6099.0
2649,Kepler-544,1.16,1.22,6206.0
2650,Kepler-1442,1.34,1.44,6394.0
2651,Kepler-1435,1.21,1.32,6356.0
2652,Kepler-1559,0.86,0.82,5316.0
2653,Kepler-1596,0.95,0.92,5706.0
2654,Kepler-1443,1.19,1.27,6289.0
2655,Kepler-1438,0.97,0.96,5530.0
2656,Kepler-1562,1.02,1.05,5760.0
2657,Kepler-1561,1.07,1.11,5957.0
2658,Kepler-1598,1.07,1.09,5940.0
2659,Kepler-1445,1.13,1.26,6150.0
2660,Kepler-1564,0.93,0.9,5528.0
2661,Kepler-1563,1.0,0.99,5765.0
2662,Kepler-1565,0.76,0.73,4940.0
2663,Kepler-1602,1.22,1.36,6296.0
2664,Kepler-1448,0.95,0.93,5774.0
2665,Kepler-1449,1.08,1.1,5979.0
2666,Kepler-1566,0.84,0.81,5254.0
2667,Kepler-1567,0.95,0.93,5655.0
2668,Kepler-597,0.97,0.95,5683.0
2669,Kepler-1603,1.21,1.31,6241.0
2670,Kepler-1450,0.71,0.68,4524.0
2671,Kepler-1451,1.0,0.99,5782.0
2672,Kepler-605,0.91,0.88,5462.0
2673,Kepler-1568,1.09,1.19,5956.0
2674,Kepler-1606,0.9,0.86,5422.0
2675,Kepler-1452,1.41,2.06,6101.0
2676,Kepler-1571,1.23,1.39,6297.0
2677,Kepler-1570,0.92,0.89,5550.0
2678,Kepler-1572,0.97,0.95,5618.0
2679,Kepler-1607,1.14,1.21,6116.0
2680,Kepler-1609,1.18,1.27,6132.0
2681,Kepler-1457,1.01,1.01,5866.0
2682,Kepler-1458,0.96,0.94,5653.0
2683,Kepler-653,1.02,1.19,5665.0
2684,Kepler-1575,0.95,0.92,5667.0
2685,Kepler-578,0.87,0.83,5334.0
2686,Kepler-1461,0.79,0.74,4919.0
2687,Kepler-1541,0.86,0.81,5282.0
2688,Kepler-1576,1.05,1.06,5876.0
2689,Kepler-640,1.01,0.94,5653.0
2690,Kepler-634,1.03,1.24,6075.0
2691,Kepler-701,0.88,0.84,5343.0
2692,Kepler-709,0.8,0.77,5071.0
2693,Kepler-1625,0.96,0.94,5677.0
2694,Kepler-1501,1.2,1.3,6229.0
2695,Kepler-1500,1.0,1.0,5845.0
2696,Kepler-1522,0.96,0.93,5706.0
2697,Kepler-702,0.9,0.86,5419.0
2698,Kepler-641,1.02,1.13,5713.0
2699,Kepler-1626,1.51,1.85,6826.0
2700,Kepler-609,1.09,1.14,5971.0
2701,Kepler-724,0.9,0.86,5437.0
2702,Kepler-1504,0.85,0.81,5393.0
2703,Kepler-1505,0.93,0.86,5686.0
2704,Kepler-1524,1.17,1.25,6179.0
2705,Kepler-495,0.86,0.83,5346.0
2706,Kepler-710,0.94,0.91,5611.0
2707,Kepler-540,1.02,1.08,5946.0
2708,Kepler-1644,0.89,0.86,5499.0
2709,Kepler-1507,0.89,0.85,5410.0
2710,Kepler-1506,0.95,0.93,5676.0
2711,Kepler-604,1.02,1.03,5890.0
2712,Kepler-1627,0.87,0.84,5445.0
2713,Kepler-1510,1.19,1.28,6200.0
2714,Kepler-1511,1.17,1.29,6064.0
2715,Kepler-1526,0.73,0.69,4601.0
2716,Kepler-643,1.0,2.52,4908.0
2717,Kepler-642,1.4,1.66,6570.0
2718,Kepler-711,0.84,0.8,5222.0
2719,Kepler-726,0.88,0.85,5452.0
2720,Kepler-1512,0.73,0.67,4372.0
2721,Kepler-1528,1.03,1.03,5857.0
2722,Kepler-1529,0.81,0.77,5048.0
2723,Kepler-622,0.64,0.61,4201.0
2724,Kepler-1530,0.92,0.88,5477.0
2725,Kepler-1632,1.12,1.19,6137.0
2726,Kepler-1631,0.97,0.95,5679.0
2727,Kepler-1534,0.9,0.86,5442.0
2728,Kepler-1531,1.16,1.27,6260.0
2729,Kepler-714,1.09,1.12,5995.0
2730,Kepler-1633,1.2,1.32,6256.0
2731,Kepler-713,0.98,0.99,5785.0
2732,Kepler-1480,0.85,0.81,5156.0
2733,Kepler-1479,0.99,0.98,5796.0
2734,Kepler-1481,0.8,0.75,4908.0
2735,Kepler-489,0.82,0.76,5014.0
2736,Kepler-1532,0.91,0.88,5559.0
2737,Kepler-1635,0.89,0.85,5347.0
2738,Kepler-1483,1.25,1.4,6337.0
2739,Kepler-545,1.04,1.07,5882.0
2740,Kepler-636,0.85,0.8,5203.0
2741,Kepler-1535,1.08,1.11,6021.0
2742,Kepler-600,0.84,0.81,5279.0
2743,Kepler-717,0.88,0.85,5485.0
2744,Kepler-1485,1.11,1.12,6087.0
2745,Kepler-1484,0.94,0.92,5730.0
2746,Kepler-1486,1.08,1.12,5965.0
2747,Kepler-582,0.93,0.91,5564.0
2748,Kepler-1538,1.03,1.03,5837.0
2749,Kepler-644,1.49,1.81,6747.0
2750,Kepler-581,1.0,1.0,5772.0
2751,Kepler-1516,1.04,1.07,5904.0
2752,Kepler-1409,0.83,0.79,5160.0
2753,Kepler-585,0.96,0.93,5593.0
2754,Kepler-1488,1.05,1.31,5820.0
2755,Kepler-697,0.92,0.88,5513.0
2756,Kepler-1425,0.97,0.95,5718.0
2757,Kepler-719,0.99,0.98,5777.0
2758,Kepler-1491,1.0,0.99,5728.0
2759,Kepler-1492,0.77,0.72,4712.0
2760,Kepler-698,0.94,0.91,5612.0
2761,Kepler-1454,0.9,0.86,5448.0
2762,Kepler-720,0.95,0.92,5618.0
2763,Kepler-547,0.78,0.73,4828.0
2764,Kepler-1494,0.96,0.94,5659.0
2765,Kepler-1520,0.76,0.71,4677.0
2766,Kepler-707,0.8,0.76,5099.0
2767,Kepler-602,1.08,1.13,6062.0
2768,Kepler-606,1.13,1.22,6161.0
2769,Kepler-721,0.82,0.78,5075.0
2770,Kepler-638,0.88,0.93,5382.0
2771,MOA-2010-BLG-353L,0.18,,
2772,HATS-30,1.093,1.061,5943.0
2773,K2-84,0.95,0.93,5652.0
2774,K2-88,0.258,0.256,3537.0
2775,Kepler-615,0.73,0.69,4655.0
2776,Kepler-506,1.19,1.19,6236.0
2777,Kepler-668,0.87,0.82,5352.0
2778,Kepler-669,1.15,1.2,6038.0
2779,HATS-15,0.871,0.922,5311.0
2780,HATS-16,0.97,1.238,5738.0
2781,K2-89,0.347,0.318,3691.0
2782,K2-91,0.292,0.284,3622.0
2783,Kepler-737,0.51,0.48,3813.0
2784,Kepler-670,0.99,0.99,5709.0
2785,Kepler-671,0.97,0.95,5624.0
2786,K2-5,0.61,0.57,3930.0
2787,Kepler-223,1.125,1.72,5803.0
2788,WASP-98,0.809,0.741,5473.0
2789,Kepler-672,0.95,0.92,5627.0
2790,Kepler-571,0.93,0.9,5527.0
2791,K2-16,0.68,0.66,4742.0
2792,Kepler-742,0.76,0.71,4642.0
2793,Kepler-673,0.88,0.84,5355.0
2794,HD 87646,1.12,1.55,5770.0
2795,Kepler-654,1.04,1.11,5865.0
2796,Kepler-676,0.51,0.49,3701.0
2797,OGLE-2012-BLG-0026L,1.06,,
2798,WASP-85 A,1.09,0.935,6112.0
2799,Kepler-655,1.15,1.24,6170.0
2800,Kepler-678,0.94,0.91,5520.0
2801,Kepler-572,0.83,0.79,5212.0
2802,WASP-114,1.289,1.43,5940.0
2803,WASP-113,1.318,1.608,5890.0
2804,HD 59686 A,1.9,13.2,4658.0
2805,Kepler-679,0.87,0.84,5403.0
2806,Kepler-680,1.08,1.11,5890.0
2807,K2-47,0.75,0.76,5054.0
2808,K2-48,0.77,0.73,4899.0
2809,Kepler-617,0.51,0.48,3712.0
2810,Kepler-588,1.01,1.0,5835.0
2811,Kepler-573,0.99,1.02,5746.0
2812,Kepler-681,0.8,0.76,5021.0
2813,K2-49,0.51,0.45,4175.0
2814,K2-58,0.89,0.86,5413.0
2815,Kepler-1600,0.86,0.82,5214.0
2816,Kepler-727,0.89,0.86,5441.0
2817,Kepler-660,0.75,0.71,4779.0
2818,Kepler-560,0.34,0.33,3556.0
2819,Kepler-550,0.87,0.83,5322.0
2820,Kepler-496,0.86,0.82,5293.0
2821,KELT-10,1.112,1.209,5948.0
2822,K2-59,0.774,0.731,5055.0
2823,Kepler-650,1.08,1.35,5849.0
2824,Kepler-728,0.95,0.93,5660.0
2825,Kepler-663,0.86,0.82,5264.0
2826,Kepler-1629,1.01,1.01,5776.0
2827,K2-64,0.741,0.726,5312.0
2828,Kepler-729,0.94,0.91,5633.0
2829,Kepler-618,1.05,1.08,5860.0
2830,WASP-129,1.0,0.9,5900.0
2831,WASP-133,1.16,1.44,5700.0
2832,K2-69,0.551,0.491,4127.0
2833,K2-68,0.73,0.675,4746.0
2834,Kepler-590,1.1,1.15,6000.0
2835,Kepler-664,1.01,1.02,5754.0
2836,MOA-2013-BLG-605L,0.024,,
2837,K2-75,1.16,1.56,5995.0
2838,K2-71,0.477,0.426,4006.0
2839,Kepler-591,0.97,0.94,5677.0
2840,HATS-25,0.994,1.107,5715.0
2841,HATS-26,1.299,2.04,6071.0
2842,Kepler-736,0.86,0.81,5217.0
2843,Kepler-735,0.85,0.8,5107.0
2844,Kepler-569,0.95,0.93,5616.0
2845,Kepler-592,1.04,1.04,5913.0
2846,HATS-27,1.415,1.74,6438.0
2847,K2-83,0.484,0.424,3910.0
2848,Kepler-562,0.93,0.9,5575.0
2849,Kepler-651,0.92,0.87,5522.0
2850,Kepler-593,1.08,1.1,5967.0
2851,Kepler-570,0.93,0.9,5496.0
2852,MOA-2016-BLG-227L,0.29,,
2853,Kepler-1650,0.326,0.334,3410.0
2854,K2-178,0.95109,0.887267,5525.0
2855,K2-60,0.97,1.12,5500.0
2856,Kepler-1651,0.522,0.503,3713.0
2857,BD+03 2562,1.14,32.35,4095.0
2858,K2-81,0.745273,0.634663,4674.13
2859,WASP-81,1.08,1.283,5870.0
2860,HD 177565,1.0,0.971489,5627.0
2861,MOA-2012-BLG-505L,0.1,,
2862,K2-201,0.956055,0.878161,5507.0
2863,HD 17674,0.98,1.18,5904.0
2864,HATS-22,0.759,0.689,4803.0
2865,TYC 4282-00605-1,0.97,16.21,4300.0
2866,K2-206,0.789481,0.758046,5043.0
2867,K2-207,0.941851,0.928158,5522.0
2868,K2-132,1.08,3.85,4840.0
2869,WASP-153,1.336,1.73,5914.0
2870,HATS-23,1.121,1.199,5780.0
2871,HD 40956,2.0,8.56,4869.0
2872,Ross 128,0.168,0.1967,3192.0
2873,OGLE-2013-BLG-1721L,0.46,,
2874,HD 34445,1.07,1.38,5836.0
2875,OGLE-2016-BLG-1190L,0.88,,
2876,HD 113996,1.49,25.11,4181.0
2877,K2-213,1.069596,1.20424,5794.0
2878,K2-215,0.999987,0.974398,5704.0
2879,NGC 2682 Sand 978,1.37,21.017414,4200.0
2880,K2-217,1.102661,1.333718,5967.0
2881,K2-218,1.047488,1.008231,5757.0
2882,GJ 3293,0.42,0.404,3466.0
2883,Wolf 1061,0.294,0.307,3342.0
2884,Kepler-1652,0.404,0.382,3638.0
2885,PSR J2322-2650,1.4,,
2886,HATS-50,1.168,1.117,5990.0
2887,WASP-91,0.84,0.86,4920.0
2888,HD 9174,1.03,1.67,5577.0
2889,HD 68402,1.12,1.02,5950.0
2890,GJ 3138,0.681,0.5,3717.0
2891,MOA-2012-BLG-006L,0.49,,
2892,WASP-105,0.89,0.9,5070.0
2893,HD 128356,0.65,0.85,4875.0
2894,TYC 3318-01333-1,1.19,5.9,4776.0
2895,GJ 625,0.3,0.31,3499.0
2896,BD+48 740,1.09,10.33,4534.0
2897,K2-21,0.676023,0.646783,4222.06
2898,K2-4,0.635026,0.569359,4014.73
2899,WASP-141,1.25,1.37,5900.0
2900,K2-31,0.91,0.78,5280.0
2901,K2-149,0.595,0.568,3745.0
2902,KELT-21,1.458,1.638,7598.0
2903,K2-125,0.494727,0.402049,3654.47
2904,V830 Tau,1.0,2.0,4250.0
2905,HATS-31,1.275,1.87,6050.0
2906,Qatar-3,1.145,1.272,6007.0
2907,K2-160,0.982829,0.913754,5649.0
2908,K2-128,0.711248,0.777569,4469.51
2909,KELT-18,1.524,1.908,6670.0
2910,K2-163,0.826112,0.762201,4937.0
2911,K2-165,0.834847,0.803827,5185.0
2912,K2-35,0.701968,0.619575,4402.71
2913,HATS-35,1.317,1.433,6300.0
2914,OGLE-2016-BLG-1195L,0.078,,
2915,K2-175,1.094693,1.420038,5909.0
2916,K2-116,0.694512,0.6694,4348.35
2917,K2-102,0.77,0.71,4695.0
2918,XO-6,1.47,1.93,6720.0
2919,HD 6434,1.1,1.12,5769.0
2920,HD 68988,1.28,1.19,5932.0
2921,HD 220074,2.2,54.92,3787.0
2922,WASP-58,1.06,1.22,5800.0
2923,K2-231,1.01,0.95,5695.0
2924,HATS-39,1.379,1.621,6572.0
2925,HD 137388,0.68,0.88,5181.0
2926,HD 13931,1.3,1.25,5867.0
2927,HD 7199,0.77,0.97,5371.0
2928,HD 75289,1.29,1.23,6117.0
2929,WASP-72,2.78,2.18,6250.0
2930,HATS-40,1.561,2.26,6460.0
2931,HATS-41,1.496,1.71,6424.0
2932,HD 142022 A,0.9,1.04,5421.0
2933,HD 145377,1.2,1.05,6014.0
2934,HD 76700,0.99,1.37,5644.0
2935,HD 82886,2.53,5.26,4953.0
2936,HD 24040,1.11,1.3,5802.0
2937,HD 222155,1.21,1.85,5701.0
2938,HD 158996,1.8,50.3,4069.0
2939,KPS-1,0.892,0.907,5165.0
2940,HD 154672,1.18,1.32,5743.0
2941,KELT-6,1.42,1.73,6102.0
2942,HAT-P-49,2.22,2.06,6820.0
2943,K2-155,0.65,0.58,4258.0
2944,HD 158038,1.3,4.5,4860.0
2945,HR 810,1.34,1.13,6167.0
2946,BD-13 2130,2.12,19.17,4545.0
2947,HD 285507,0.82,0.69,4503.0
2948,WASP-117,1.29,1.22,6040.0
2949,HD 16175,1.63,1.72,5981.0
2950,HD 16141,1.11,1.48,5757.0
2951,WASP-11,1.42,0.89,4800.0
2952,WASP-13,0.72,1.37,5950.0
2953,WASP-95,1.46,1.23,5830.0
2954,WASP-97,1.18,1.08,5640.0
2955,11 UMi,2.78,29.79,4213.0
2956,HD 1690,1.86,21.66,4374.0
2957,WASP-14,1.62,1.4,6475.0
2958,WASP-101,1.41,1.31,6380.0
2959,BD-10 3166,1.47,0.91,5393.0
2960,GJ 86,0.93,0.77,5182.0
2961,WASP-22,1.46,1.24,6000.0
2962,HD 95127,3.7,41.01,4218.0
2963,WASP-82,1.48,2.1,6480.0
2964,HD 204941,0.58,0.78,5026.0
2965,WASP-29,0.77,0.79,4800.0
2966,WASP-26,0.86,1.22,6034.0
2967,K2-164,1.180894,2.196069,5791.0
2968,K2-169,0.986144,0.919053,5548.0
2969,HAT-P-22,1.13,1.11,5302.0
2970,HAT-P-24,1.37,1.38,6373.0
2971,HD 212301,1.55,1.16,6239.0
2972,WASP-38,1.76,1.52,6180.0
2973,K2-171,0.891587,1.717458,5250.0
2974,HAT-P-29,1.45,1.3,6087.0
2975,HD 213240,1.57,1.51,5979.0
2976,HD 215497,0.67,0.85,5110.0
2977,WASP-48,0.88,1.58,5920.0
2978,K2-172,0.934356,0.868889,5569.0
2979,HAT-P-5,1.04,1.12,5960.0
2980,HAT-P-6,1.79,1.62,6570.0
2981,HD 218566,0.76,0.85,4730.0
2982,HD 240237,8.76,71.23,3926.0
2983,XO-1,0.88,0.88,5750.0
2984,XO-4,1.1,1.45,6397.0
2985,K2-191,0.900994,0.839696,5176.0
2986,K2-200,0.860208,0.791736,5233.0
2987,HD 101930,0.57,0.86,5108.0
2988,HD 2638,0.77,0.94,5186.0
2989,HD 30562,1.12,1.61,5882.0
2990,KELT-2 A,1.54,1.93,6327.0
2991,Pr0201,1.24,1.15,6174.0
2992,K2-173,0.881538,0.843154,5580.0
2993,HD 102195,0.76,0.82,5301.0
2994,HD 102117,1.06,1.23,5655.0
2995,HD 330075,0.47,0.84,5000.0
2996,HD 77338,1.37,0.97,5341.0
2997,HAT-P-40,1.03,1.94,6080.0
2998,HD 103197,0.8,0.88,5250.0
2999,HD 108874,1.1,1.05,5600.0
3000,HD 40979,1.45,1.21,6165.0
3001,WASP-49,0.92,0.97,5600.0
3002,UKIRT-2017-BLG-001L,0.81,,
3003,HD 121504,1.62,1.07,6027.0
3004,WASP-66,1.33,1.76,6600.0
3005,WASP-67,0.91,0.88,5200.0
3006,K2-197,1.0,0.93,5667.0
3007,HD 185269,1.3,2.0,5923.0
3008,HD 181342,1.69,4.71,4945.0
3009,HD 89345,1.157,1.747,5576.0
3010,WASP-158,1.38,1.39,6350.0
3011,K2-238,1.19,1.59,5630.0
3012,WASP-162,0.95,1.11,5300.0
3013,WASP-168,1.08,1.12,6000.0
3014,HD 28678,1.53,6.48,4972.0
3015,HD 30856,1.17,4.4,4895.0
3016,OGLE-2014-BLG-1722L,0.4,,
3017,K2-244,0.86,0.92,5677.0
3018,K2-266,0.686,0.703,4285.0
3019,WASP-173 A,1.05,1.11,5800.0
3020,OGLE-2011-BLG-0173L,0.41,,
3021,HD 5319,1.27,4.06,4871.0
3022,K2-159,0.9,0.83,5425.0
3023,WASP-147,1.044,1.429,5702.0
3024,WASP-160 B,0.87,0.868,5298.0
3025,HATS-36,1.1,1.1,5950.0
3026,WASP-165,1.248,1.75,5599.0
3027,HD 96063,1.37,4.75,5020.0
3028,K2-228,0.71,0.65,4715.0
3029,K2-283,0.89,0.82,5060.0
3030,K2-151,0.47,0.45,3695.0
3031,K2-281,0.82,0.76,4812.0
3032,K2-216,0.7,0.72,4503.0
3033,K2-230,1.11,1.39,5945.0
3034,K2-188,1.06,1.19,5977.0
3035,GJ 96,0.6,0.580612,3785.0
3036,KMT-2016-BLG-1820L,0.039,,
3037,HD 94834,1.11,4.2,4798.0
3038,K2-153,0.55,0.53,3845.0
3039,HATS-11,1.33,1.54,6563.0
3040,KMT-2016-BLG-2142L,0.073,,
3041,MOA-2015-BLG-337L,0.0094,,
3042,K2-241,0.71,0.75,5262.0
3043,K2-117,0.54,0.51,3778.0
3044,K2-284,0.63,0.607,4140.0
3045,MOA-2016-BLG-319L,0.15,,
3046,HD 12648,0.67,11.02,4835.0
3047,K2-243,1.29,1.39,6570.0
3048,K2-245,0.83,1.25,5793.0
3049,KELT-15,2.06,1.78,6003.0
3050,EPIC 211945201,1.17,1.39,6069.0
3051,CoRoT-21,1.29,1.95,6200.0
3052,70 Vir,1.09,1.89,5495.0
3053,K2-39,0.66,2.97,4881.0
3054,K2-248,0.88,0.92,5528.0
3055,K2-276,0.82,0.85,5139.0
3056,HD 102956,1.66,4.55,4985.0
3057,HD 108863,1.59,5.74,4878.0
3058,HATS-7,0.849,0.815,4985.0
3059,K2-252,0.79,0.82,5152.0
3060,HD 131496,1.34,4.44,4846.0
3061,HD 1502,1.46,4.67,4947.0
3062,NGTS-3 A,1.017,0.93,5600.0
3063,K2-254,0.71,0.67,4629.0
3064,K2-192,0.9,0.81,5222.0
3065,K2-239,0.4,0.36,3420.0
3066,K2-258,1.21,1.31,6351.0
3067,HD 70642,1.078,0.984,5732.0
3068,HATS-69,0.892,0.8785,5137.0
3069,HD 202696,1.91,6.43,5040.0
3070,KMT-2017-BLG-1038L,0.37,,
3071,HD 117618,1.077,1.2,5990.0
3072,NGTS-4,0.75,0.84,5143.0
3073,K2-295,0.74,0.7,4444.0
3074,HIP 79098 AB,3.75,,9193.75
3075,Kepler-730,1.047,1.411,5620.0
3076,K2-133,0.461,0.455,3655.0
3077,HAT-P-25,1.012,0.919,5519.0
3078,HD 89744,1.86,2.13257,6291.0
3079,EPIC 201497682,0.78,0.554,4991.0
3080,OGLE-2015-BLG-1670L,0.55,,
3081,HAT-P-34,1.392,1.53,6442.0
3082,HAT-P-36,1.03,1.041,5620.0
3083,K2-52,1.691,2.192,7147.0
3084,K2-53,0.851,0.807,5263.0
3085,K2-293,0.958,0.947,5532.0
3086,TOI-172,1.128,1.777,5645.0
3087,EPIC 206032309,0.221,0.37344,3489.0
3088,HAT-P-9,1.281,1.338,6350.0
3089,HATS-24,1.07,1.12,6125.0
3090,K2-294,0.987,1.2,5612.0
3091,GJ 685,0.55,0.54,3816.0
3092,EPIC 206317286,0.711,0.669,4752.0
3093,K2-308,1.09,1.24,6100.0
3094,K2-124,0.39,0.388,3570.0
3095,HD 92788,1.15,1.14,5744.0
3096,Kepler-25,1.165,1.316,6354.0
3097,WASP-33,1.495,1.444,7430.0
3098,HD 134060,1.095,1.164285,5966.0
3099,WASP-177,0.876,0.885,5017.0
3100,WASP-181,1.04,0.965,5839.0
3101,WASP-161,1.39,1.712,6400.0
3102,WASP-163,0.97,1.015,5500.0
3103,HD 20781,0.7,0.833609,5256.0
3104,Gl 49,0.515,0.511,3805.0
3105,HD 21693,0.8,0.914378,5430.0
3106,LSPM J2116+0234,0.43,0.431,3475.0
3107,GJ 143,0.73,0.695,4640.0
3108,HD 114729,0.936,1.473,5844.0
3109,K2-286,0.64,0.62,3926.0
3110,Qatar-9,0.719,0.696,4309.0
3111,HD 126525,0.897,0.979,5638.0
3112,HD 117207,1.053,1.074,5732.0
3113,HD 143361,0.968,0.916,5507.0
3114,K2-288 B,0.33,0.32,3341.0
3115,HATS-60,1.097,1.46,5688.0
3116,HD 45184,1.03,1.075139,5869.0
3117,HD 152079,1.147,1.128,5907.0
3118,HATS-62,0.896,0.933,5416.0
3119,HATS-63,0.931,1.07,5627.0
3120,HATS-70,1.78,1.881,7930.0
3121,KMT-2016-BLG-1107L,0.087,,
3122,HD 103949,0.77,0.753113,4792.0
3123,HIP 35173,0.79,0.773404,4881.0
3124,HD 23127,1.208,1.49,5843.0
3125,HD 25171,1.076,1.23,6125.0
3126,HATS-65,1.257,1.31,6277.0
3127,HATS-66,1.411,1.841,6626.0
3128,HD 1397,1.324,2.336,5521.0
3129,HD 64114,0.95,0.882858,5676.0
3130,HD 206255,1.42,2.221489,5635.0
3131,HD 38801,1.207,2.029,5338.0
3132,HATS-67,1.435,1.441,6594.0
3133,HATS-68,1.351,1.748,6147.0
3134,Gl 378,0.56,0.56,3879.0
3135,WASP-190,1.35,1.6,6400.0
3136,XO-7,1.405,1.48,6250.0
3137,HATS-55,1.1955,1.126,6214.0
3138,Kepler-1988,1.127,1.788,6033.0
3139,TOI-813,1.32,1.94,5907.0
3140,GJ 433,0.48,0.5,3461.0
3141,HATS-58 A,1.461,1.433,7175.0
3142,HR 5183,1.07,1.53,5794.0
3143,WASP-169,1.337,2.011,6110.0
3144,Kepler-1998,0.962,0.921,5640.0
3145,Kepler-1994,0.932,0.961,5495.0
3146,Kepler-1984,0.45,0.42,3638.0
3147,GJ 3082,0.47,0.465216,3910.0
3148,WASP-175,1.212,1.204,6229.0
3149,EPIC 249893012,1.05,1.71,5430.0
3150,Kepler-1661,0.841,0.762,5100.0
3151,OGLE-2016-BLG-1067L,0.3,,
3152,Kepler-1985,0.877,0.966,5370.0
3153,Kepler-1801,0.936,0.981,5738.0
3154,WASP-180 A,1.3,1.19,6600.0
3155,WASP-2,0.895,0.866,5180.0
3156,WASP-44,0.935,0.906,5420.0
3157,WASP-45,0.85,0.855,5150.0
3158,Kepler-1834,0.765,0.788,4821.0
3159,HATS-47,0.674,0.6564,4512.0
3160,EPIC 248847494,0.9,2.7,4898.0
3161,WASP-184,1.23,1.65,6000.0
3162,WASP-185,1.12,1.5,5900.0
3163,KMT-2017-BLG-0165L,0.76,,
3164,TOI-150,1.351,1.526,6255.0
3165,GJ 682,0.27,0.298255,3028.0
3166,OGLE-2015-BLG-1649L,0.34,,
3167,Kepler-2000,0.581,0.576,3757.0
3168,MOA-bin-29,0.03,,
3169,HD 97048,2.4,2.25,10000.0
3170,7 CMa,1.34,4.87,4826.0
3171,Kepler-1983,0.812,0.874,5135.0
3172,NGTS-8,0.89,0.98,5241.0
3173,K2-168,0.877,0.83,5502.7
3174,HD 220197,0.91,0.98,5683.0
3175,Kepler-1162,0.861,0.859,5225.0
3176,HD 213885,1.068,1.1011,5978.0
3177,Kepler-1982,1.213,1.122,6202.0
3178,HAT-P-69,1.648,1.926,7394.0
3179,TOI-763,0.917,0.897,5450.0
3180,TOI-905,0.968,0.918,5570.0
3181,TOI-564,0.998,1.088,5640.0
3182,Kepler-29,0.761,0.732,5378.0
3183,Kepler-1674,0.96,0.877273,5473.91
3184,Kepler-1675,1.06,1.12865,5853.19
3185,HD 164922,0.926,0.946,5390.0
3186,KMT-2019-BLG-0842L,0.76,,
3187,WASP-150,1.394,1.651,6218.0
3188,NGTS-13,1.3,1.788,5819.0
3189,MOA-2009-BLG-319L,0.524,,
3190,Kepler-1685,0.96,0.835451,5484.0
3191,Kepler-1686,1.02,1.19951,5714.96
3192,KMT-2016-BLG-2397L,0.64,,
3193,OGLE-2017-BLG-0604L,0.7,,
3194,OGLE-2017-BLG-1375L,0.81,,
3195,NGTS-14 A,0.898,0.842,5187.0
3196,OGLE-2015-BLG-1771L,0.077,,
3197,OGLE-2018-BLG-1700L,0.42,,
3198,Kepler-1687,0.65,0.726119,4132.0
3199,Kepler-1689,1.023,0.996208,5731.43
3200,Kepler-462,1.59,1.57,7500.0
3201,HD 4760,1.05,42.4,4076.0
3202,HD 110113,0.997,0.968,5732.0
3203,HD 96992,0.96,7.43,4725.0
3204,KMT-2018-BLG-1292L,1.09,,
3205,OGLE-2012-BLG-0838L,0.4,,
3206,Kepler-1691,1.11,1.13152,6000.0
3207,Kepler-1692,0.87,0.866139,5146.0
3208,EPIC 201170410,0.287,0.282,3648.0
3209,Kepler-1694,0.82,0.756284,4954.0
3210,EPIC 201757695,0.727,0.655,4520.0
3211,HD 110082,1.21,1.19,6200.0
3212,Kepler-1664,0.944,1.072,5735.81
3213,Kepler-1001,0.93,0.836475,5376.0
3214,TOI-954,1.201,1.892,5710.0
3215,K2-329,0.901,0.822,5282.0
3216,HATS-49,0.7133,0.6977,4405.0
3217,Wendelstein-1,0.65,0.61,4251.0
3218,MOA-2013-BLG-220L,0.88,,
3219,KMT-2016-BLG-1836L,0.49,,
3220,OGLE-2013-BLG-0911L,0.29,,
3221,BD-11 4672,0.651,0.639,4550.0
3222,HIP 65 A,0.781,0.7242,4590.0
3223,TOI-481,1.14,1.66,5735.0
3224,TIC 237913194,1.026,1.088,5788.0
3225,OGLE-2016-BLG-1227L,0.1,,
3226,TOI-157,0.948,1.167,5404.0
3227,TOI-169,1.147,1.288,5880.0
3228,Kepler-1700,1.12,1.0937,6031.0
3229,Gl 686,0.426,0.427,3656.0
3230,HD 180617,0.484,0.481,3534.0
3231,HATS-37 A,0.843,0.877,5326.0
3232,GJ 687,0.4,0.4183,3413.0
3233,GJ 2056,0.62,0.709495,4069.95
3234,TOI-237,0.179,0.211,3212.0
3235,HD 216520,0.82,0.76,5103.0
3236,CoRoT-30,0.98,0.91,5650.0
3237,CoRoT-31,1.25,2.15,5700.0
3238,WASP-186,1.22,1.47,6361.0
3239,Kepler-1667,1.09,1.08751,5941.54
3240,HIP 4845,0.62,0.603999,4010.0
3241,HIP 48714,0.58,0.595456,4015.5
3242,TOI-251,1.036,0.881,5875.0
3243,HAT-P-68,0.6785,0.6701,4508.0
3244,Kepler-177,0.921,1.324,5732.0
3245,Kepler-36,1.034,1.634,5979.0
3246,KOI-1783,1.076,1.143,5922.0
3247,Kepler-1668,0.98,1.01738,5542.0
3248,KMT-2019-BLG-1953L,0.31,,
3249,Kepler-1514,1.196,1.289,6145.0
3250,HD 156668,0.785167,0.774528,4903.69
3251,HD 211403,1.2,1.206,6273.0
3252,K2-344,0.51,0.49,4374.0
3253,HD 3765,0.851785,0.83061,5049.8
3254,HD 213472,1.048132,1.433902,5729.54
3255,K2-348,0.83,0.85,5077.0
3256,CD Cet,0.161,0.175,3130.0
3257,K2-339,0.74,0.72,4857.0
3258,K2-282,0.94,1.0,5499.0
3259,K2-156,0.66,0.62,4460.0
3260,TOI-257,1.407,1.867,6095.0
3261,HAT-P-58,1.031,1.53,6078.0
3262,HAT-P-59,1.008,1.1038,5678.0
3263,TOI-269,0.3917,0.398,3514.0
3264,K2-210,0.911717,0.89,5500.0
3265,K2-32,0.83,0.86,5271.0
3266,HAT-P-64,1.298,1.735,6457.0
3267,K2-331,1.1,1.06,5994.0
3268,EPIC 228836835,0.418179,0.32,3782.0
3269,KIC 10068024,1.22,1.574,6118.4
3270,K2-350,0.98,1.04,5789.0
3271,K2-353,0.87,0.99,5698.0
3272,K2-137,0.463,0.29,3697.0
3273,NGTS-15,0.995,0.954,5600.0
3274,K2-354,0.43,0.41,3669.0
3275,K2-330,1.23,1.5,6232.0
3276,TOI-1333,1.464,1.925,6274.0
3277,HD 238090,0.578,0.57,3933.0
3278,NGTS-18,1.003,1.392,5610.0
3279,K2-336,0.86,0.8,5424.0
3280,GJ 414 A,0.65,0.68,4120.0
3281,BD+55 362,0.909,0.896193,5012.0
3282,K2-337,0.94,1.32,5869.0
3283,K2-340,0.93,1.13,5532.0
3284,K2-100,1.15,1.24,5945.0
3285,KMT-2019-BLG-1715L,0.61,,
3286,K2-349,0.54,0.49,4385.0
3287,K2-351,1.02,1.05,5769.0
3288,GJ 740,0.58,0.56,3913.0
3289,HD 60292,1.7,27.0,4348.0
3290,KMT-2018-BLG-1025L,0.219,,
3291,K2-185,0.96,0.94,5788.0
3292,EPIC 212587672,0.99,0.98,6004.0
3293,HD 221420,1.351,1.947,5847.0
3294,TOI-1201,0.512,0.508,3476.0
3295,HD 136925,0.875104,1.193078,5773.19
3296,HD 109286,0.98,1.089,5694.0
3297,Kepler-1771,0.941,0.934,5661.0
3298,Kepler-1786,1.058,1.397,5808.0
3299,TOI-559,1.026,1.233,5925.0
3300,Kepler-1838,1.187,1.963,5877.0
3301,Kepler-1839,1.03,0.939,5926.0
3302,TOI-530,0.53,0.54,3659.0
3303,Kepler-1749,0.551,0.553,3957.0
3304,Kepler-1841,0.823,0.899,5190.0
3305,Kepler-1842,1.057,1.131,5970.0
3306,HAT-P-43,1.03,1.08,5693.0
3307,Kepler-1742,0.939,0.849,5776.0
3308,Kepler-1743,1.266,1.613,5855.0
3309,Kepler-1741,0.454,0.424,3683.0
3310,Kepler-1810,0.921,1.016,5492.0
3311,Kepler-1812,1.162,1.103,6174.0
3312,Kepler-1845,0.686,0.701,4703.0
3313,Kepler-1716,0.753,0.684,4894.0
3314,K2-95,0.41,0.4,3566.0
3315,Kepler-1746,1.09,1.286,6018.0
3316,Kepler-1745,0.995,1.4,5611.0
3317,Kepler-1814,0.79,0.823,4922.0
3318,Kepler-1813,0.812,0.787,5167.0
3319,Kepler-1815,0.856,0.967,5516.0
3320,Kepler-1856,0.782,0.816,4948.0
3321,K2-101,0.82,0.76,4927.0
3322,Kepler-1816,0.786,0.706,5051.0
3323,Kepler-1847,1.041,0.964,6122.0
3324,K2-355,0.96,0.92,5790.0
3325,K2-356,0.9,0.86,5568.0
3326,Kepler-1757,0.828,0.74,5288.0
3327,Kepler-1758,1.035,1.616,5557.0
3328,Kepler-1819,1.173,1.071,6090.0
3329,Kepler-1817,0.878,0.915,5316.0
3330,K2-357,0.98,1.0,5794.0
3331,K2-358,0.93,0.91,5650.0
3332,Kepler-1731,0.781,0.72,4859.0
3333,Kepler-1762,1.298,1.238,6572.0
3334,Kepler-1820,1.047,0.931,5841.0
3335,Kepler-1821,0.946,0.884,5475.0
3336,Kepler-1788,0.686,0.704,4786.0
3337,Kepler-1860,0.874,0.868,5420.0
3338,K2-184,0.84,0.75,5245.0
3339,Kepler-1712,0.515,0.509,3732.0
3340,Kepler-1763,1.026,1.259,5897.0
3341,Kepler-1764,1.162,1.131,6461.0
3342,Kepler-1790,1.02,1.367,5866.0
3343,Kepler-1791,0.985,1.177,5887.0
3344,K2-273,0.89,0.85,5161.0
3345,K2-104,0.51,0.48,3712.0
3346,Kepler-1792,0.878,1.005,5229.0
3347,EPIC 220492298,0.95,0.89,5620.0
3348,Kepler-1760,0.821,0.903,5229.0
3349,Kepler-1777,0.984,1.068,5771.0
3350,K2-275,0.77,0.69,4841.0
3351,Kepler-1775,1.149,1.647,5818.0
3352,Kepler-1797,1.069,1.009,6244.0
3353,Kepler-1798,0.593,0.587,3967.0
3354,TIC 172900988 Aa,1.2384,1.3842,6050.0
3355,OGLE-2018-BLG-0567L,0.25,,
3356,OGLE-2018-BLG-0962L,0.54,,
3357,Kepler-1822,0.782,0.702,5165.0
3358,Kepler-1823,1.068,1.126,6000.0
3359,TOI-2257,0.328,0.313,3430.0
3360,Kepler-1769,1.061,1.295,6071.0
3361,Kepler-1778,1.143,1.095,6310.0
3362,Kepler-1824,1.135,1.081,6002.0
3363,HD 189567,0.83,1.04,5726.0
3364,HD 137496,1.04,1.59,5799.0
3365,Kepler-1782,0.794,0.734,4931.0
3366,Kepler-1784,0.887,0.974,5442.0
3367,Kepler-1828,0.996,0.899,5806.0
3368,Kepler-1829,0.873,0.777,5230.0
3369,Kepler-1776,1.041,1.153,5872.0
3370,Kepler-1709,1.003,1.043,5918.0
3371,Kepler-1833,1.286,1.446,6164.0
3372,TOI-3362,1.445,1.83,6532.0
3373,Kepler-1738,1.079,1.001,6063.0
3374,Kepler-1739,0.865,0.762,5757.0
3375,Kepler-1924,1.018,1.285,5726.0
3376,Kepler-1925,1.057,1.092,5856.0
3377,HATS-76,0.662,0.6259,4016.0
3378,Kepler-1942,0.852,0.797,5834.0
3379,Kepler-1943,1.055,0.973,6032.0
3380,Kepler-1927,1.408,2.481,6056.0
3381,Kepler-1722,0.876,0.788,5506.0
3382,HD 69123,1.68,7.72,4842.0
3383,Kepler-1944,1.064,0.972,5585.0
3384,Kepler-1945,0.767,0.804,4991.0
3385,Kepler-1946,0.887,0.873,5505.0
3386,Kepler-1929,1.006,1.471,5786.0
3387,Kepler-1727,0.824,0.82,5349.0
3388,Kepler-1931,1.174,1.221,6167.0
3389,Kepler-1932,0.911,0.815,5278.0
3390,YZ Cet,0.142,0.157,3151.0
3391,Kepler-1950,0.759,0.852,5455.0
3392,Kepler-1899,0.759,0.742,4791.0
3393,Kepler-1952,0.922,1.305,5973.0
3394,Kepler-1728,0.891,0.807,5170.0
3395,Kepler-1926,0.768,0.832,5256.0
3396,Kepler-1729,0.544,0.517,3837.0
3397,Kepler-1972,1.12,1.384,5818.0
3398,Kepler-1954,0.942,0.849,5840.0
3399,Kepler-1730,1.009,1.142,5942.0
3400,Kepler-1721,0.89,0.796,5351.0
3401,Kepler-1887,0.961,0.864,5749.0
3402,Kepler-1958,0.961,0.864,5749.0
3403,Kepler-1726,0.876,0.804,5316.0
3404,Kepler-1723,0.96,1.01,6072.0
3405,Kepler-1705,1.139,1.259,6312.0
3406,OGLE-2019-BLG-0960L,0.5,,
3407,Kepler-1890,1.024,1.396,6046.0
3408,Kepler-1892,0.851,0.759,5383.0
3409,Kepler-1959,0.768,0.811,5071.0
3410,Kepler-1960,1.117,1.072,6371.0
3411,Kepler-1861,1.161,1.373,5855.0
3412,Kepler-1863,1.097,0.983,5871.0
3413,Kepler-1895,0.86,0.763,5076.0
3414,Kepler-1911,0.954,0.972,5721.0
3415,Kepler-1865,0.849,0.871,5420.0
3416,Kepler-1866,1.03,1.083,5791.0
3417,Kepler-1897,0.859,0.761,5165.0
3418,Kepler-1896,1.07,0.996,6122.0
3419,Kepler-1967,0.996,1.806,4970.0
3420,b Cen A,5.5,,
3421,OGLE-2018-BLG-0532L,0.195,,
3422,Kepler-1867,0.911,0.816,5693.0
3423,Kepler-1868,0.743,0.686,4658.0
3424,Kepler-1903,1.053,0.996,6347.0
3425,Kepler-1969,1.111,1.007,6046.0
3426,Kepler-1968,0.844,0.788,5008.0
3427,Kepler-1871,1.02,0.946,5741.0
3428,Kepler-1872,0.913,0.885,5223.0
3429,Kepler-1906,0.987,0.894,5868.0
3430,Kepler-1907,0.752,0.8,5159.0
3431,Kepler-1913,1.169,1.076,6214.0
3432,HD 79181,1.28,11.06,4862.0
3433,HD 10975,1.41,11.16,4840.0
3434,HD 99283,1.76,11.21,4886.0
3435,Kepler-1873,0.903,0.792,5151.0
3436,Kepler-1874,0.758,0.775,4701.0
3437,Kepler-1909,0.663,0.685,4935.0
3438,Kepler-1717,1.158,1.64,6200.0
3439,Kepler-1917,0.882,0.788,5530.0
3440,Kepler-1918,0.967,0.924,5889.0
3441,ups Leo,1.48,11.22,4836.0
3442,HD 219139,1.46,11.22,4831.0
3443,Kepler-1919,0.868,0.818,5513.0
3444,gam Psc,0.99,11.2,4742.0
3445,HIP 34222,0.62,0.6186,4050.0
3446,Kepler-1881,0.812,0.874,5135.0
3447,Kepler-1879,1.023,1.388,5865.0
3448,Kepler-1934,0.968,1.035,5925.0
3449,Kepler-1935,0.845,0.899,5570.0
3450,HIP 86221,0.79,,
3451,Kepler-1883,1.086,1.024,6208.0
3452,Kepler-1938,0.646,0.655,4522.0
3453,TOI-1268,0.96,0.92,5300.0
3454,K2-25,0.2634,0.2932,3207.0
3455,TOI-2136,0.34,0.34,3342.0
3456,K2-382,0.922,0.811,5452.0
3457,K2-376,0.908,1.149,5937.0
3458,iot Dra,1.54,11.79,4504.0
3459,CoRoT-35,1.01,1.65,6390.0
3460,CoRoT-36,1.32,1.52,6730.0
3461,K2-383,1.061,0.804,5129.0
3462,K2-366,0.825,0.94,5601.0
3463,K2-373,1.158,1.486,6138.0
3464,K2-367,0.756,0.625,4348.0
3465,K2-384,0.33,0.348,3623.0
3466,K2-369,0.735,0.881,5682.0
3467,TOI-620,0.577,0.55,3708.0
3468,AB Aur,2.4,2.95887,9770.0
3469,K2-371,0.958,0.736,4925.0
3470,K2-372,0.847,0.922,5479.0
3471,TYC 2187-512-1,0.498,0.495,3734.0
3472,K2-393,0.881,1.071,5678.0
3473,K2-375,1.119,1.543,5822.0
3474,HIP 94235,1.094,1.08,5991.0
3475,K2-389,0.802,1.084,5782.0
3476,K2-390,0.789,0.966,5558.0
3477,HD 73583,0.73,0.65,4511.0
3478,HD 103891,1.28,2.22,6072.0
3479,HD 105779,0.89,0.94,5792.0
3480,HD 19615,1.1,32.3,4263.0
3481,K2-391,0.757,0.566,5543.0
3482,GJ 411,0.3899,0.3685,3719.0
3483,K2-316,0.408,0.379,3436.0
3484,TOI-2669,1.19,4.1,4800.0
3485,TOI-4329,1.538,2.31,6000.0
3486,K2-397,0.937,0.966,5387.0
3487,TOI-2046,1.13,1.21,6250.0
3488,Kepler-1656,1.03,1.1,5569.0
3489,TOI-206,0.35,0.35,3383.0
3490,K2-398,0.945,1.239,5946.0
3491,K2-319,0.954,0.898,5440.0
3492,mu2 Sco,9.1,5.6,21700.0
3493,TOI-1693,0.49,0.46,3499.0
3494,K2-402,0.944,1.28,5716.0
3495,K2-323,0.478,0.549,3710.0
3496,HD 81040,0.99,0.91,5755.0
3497,HD 171238,0.92,1.01,5467.0
3498,HD 87883,0.8,0.798557,4980.0
3499,TOI-2411,0.65,0.68,4099.0
3500,K2-404,0.552,0.552,3748.0
3501,K2-325,0.274,0.298,3287.0
3502,HD 106515 A,0.89,0.91,5362.0
3503,KMT-2017-BLG-2509L,0.46,,
3504,K2-406,0.798,0.961,5784.0
3505,K2-326,0.507,0.688,3924.0
3506,TOI-5153,1.24,1.4,6300.0
3507,NGTS-20,1.47,1.78,5980.0
3508,HD 29021,0.86,0.85,5560.0
3509,KMT-2021-BLG-0912L,0.8,,
3510,Ross 508,0.1774,0.2113,3071.0
3511,K2-387,0.57,0.585,3572.0
3512,K2-374,0.731,0.907,5789.0
3513,HD 136118,1.18,1.67754,6097.0
3514,HD 140901,0.99,0.95,5610.0
3515,HD 93351,0.94,0.911435,5408.0
3516,GJ 2030,0.96,2.24104,5485.0
3517,TOI-2570,1.063,1.095,5771.0
3518,HD 113337,1.41,1.5,6774.0
3519,HIP 97233,1.81,5.34,5020.0
3520,HD 144899,1.16,1.64802,6126.0
3521,HD 142,1.21,1.47,6245.0
3522,GJ 3222,0.89,0.931389,5257.46
3523,GJ 680,0.456,0.45933,3563.0
3524,TOI-3540 A,1.081,1.228,5810.0
3525,TOI-3331 A,1.016,0.952,5609.0
3526,TOI-3693,0.867,0.791,5321.0
3527,HD 145934,2.058,6.930587,4823.75
3528,HD 151450,1.14,1.17184,6091.98
3529,HD 149806,0.93,0.89,5352.05
3530,HD 115404 A,0.83,0.727007,5019.17
3531,TOI-2196,1.032,1.043,5634.0
3532,HD 191806,1.07,1.40223,6010.0
3533,HD 56414,1.89,1.751,8500.0
3534,GJ 896 A,0.43599,0.394682,3345.0
3535,HD 72892,1.01,1.22,5688.0
3536,HD 155918,1.03,1.01906,5771.84
3537,TOI-2048,0.83,0.79,5185.0
3538,HD 111232,0.96,0.9,5512.0
3539,HD 10697,0.99,1.863076,5641.0
3540,HD 125612,1.05,1.07,5900.0
3541,HIP 67537,2.316,8.69,4985.0
3542,HD 156098,1.29,2.75716,6419.19
3543,HD 168863,0.8,0.777826,4905.0
3544,HIP 19976,0.67,0.772319,4316.0
3545,HD 203387,2.817,10.5852,5174.32
3546,HIP 35965,0.78,0.697551,4836.0
3547,HD 156279,0.94,0.95,5453.0
3548,HD 27894,0.81,0.891767,4875.0
3549,HD 181234,0.94,1.059423,5386.0
3550,HD 18143,0.85,0.87,5078.0
3551,HIP 948,0.71,0.688488,4497.0
3552,HD 139357,2.69,11.47,4700.0
3553,HD 25015,0.86,0.83,5160.0
3554,HD 188641,1.07,1.94492,5897.32
3555,HD 168443,0.98,1.711479,5491.0
3556,GJ 229,0.509,0.46,3564.0
3557,HD 81817,4.3,83.8,4140.0
3558,HD 169830,1.17,1.935709,6300.0
3559,HIP 56640,1.75,4.93,4769.0
3560,HD 213519,1.05,1.08287,5840.0
3561,HD 217786,1.14,1.27,5966.0
3562,TOI-3629,0.63,0.6,3870.0
3563,HD 183263,1.06,1.23,5948.0
3564,HD 66428,1.01,1.13,5716.0
3565,HD 80869,1.06,1.062,5837.0
3566,HD 25912,1.08,0.995896,5920.58
3567,HD 217958,1.08,1.32619,5930.64
3568,HD 109988,0.88,0.869694,5185.97
3569,HD 28192,1.08,1.07094,5919.87
3570,HD 43197,0.96,1.0,5508.0
3571,HD 38529,0.98,2.857838,5697.0
3572,HD 110537,1.02,1.16626,5718.0
3573,HD 56957,1.03,1.77793,5743.0
3574,HD 62364,1.19,1.401,6255.0
3575,TOI-712,0.732,0.674,4622.0
3576,HD 4113,1.008,1.077514,5688.0
3577,HD 62549,1.08,1.23227,5930.46
3578,KMT-2021-BLG-0171L,0.78,,5200.0
3579,HD 11505,1.03,1.19568,5757.15
3580,HD 80913,1.11,1.6542,6013.24
3581,TOI-2207,1.296,1.564,6101.0
3582,HD 86264,1.26,1.88,6210.0
3583,HD 8673,1.28,1.50225,6389.05
3584,HD 127506,0.73,0.735766,4595.32
3585,HD 135872,1.646,3.93038,4992.0
3586,HD 86065,0.81,0.780347,4927.56
3587,HD 88072,1.04,1.032,5785.33
3588,TOI-2421,1.131,1.75,5607.0
3589,TOI-2583 A,1.215,1.477,5936.0
3590,OGLE-2018-BLG-1119L,0.48,,
3591,KMT-2021-BLG-1554L,0.08,,
3592,TOI-2796,1.063,1.069,5764.0
3593,KMT-2021-BLG-1898L,0.48,,
3594,GJ 338 B,0.64,0.58,4014.0
3595,TOI-2842,1.135,1.265,5910.0
3596,TOI-4603,1.765,2.738,6264.0
3597,KMT-2021-BLG-0712L,0.22,,
3598,KMT-2021-BLG-0909L,0.38,,
3599,MASCARA-1,1.9,2.082,7490.0
3600,K2-38,1.03,1.06,5731.0
3601,TOI-3364,1.186,1.419,5706.0
3602,KMT-2021-BLG-2478L,0.2,,
3603,KMT-2021-BLG-1105L,0.63,,
3604,TOI-4582,1.34,2.5,5190.0
3605,TOI-942,0.822,0.894,4969.0
3606,TOI-733,0.956,0.949,5585.0
3607,HIP 21152,1.4,1.59186,6655.0
3608,OGLE-2019-BLG-0468L,0.92,,
3609,TOI-3976 A,1.254,1.501,5975.0
3610,KMT-2017-BLG-1003L,0.32,,
3611,TOI-4087,1.178,1.112,6060.0
3612,KMT-2021-BLG-0240L,0.56,,
3613,KMT-2017-BLG-0673L,0.63,,
3614,KMT-2019-BLG-1367L,0.25,,
3615,OGLE-2017-BLG-1806L,0.38,,
3616,TOI-4791,1.242,1.409,6058.0
3617,EPIC 229004835,0.97,0.999,5868.0
3618,OGLE-2019-BLG-1053L,0.61,,
3619,KMT-2019-BLG-2974L,0.47,,
3620,OGLE-2019-BLG-1470L A,0.57,,
3621,HD 23472,0.67,0.71,4684.0
3622,OGLE-2018-BLG-0506L,0.63,,
3623,TIC 279401253,1.13,1.06,5951.0
3624,OGLE-2019-BLG-1492L,0.68,,
3625,TOI-1811,0.817,0.769,4766.0
3626,HATS-54,1.05,1.23,5621.0
3627,HD 45364,0.82,0.89,5466.0
3628,KMT-2021-BLG-1253L,0.24,,
3629,NGTS-23,1.01,1.24,6057.0
3630,NGTS-24,1.26,1.64,5820.0
3631,NGTS-25,0.91,0.86,5321.0
3632,KMT-2021-BLG-1372L,0.42,,
3633,TOI-2497,1.859,2.36,7360.0
3634,TOI-5542,0.89,1.058,5700.0
3635,TOI-2338,0.99,1.05,5581.0
3636,PZ Tel,1.36,1.25646,5169.0
3637,KMT-2018-BLG-0030L,0.51,,
3638,MOA-2020-BLG-135L,0.23,,
3639,TOI-2364,0.954,0.886,5306.0
3640,OGLE-2018-BLG-0298L,0.69,,
3641,TOI-969,0.734,0.671,4435.0
3642,OGLE-2006-BLG-284L A,0.35,,
3643,K2-3,0.549,0.546,3844.0
3644,HD 111998,1.4,1.45,6557.0
3645,HIP 70849,0.65,0.633112,4105.0
3646,Kepler-409,0.913,0.897,5421.0
3647,KMT-2022-BLG-0440L,0.53,,
3648,K2-416,0.548,0.554,3746.0
3649,HIP 54597,0.8,0.66,4799.0
3650,HD 75302,1.06,0.940904,5697.46
3651,MOA-2020-BLG-208L,0.43,,
3652,HD 15906,0.79,0.762,4757.0
3653,HIP 81208 C,0.135,,
3654,HD 108202,0.74,0.66355,4556.03
3655,Kepler-323,1.015,1.12,6004.0
3656,TOI-622,1.313,1.415,6400.0
3657,TOI-4201,0.61,0.63,3794.0
3658,GJ 1252,0.381,0.391,3458.0
3659,TOI-858 B,1.081,1.308,5842.0
3660,K2-36,0.79,0.718,4916.0
3661,Kepler-538,0.892,0.8717,5534.0
3662,TOI-1235,0.63,0.619,3997.0
3663,TOI-1052,1.204,1.264,6146.0
3664,K2-110,0.738,0.713,5010.0
3665,TOI-1634,0.451,0.45,3472.0
3666,TOI-2018,0.57,0.62,4174.0
3667,TOI-519,0.335,0.35,3322.0
3668,TOI-244,0.428,0.426,3433.0
3669,TOI-4184,0.2109,0.2347,3238.0
3670,TOI-470,0.87,0.831,5190.0
3671,TOI-1470,0.471,0.469,3709.0
3672,Kepler-21,1.408,1.902,6305.0
3673,Kepler-78,0.779,0.7475,5058.0
3674,WISE J033605.05-014350.4,0.0131,,415.0
3675,OGLE-2018-BLG-1126L,0.69,,
3676,HD 6860,2.49,86.4,3802.0
3677,K2-12,0.965,1.117,5672.0
3678,OGLE-2018-BLG-1212L,0.16,,
3679,GJ 649,0.51,0.5,3734.0
3680,HD 36384,1.14,38.4,3940.0
3681,MWC 758,1.5,2.01446,7314.0
3682,K2-2016-BLG-0005L,0.584,,
3683,GJ 849,0.45,0.45,3467.0
3684,Kepler-107,1.238,1.447,5854.0
3685,TOI-139,0.69,0.7007,4570.0
3686,KMT-2022-BLG-0371L,0.63,,
3687,WASP-79,1.39,1.51,6600.0
3688,HD 74698,1.039,1.333,5783.0
3689,GJ 9404,0.62,0.626041,3811.0
3690,GJ 832,0.45,0.441557,3472.0
3691,TOI-5803,0.87,0.7625,5134.0
3692,KMT-2019-BLG-1216L,0.39,,
3693,TOI-1680,0.1798,0.2106,3225.0
3694,HD 100777,1.08,1.04,5533.0
3695,HD 167677,0.96,0.95271,5474.0
3696,HD 165131,1.06,1.06419,5870.0
3697,HIP 39017,1.52,1.51987,7201.0
3698,omi UMa,2.72,13.84,5075.0
3699,omi CrB,1.3,11.87,4769.0
3700,TOI-782,0.397,0.413,3370.0
3701,HD 4732,1.39,5.03,4898.0
3702,ome Ser,1.01,10.99,4724.0
3703,TOI-2010,1.112,1.079,5929.0
3704,TOI-1273,1.06,1.06,5690.0
3705,TOI-904,0.557,0.527,3770.2
3706,KMT-2023-BLG-0469L,0.47,,
3707,HD 2952,1.91,10.9,4853.0
3708,TOI-2416,1.118,1.236,5808.0
3709,TOI-2373,1.041,1.102,5651.0
3710,TOI-4860,0.34,0.358,3260.0
3711,TOI-4633,1.1,1.05,5800.0
3712,gam Lib,1.78,12.38,4879.0
3713,KMT-2021-BLG-1770L,0.13,,
3714,OGLE-2019-BLG-1180L,0.545,,
3715,HD 47366,1.81,7.3,4866.0
3716,NGTS-27,1.07,1.77,5700.0
3717,HATS-2,0.904,0.876,5227.0
3718,TOI-238,0.79,0.733,5059.0
3719,2MASS J11550485-7919108,0.58846,0.600455,3021.0
3720,2MASS J21252752-8138278,0.643977,0.672832,3592.0
3721,Kepler-1513,0.943,0.95,5491.0
3722,HIP 66074,0.705,0.69,4300.0
3723,HAT-P-19,0.807,0.773,4962.0
3724,Kepler-849,1.259,1.822,5950.0
3725,TOI-1853,0.837,0.808,4985.0
3726,HAT-P-51,0.961,0.995,5453.0
3727,Kepler-553,0.889,0.902,5191.0
3728,14 And,1.78,11.55,4888.0
3729,18 Del,2.1,8.8,4980.0
3730,GJ 724,0.5271,0.52226,3799.0
3731,KMT-2019-BLG-0335L,0.32,,
3732,6 Lyn,1.32,4.94,4941.0
3733,4 UMa,1.234,18.11,4415.0
3734,TOI-4641,1.41,1.72,6560.0
3735,CI Tau,0.9,1.880857,3807.0
3736,TOI-1994,1.86,2.3,7700.0
3737,TOI-4515,0.949,0.86,5433.0
3738,M62H,1.4,,
3739,HD 145457,1.9,9.9,4757.0
3740,HD 167042,1.39,4.63,4919.0
3741,LHS 1678,0.345,0.329,3490.0
3742,HD 173416,2.0,13.5,4683.0
3743,HD 32518,1.13,10.22,4580.0
3744,HS Psc,0.69,0.65,4203.0
3745,HD 81688,1.07,11.13,4797.0
3746,kap CrB,1.33,4.68,4840.0
3747,KMT-2021-BLG-1547L,0.72,,
3748,TOI-4559,0.392,0.374,3558.0
3749,11 Com,2.09,13.76,4874.0
3750,TOI-4377,1.36,3.52,4974.0
3751,KMT-2023-BLG-0416L,0.63,,
3752,HD 76920,1.0,8.33,4664.0
3753,LHS 3154,0.1118,0.1405,2861.0
3754,TOI-1269,0.9027,0.8521,5499.0
3755,TOI-3919,1.208,1.319,6100.0
3756,TOI-1288,0.9552,0.9583,5388.0
3757,GJ 238,0.4193,0.4314,3485.0
3758,TOI-5232,1.389,1.785,6500.0
3759,TOI-1410,0.7941,0.7558,4635.0
3760,TOI-6029,1.548,2.338,6223.0
3761,OGLE-2017-BLG-0448L,0.5,,
3762,TOI-1451,1.0022,1.0162,5801.0
3763,TIC 4672985,1.01,1.15,5757.0
3764,TOI-5218,0.739,0.708,4230.0
3765,TOI-1601,1.5055,2.195,5982.0
3766,TOI-1444,0.9513,0.9105,5460.0
3767,TOI-5634 A,0.556,0.54,3896.0
3768,TOI-1683,0.694661,0.7,4402.0
3769,TOI-1298,1.2187,1.4536,5752.0
3770,TOI-1751,0.9382,1.3137,5970.0
3771,K2-419 A,0.562,0.541,3711.0
3772,HIP 97166,0.9342,0.8418,5216.0
3773,TOI-1776,0.9196,0.9356,5785.0
3774,OGLE-2023-BLG-0836L,0.71,,
3775,BD-14 3065 A,1.41,2.35,6935.0
3776,TOI-1794,0.9698,1.3162,5631.0
3777,2MASS J03590986+2009361,0.264996,0.289776,2943.0
3778,TOI-663,0.514,0.512,3681.0
3779,TOI-1842,1.4643,2.032,6039.0
3780,TOI-1824,0.8801,0.8123,5165.0
3781,HIP 77900,,,13646.0
3782,2MASS J11011926-7732383,,,
3783,SPECULOOS-3,0.1009,0.123,2800.0
3784,KMT-2023-BLG-1431L,0.57,,
3785,TOI-3071,1.29,1.31,6177.0
3786,TOI-2019,1.1832,1.7457,5626.0
3787,TIC 139270665,1.035,1.016,5844.0
3788,HD 48948,0.686,0.679,4593.0
3789,HD 93963 A,1.0844,1.0311,5908.0
3790,TOI-815,0.776,0.77,4869.0
3791,HIP 8152,0.9373,0.9603,5618.0
3792,TOI-1669,0.9867,1.0561,5497.0
3793,OGLE-2014-BLG-0221L,0.69,,
3794,TOI-329,1.0678,1.5326,5614.0
3795,TOI-480,1.2793,1.4877,6174.0
3796,TOI-757,0.8,0.78,5278.0
3797,GJ 900 A,1.08,0.716187,3976.0
3798,TOI-1855,0.987,1.041,5359.0
3799,TOI-3261,0.861,0.849,5068.0
3800,TOI-669,0.9245,0.9882,5597.0
3801,HD 73344,1.2,1.22,6252.6
3802,TOI-2368,0.897,0.846,5360.0
3803,TOI-2107,0.961,0.932,5627.0
3804,TOI-1248,0.9042,0.8686,5205.0
3805,TOI-837,1.142,1.052,5995.0
3806,SWEEPS-11,1.1,1.45,
3807,TOI-3321,1.041,1.549,5850.0
3808,TOI-1744,1.18,1.14,6179.0
3809,WASP-132,0.789,0.758,4686.0
3810,K2-260,1.637,1.755,6860.0
3811,K2-237,1.256,1.236,6180.0
3812,TOI-1772,0.99,0.995,5583.0
3813,BD-17 63,0.741,0.74,4714.0
3814,K2-261,1.107,1.663,5490.0
3815,K2-321,0.578,0.595,3750.0
3816,TOI-1777,1.06,0.98,5859.0
3817,HD 175167,1.09,1.75,5635.0
3818,Kepler-289,1.08,1.0,5990.0
3819,K2-167,1.084,1.499,6310.0
3820,K2-265,0.901,0.92,5420.0
3821,KELT-24,1.268,1.338,6426.0
3822,TOI-3568,0.78,0.719,4969.0
3823,K2-57,0.699,0.671,4413.0
3824,K2-54,0.615,0.643,3990.0
3825,TOI-4638,1.02,0.895,5700.0
3826,TOI-5076,0.789,0.844,4780.0
3827,K2-77,0.847,0.792,5160.0
3828,K2-180,0.735,0.719,5365.0
3829,TOI-2458,1.05,1.31,6005.0
3830,K2-97,1.17,4.14,4673.0
3831,K2-182,0.823,0.789,5128.0
3832,Kepler-105,0.991,1.026,5933.0
3833,TOI-2537,0.771,0.771,4870.0
3834,K2-98,1.246,1.518,6260.0
3835,K2-114,0.863,0.832,4899.0
3836,TOI-4994,1.005,1.055,5640.0
3837,TOI-5110,1.469,2.333,6160.0
3838,MOA-2008-BLG-310L,0.21,,
3839,K2-115,0.918,0.855,5870.0
3840,K2-277,0.974,0.973,5680.0
3841,TOI-406,0.408,0.41,3392.0
3842,TOI-5005,0.97,0.93,5749.0
3843,HD 86728,0.967,1.237,5610.0
3844,KMT-2021-BLG-2609L,0.2,,
3845,TOI-5688 A,0.6,0.57,3713.0
3846,HD 222237,0.76,0.71,4751.0
3847,HD 21520,1.09,1.044,5871.0
3848,TOI-2768,0.63,0.657,4008.0
3849,TOI-1174,0.85,0.76,5030.0
3850,TOI-2981,1.03,1.08,5940.0
3851,TOI-1180,0.75,0.73,4738.0
3852,OGLE-2016-BLG-1800L,0.41,,
3853,TOI-5713,0.2653,0.2992,3225.0
3854,TOI-6002,0.2101,0.2432,3229.0
3855,HD 135694,1.02,1.08,5712.0
3856,TOI-1295,1.38,1.7,6280.0
3857,TOI-6130,1.31,1.51,6110.0
3858,TOI-1437,1.1,1.17,6008.0
3859,HD 183579,0.996,0.96,5784.0
3860,KMT-2023-BLG-1866L,0.51,,
3861,K2-203,0.793,0.765,5026.0
3862,TOI-6651,1.323,1.721,5940.0
3863,TOI-1630,0.95,0.83,5504.0
3864,TOI-1467,0.489,0.491,3834.0
3865,TOI-1659,1.1,1.006,5977.0
3866,HIP 56998,0.653,0.63,4675.0
3867,K2-208,0.881,0.872,5500.0
3868,TOI-1716,1.07,1.24,5879.0
3869,TOI-6038 A,1.291,1.648,6110.0
3870,HIP 116454,0.8,0.758,5048.0
3871,TOI-2420,1.158,2.369,5707.0
3872,K2-225,1.482,1.7,5520.0
3873,TOI-1739,0.78,0.781,4814.0
3874,TOI-2485,1.163,1.72,6016.4
3875,K2-7,1.056,1.533,5700.0
3876,HD 118203,1.27,2.04,5742.0
3877,TOI-4734,1.391,1.857,6070.0
3878,TOI-3493,1.023,1.228,5844.0
3879,TOI-2969,0.71,0.7,4738.0
3880,TOI-5300,0.67,0.65,4610.0
3881,TOI-4794,1.25,1.451,6390.0
3882,TOI-2443,0.642,0.631,4375.0
3883,OGLE-2016-BLG-0007L,0.59,,
3884,TOI-5340,1.35,1.842,5990.0
3885,AT2021ueyL,0.49,,3680.0
3886,TOI-2407,0.548,0.567,3530.0
3887,TOI-5386 A,1.165,1.245,6094.0
3888,TOI-2015,0.3041,0.3273,3297.0
3889,TOI-1117,0.97,1.05,5635.0
3890,TOI-640,1.536,2.082,6460.0
3891,K2-157,0.89,0.86,5334.0
3892,Proxima Cen,0.1221,0.141,2900.0
3893,LP 261-75 A,0.22,0.308,3138.0
3894,TIC 88785435,0.724,0.911,3998.0
3895,TOI-1238,0.59,0.58,4089.0
3896,TOI-5143,0.864,0.852,5183.0
3897,TOI-5882,1.334,2.26,5920.0
3898,TOI-4465,0.93,1.014,5545.0
3899,TOI-1478,0.947,1.048,5597.0
3900,HIP 67851,1.28,5.45,4840.0
3901,TOI-2346,1.271,1.38,6480.0
3902,HD 94890,1.74,10.71,4867.0
3903,TOI-2886,1.229,1.241,6240.0
3904,TOI-2876,0.939,0.873,5271.0
3905,TOI-2986,1.122,1.458,5906.0
3906,WASP-116,1.25,1.426,6250.0
3907,HD 102888,2.42,8.6,4990.0
3908,TOI-3135,1.044,0.985,5890.0
3909,Gaia-4,0.644,0.624,4034.0
3910,WASP-188,1.5,1.83,6850.0
3911,WASP-154,0.8,0.823,4774.0
3912,TOI-3464,1.363,1.56,6370.0
3913,WASP-197,1.36,2.112,6050.0
3914,WASP-102,1.08,1.375,5990.0
3915,TOI-3486,0.837,0.788,4930.0
3916,TOI-2328,0.95,0.9,5525.0
3917,TOI-3837,0.89,1.2,5905.0
3918,Gl 410,0.55,0.543,3842.0
3919,HD 219666,1.02,1.059,5540.0
3920,TOI-3682,1.32,1.735,5703.0
3921,TOI-6628,0.97,1.01,5463.0
3922,KMT-2022-BLG-2076L,0.67,,
3923,TOI-4214,1.382,1.434,6370.0
3924,G 268-110,0.137,0.177,
3925,KMT-2024-BLG-2242L,0.069,,
3926,GJ 508.2,0.54,0.53,3720.0
3927,GJ 3512,0.123,0.139,3141.0
3928,HD 28471,0.98,1.08,5766.0
3929,NGTS-32,1.07,1.85,5680.0
3930,HD 143811 A,1.32,1.68398,6791.0
3931,AF Lep,1.218,1.25,6140.0
3932,HD 152843,1.15,1.43,6310.0
3933,MOA-2022-BLG-033L,0.51,,
3934,KMT-2023-BLG-1896L,0.72,,
3935,KMT-2023-BLG-0119L,0.71,,
3936,WASP-110,0.814,0.853,5392.0
3937,K2-233,0.79,0.71,4796.0
3938,BEBOP-4 A,1.507,2.75645,5701.43
3939,2MASS J22501512+2325342,0.433173,0.437589,3352.0
3940,WASP-4,0.899,0.912,5436.0
3941,Kepler-391,1.27,2.879,5038.0
3942,TOI-1438,0.876,0.82,5230.0
3943,TOI-756,0.505,0.505,3657.0
3944,TOI-6448,1.03,0.897,5910.0
3945,K2-214,1.03,1.236,5875.0
3946,51 Eri,1.75,1.45,7422.0
3947,KMT-2024-BLG-1209L,0.77,,
3948,HD 135344 A,2.32,1.5,9540.0
3949,K2-10,0.88,0.956,5533.0
3950,HIP 18606,1.21,4.83,4860.0
3951,TIC 257060897,1.187,1.863,5993.0
3952,OGLE-2016-BLG-1266L,0.015,,
3953,BD+37 3172,3.75,50.24,4500.0
3954,TOI-654,0.419,0.43,3521.0
3955,K2-55,0.688,0.715,4300.0
3956,TOI-5261,1.037,1.021,5790.0
3957,TOI-4773,1.452,1.55,6740.0
3958,BD+42 2315,1.38,17.85,4500.0
3959,Ross 176,0.577,0.569,4041.0
3960,K2-61,0.97,0.995,5748.0
3961,TOI-6420,1.165,1.312,6020.0
3962,TOI-5350,1.167,1.263,6220.0
3963,TOI-5817,0.97,1.427,5770.0
3964,TOI-5799,0.325,0.321,3452.0
3965,TOI-1346,0.82,0.78,5099.0
3966,K2-105,0.94,0.905,5373.0
3967,TOI-6223,0.582,0.576,3895.0
3968,HD 17156,1.285,1.517,6046.0
3969,TOI-6000,0.37,0.38,3419.0
3970,K2-189,0.85,0.879,5442.0
3971,KMT-2024-BLG-1281L,0.32,,
3972,TOI-6303,0.644,0.609,3977.0
3973,LHS 1903,0.538,0.539,3664.0
3974,WASP-120,1.393,1.68443,6450.0
3975,WASP-140,0.9,0.87,5300.0
3976,TOI-1774,0.991,1.1303,5746.0
3977,ISO-Oph 96,0.41,0.730795,3920.0
3978,PDS 70,0.982,1.26,4109.0
3979,TOI-6692,1.047,1.385,5890.0
3980,TOI-4342,0.587,0.598,3866.0
3981,V2376 Ori,0.45,,
3982,HD 208487,1.15,1.16,6134.0
3983,HD 181433,0.86,0.79,4918.0
3984,TOI-5716,0.19,0.22,3436.0
3985,TOI-4940,1.012,1.163,5504.0
3986,TOI-5734,0.724,0.639,4750.0
3987,GJ 480,0.45,0.449,3509.0
3988,NGTS-35,0.789,0.753,4717.0
3989,TOI-2267 A,0.171,0.2075,3030.0
3990,DMPP-3 A,0.9,0.91,5138.0
3991,TOI-5007,0.632,0.656,3793.0
3992,TOI-7166,0.19,0.222,3099.0
3993,TOI-5422,1.066,1.474,5820.0
3994,XO-3,1.449,1.523,6970.0
3995,TOI-5788,0.87,0.87,5615.0
3996,DMPP-9,1.1,1.26,6092.0
3997,KMT-2020-BLG-0202L,0.81,,
3998,KMT-2022-BLG-1551L,0.54,,
3999,HD 95338,0.848,0.868,5097.0
4000,TOI-1243,0.515,0.511,3515.0
4001,TOI-5938,0.744,0.712,4650.0
4002,TOI-7009,0.583,0.564,4080.0
4003,KMT-2025-BLG-0121L,0.61,,
4004,TOI-5388,0.292,0.3,3440.0
4005,KMT-2024-BLG-2087L,0.48,,
4006,HD 100508,0.94,1.0179,5419.0
4007,HD 114386,0.8,0.76,4895.0
4008,TOI-6716,0.223,0.231,3110.0
4009,HD 154345,0.89,0.85,5468.0
4010,HD 217107,1.045,1.2245,5622.0
4011,TOI-1648,0.83,0.81,4850.0
4012,HD 164604,0.77,0.78,4663.0
4013,HIP 54515,1.9,1.64915,8100.0
4014,TOI-1518,1.88,1.942,7299.0
4015,TOI-1080,0.1667,0.2019,3065.0
4016,TOI-2145,1.71,2.75,6206.0
4017,TIC 231949697,0.490679,0.492584,3451.32
4018,CWISEP J193518.59-154620.3,0.024,,
4019,HD 202772 A,1.721,2.554,6442.0
4020,TOI-4588,2.018,1.57458,7746.12
4021,TOI-4513,0.979,0.796628,5623.93
4022,TIC 24750448,0.69,0.713599,4545.43
4023,TOI-4127,1.23,1.293,6096.0
4024,TOI-697,0.97,0.968149,5681.95
4025,TOI-4561,1.0,0.851957,5537.93
4026,HD 93083,0.836,0.837,5033.8
4027,TIC 87422071,1.239,1.489,6150.0
4028,TOI-883,1.003,1.01477,5713.15
4029,TOI-4640,1.1,1.06715,5743.01
4030,TIC 38828280,0.84,0.741147,5046.63
4031,TIC 147027702,1.406,2.136,6410.0
4032,TIC 245076932,1.117,1.288,6130.0
4033,TOI-921,1.13,1.14165,6011.66
4034,TOI-4930,1.04,1.15926,5624.72
4035,TIC 62895484,0.98,0.874291,5520.79
4036,TOI-941,1.078,1.1849,5745.88
4037,TOI-5159,0.9,0.854084,5156.16
4038,TIC 86380416,1.07,0.989724,5723.74
4039,TOI-5335,0.945,0.916633,5528.92
4040,TIC 88692598,0.529218,0.532473,3483.17
4041,TOI-1752,0.524,0.53,3762.0
4042,TOI-5486,0.548138,0.553216,3750.17
4043,TIC 139702105,0.9,1.25423,5742.35
4044,TOI-1718,0.93,0.939285,5304.91
4045,TOI-5532,0.636083,0.662052,4208.45
4046,TIC 161045582,1.04,1.07976,5683.87
4047,TOI-1232,1.058,1.072,5823.0
4048,TOI-1732,0.613891,0.632571,4201.93
4049,TOI-5605,0.68,0.736044,4583.79
4050,TOI-1756,0.556454,0.562607,3891.86
4051,TOI-5630,0.934,0.933361,5385.64
4052,TIC 206466666,0.76,0.667193,4620.3
4053,TOI-198,0.417,0.418,3801.0
4054,KMT-2024-BLG-2005L,0.12,,
4055,gam Cep,1.26,4.74,4775.0
4056,HD 7449,1.196,0.97,6024.0
4057,HATS-34,0.952,0.9381,5456.0
4058,TOI-3894,1.089,1.506,5990.0
4059,TOI-5301,1.507,2.18,6260.0
4060,NGTS-33,1.6,1.47,7437.0
4061,KMT-2023-BLG-1118L,0.09,,
4062,TOI-5926,0.946,0.890046,5388.92
4063,TIC 290487717,0.92,0.943767,5328.97
4064,TOI-672,0.54,0.54,3810.0
4065,TOI-2071,1.063,1.00286,5755.41
4066,TOI-4156,1.1,1.03963,5971.64
4067,TIC 356227008,1.02,0.959792,5731.86
4068,TOI-2518,1.11,0.993374,5751.2
4069,TOI-6393,0.835,0.766023,5008.2
4070,EPIC 220674823,0.913,0.99,5578.0
4071,TOI-2654,0.69,0.756095,4594.08
4072,TOI-6699,0.75,0.75309,4705.1
4073,K2-111,0.84,1.25,5775.0
4074,TOI-7333,0.721,0.666066,4586.87
4075,MOA-2007-BLG-192L,0.28,,
4076,K2-79,1.06,1.269,5897.0
4077,TOI-4363,0.62,0.69132,4278.45
4078,HD 5388,1.21,1.91,6297.0
4079,HD 16760,0.93,0.835,5518.0
4080,TOI-3457,1.04,1.474,6300.0
4081,TOI-6884,1.41,1.84,6330.0
4082,TOI-4602,0.9,1.08,5966.0
4083,TOI-791,1.28,1.474,6294.0
4084,eps Eri,0.82,0.759106,5020.38
4085,HD 190360,0.996,1.14,5560.0
4086,TOI-3664,0.98,1.11,5593.0
4087,TOI-4034,1.19,1.83,5891.0
4088,HD 126105,1.2,4.21,4875.0
4089,TIC 52059926,0.73,0.72,4505.0
4090,TOI-4427,0.9,0.89,5347.0
4091,TOI-2049,1.57,3.2,6164.0
4092,TOI-4458,1.47,1.96,6151.0
4093,TOI-159,1.661,1.62,7287.0
4094,COCONUTS-2 A,0.4,0.366,3552.0
4095,HD 30177,0.98,1.019,5680.0
4096,TOI-1710,1.02,0.93,5775.0
4097,K2-370,0.962,0.945,5662.0
4098,HIP 8923,1.01,1.32164,5980.0
4099,KMT-2023-BLG-0332L,0.54,,
4100,Kepler-484,0.96,0.87,5668.0
4101,TOI-4311,0.816,0.8441,5063.0
4102,TOI-2147,0.99,1.39,5983.0
4103,TOI-6019,1.13,2.02,5561.0
4104,Kepler-929,1.01,1.02,5869.0
4105,Kepler-1767,0.887,0.831,5243.0
4106,Kepler-1127,0.97,0.95,5664.0
4107,Kepler-1793,0.85,0.764,5191.0
4108,HD 141937,1.09,1.03,5870.0
4109,Kepler-1367,0.62,0.6,4106.0
4110,Kepler-1900,1.104,1.041,6173.0
4111,Kepler-1364,1.49,1.79,6805.0
4112,Kepler-482,0.75,0.72,4871.0
4113,Kepler-1646,0.24,0.26,3299.0
4114,HD 6718,0.96,1.02,5746.0
4115,K2-177,1.210525,1.213565,6063.0
4116,K2-263,0.88,0.85,5368.0
4117,K2-186,1.018617,0.98083,5784.0
4118,K2-280,1.03,1.28,5500.0
4119,K2-381,0.754,0.675,4473.0
4120,K2-222,0.94,1.072,5942.0
4121,K2-220,0.91,1.026,5612.0
4122,Kepler-491,1.04,1.03,5582.0
4123,K2-176,0.938545,0.86416,5428.0
4124,Kepler-1732,1.043,1.494,5821.0
4125,14 Her,0.97,0.93,5338.0
4126,16 Cyg B,1.08,1.13,5750.0
4127,K2-368,0.746,0.663,4663.0
4128,1RXS J160929.1-210524,0.85,1.31316,4060.0
4129,CoRoT-4,1.16,1.17,6190.0
4130,CoRoT-7,0.82,0.83,5275.0
4131,K2-226,0.856,0.889,5288.0
4132,K2-227,0.950811,0.890666,5673.0
4133,2MASS J12073346-3932539,0.188001,0.21887,2825.0
4134,eps Tau,2.57,12.35,4877.0
4135,gam1 Leo,1.23,31.88,4330.0
4136,Kepler-752,0.87,0.83,5373.0
4137,CoRoT-9,0.96,0.96,5625.0
4138,K2-343,0.49,0.46,3804.0
4139,51 Peg,1.07,1.19,5761.0
4140,K2-334,1.36,1.49,6502.0
4141,K2-379,0.856,0.751,4603.0
4142,K2-202,0.971461,0.910685,5491.0
4143,K2-342,1.01,1.09,5920.0
4144,81 Cet,1.23,11.21,4734.0
4145,BD+14 4559,0.49,0.86,4864.0
4146,K2-204,1.076,1.253,5783.0
4147,Kepler-1736,0.976,0.973,6085.0
4148,K2-205,0.951027,1.077574,5890.0
4149,Kepler-8,1.213,1.486,6213.0
4150,K2-209,0.74479,0.712365,4720.0
4151,Kepler-745,1.04,1.04,5849.0
4152,K2-211,0.851,0.818,5117.0
4153,K2-394,0.478,0.631,4938.0
4154,CoRoT-19,1.21,1.65,6090.0
4155,Kepler-748,1.07,1.1,5934.0
4156,HD 136418,1.48,3.78,4989.0
4157,HAT-P-31,1.31,1.39,6065.0
4158,HAT-P-35,1.236,1.435,6096.0
4159,HD 142245,3.5,4.63,4922.0
4160,HD 125595,0.29,0.74,4691.0
4161,GQ Lup,0.7,1.94153,4360.0
4162,HD 100655,2.28,10.06,4891.0
4163,Kepler-744,0.94,0.93,5594.0
4164,HD 126614,0.96,1.369794,5568.0
4165,HAT-P-15,1.0,1.07,5568.0
4166,HAT-P-16,1.218,1.158,6140.0
4167,Kepler-764,0.92,0.89,5557.0
4168,Kepler-123,1.079,1.264,6089.0
4169,HD 104985,1.22,11.12,4738.0
4170,HD 13189,2.24,38.41,4175.0
4171,HD 106252,1.05,1.05,5874.0
4172,HD 132406,0.973,1.34,5766.0
4173,HD 10647,1.11,1.1,6218.0
4174,HAT-P-21,1.24,1.21,5588.0
4175,HD 187085,1.189,1.27,6117.0
4176,HD 216437,1.22,1.394,5909.0
4177,HD 216770,0.74,0.93,5399.0
4178,HD 18742,1.36,5.13,4940.0
4179,HD 162020,0.42,0.75,4723.0
4180,HD 190647,1.069,1.376,5656.0
4181,HD 190984,0.91,1.53,5988.0
4182,HD 192263,0.66,0.74,4976.0
4183,HD 41004 B,0.4,1.04137,5036.0
4184,HD 4208,0.883,0.846,5717.0
4185,HD 197037,1.11,1.105,6150.0
4186,HD 4308,0.93,1.02,5686.0
4187,HD 4313,1.63,5.14,4943.0
4188,HD 168746,1.07,1.09,5570.0
4189,HD 148156,1.22,1.21,6308.0
4190,HD 17092,6.73,13.58,4326.0
4191,HD 28254,1.1,1.48,5664.0
4192,HD 148427,1.64,3.86,5025.0
4193,HD 171028,1.53,2.47,5671.0
4194,HD 290327,0.84,0.95,5505.0
4195,HD 152581,1.3,5.14,5027.0
4196,HD 31253,1.7,1.75,6130.0
4197,HD 178911 B,1.24,1.08,5588.0
4198,HD 155358,1.15,1.38,5905.0
4199,HD 210702,1.33,4.54,4912.0
4200,HD 3651,0.799,0.871954,5221.0
4201,HD 156411,1.25,2.16,5900.0
4202,HD 63454,0.42,0.77,4812.0
4203,HD 89307,1.27,1.1,5955.0
4204,TrES-3,0.928,0.829,5650.0
4205,WASP-50,0.892,0.843,5400.0
4206,HD 96127,0.91,35.0,3943.0
4207,HD 70573,1.0,0.976919,5737.0
4208,HD 97658,0.85,0.728,5212.0
4209,V0391 Peg,0.5,0.23,29300.0
4210,WASP-10,0.75,0.698,4675.0
4211,XO-2 N,0.96,0.998,5290.0
4212,HIP 12961,0.69,0.65,3901.0
4213,WASP-16,1.78,1.14,5700.0
4214,Kepler-746,0.91,0.93,5418.0
4215,HD 79498,1.08,1.05,5748.0
4216,HD 48265,1.312,1.901,5733.0
4217,HD 49674,1.03,1.02,5602.0
4218,HD 52265,1.204,1.32,6136.0
4219,HD 5891,1.93,10.64,4673.0
4220,HD 85390,0.758,0.8,5186.0
4221,xi Aql,1.74,10.86,4841.0
4222,WASP-35,1.05,1.08,5990.0
4223,TOI-1408,1.312,1.53,6117.0
4224,TOI-2524,1.007,1.119,5831.0
4225,HD 219415,1.0,2.9,4820.0
4226,WD 0806-661,0.605,,10393.0
4227,WASP-99,1.21,1.64,6150.0
4228,HD 32963,0.94,1.111044,5727.0
4229,HATS-53,0.964,1.101,5644.0
4230,TOI-283,0.8,0.85,5213.0
4231,Kepler-69,0.81,0.93,5638.0
4232,HD 192699,1.38,4.41,5041.0
4233,HATS-3,1.209,1.404,6351.0
4234,HATS-29,1.032,1.073,5670.0
4235,Kepler-283,0.596,0.566,4351.0
4236,HD 195019,1.21,1.48,5751.0
4237,CoRoT-25,1.09,1.19,6040.0
4238,HD 564,0.961,1.01,5902.0
4239,HATS-45,1.272,1.315,6450.0
4240,Kepler-421,0.794,0.757,5308.0
4241,TOI-1443,0.7663,0.7511,5224.0
4242,HAT-P-41,2.56,2.05,6390.0
4243,HD 5608,1.29,5.43,4807.0
4244,HD 108341,0.843,0.79,5122.0
4245,KELT-12,1.591,2.37,6279.0
4246,KELT-19 A,1.62,1.83,7500.0
4247,KOI-1257,0.99,1.13,5520.0
4248,TOI-1226,1.01,0.986943,5434.91
4249,HD 216435,1.3,1.800029,5999.0
4250,BD+49 828,1.52,7.6,4943.0
4251,WASP-71,0.76,1.82,6050.0
4252,HIP 91258,0.97,0.89,5519.0
4253,HIP 109384,0.78,0.831075,5180.0
4254,Kepler-778,0.81,0.77,5102.0
4255,TOI-1244,0.73,0.721,4599.0
4256,TOI-1466,0.66,0.749646,4435.39
4257,HD 33564,1.25,1.4367,6250.0
4258,WASP-55,1.071,1.09,6096.0
4259,ROXs 12,0.87,1.06627,3850.0
4260,bet UMi,1.4,38.3,4126.0
4261,HD 216536,0.81,9.83,4639.0
4262,HD 12484,1.01,1.001848,5920.0
4263,NGTS-1,0.617,0.573,3916.0
4264,HD 86081,1.21,1.46,5939.0
4265,HD 45652,0.92,0.94,5294.0
4266,WASP-62,1.11,1.23,6230.0
4267,HIP 65426,1.96,1.77,8840.0
4268,GJ 1265,0.178,0.192,3236.0
4269,HD 6061,1.0269,1.0072,5934.0
4270,FU Tau,0.05,,2838.0
4271,K2-113,1.04,1.24,5660.0
4272,K2-152,0.63,0.61,4044.0
4273,HD 13167,1.35,2.39,5671.0
4274,TOI-929,0.7,0.717414,4457.16
4275,K2-162,0.75,0.69,4842.0
4276,K2-161,0.986876,2.568173,4972.0
4277,KELT-3,1.96,1.7,6304.0
4278,Kepler-97,0.94,0.98,5779.0
4279,KELT-14,1.239,1.52,5720.0
4280,K2-246,0.87,0.94,5610.0
4281,TOI-1291,1.2,1.8109,6139.95
4282,HD 220689,1.016,1.068,5921.0
4283,HAT-P-53,1.093,1.209,5956.0
4284,HD 111591,1.94,8.03,4884.0
4285,HD 180053,1.75,4.06,5131.0
4286,DENIS-P J082303.1-491201,0.075,,
4287,NGC 2682 YBP 1514,0.96,0.89,5725.0
4288,HD 14067,2.4,12.4,4815.0
4289,K2-30,0.9,0.844,5425.0
4290,WASP-56,0.71,0.96,5600.0
4291,WASP-135,0.98,0.96,5675.0
4292,CoRoT-32,1.08,0.79,5970.0
4293,TOI-1054,1.14,1.17,6122.0
4294,Kepler-504,0.33,0.33,3519.0
4295,KMT-2025-BLG-0975L,0.1,,
4296,TOI-1691,1.03,1.0,5759.0
4297,K2-221,1.010842,0.947599,5716.0
4298,GJ 504,1.22,1.26,6234.0
4299,WASP-68,1.49,1.79,5910.0
4300,psi1 Dra B,1.19,1.255735,6212.0
4301,K2-118,0.756446,0.734626,4726.29
4302,GJ 3942,0.63,0.61,3867.0
4303,Kepler-1654,1.011,1.179,5597.0
4304,WASP-78,1.87,2.46,6100.0
4305,HD 66141,1.1,21.4,4323.0
4306,HD 203030,0.94,0.856458,5603.0
4307,WASP-88,0.94,1.8,6430.0
4308,K2-130,0.69563,0.744261,4356.47
4309,K2-129,0.360031,0.36001,3459.09
4310,HD 147379,0.58,0.628304,4090.0
4311,HATS-42,1.273,1.48,6060.0
4312,WASP-144,0.81,0.81,5200.0
4313,HD 108147,1.22,1.20664,6255.73
4314,CHXR 73,0.35,,3099.0
4315,HATS-51,1.187,1.44,5758.0
4316,Kepler-814,1.15,1.22,6162.0
4317,HD 18599,0.863,0.767,5145.0
4318,HIP 55507,0.65,0.723643,4171.0
4319,NGC 2682 Sand 1429,1.26,2.13,6000.0
4320,Kepler-955,0.89,0.84,5350.0
4321,Kepler-962,0.93,0.86,5478.0
4322,TOI-5678,0.905,0.938,5485.0
4323,TOI-6034,0.514,0.489,3635.0
4324,Kepler-922,0.95,0.93,5671.0
4325,TIC 32032563,1.05,1.00188,5567.93
4326,Kepler-911,1.34,1.99,6112.0
4327,HD 16905,0.85,0.77494,4866.12
4328,TOI-6281,0.65,0.874219,4533.23
4329,Luhman 16 A,0.0338,,
4330,TIC 38825265,0.64,0.664503,4375.52
4331,Kepler-1012,0.95,0.91,5556.0
4332,Kepler-1754,0.734,0.747,4723.0
4333,Kepler-935,0.78,0.73,4830.0
4334,ZTF J1230-2655,0.646,0.0123,10000.0
4335,TIC 270471727,0.9,0.997091,5271.39
4336,TIC 65612701,1.06,1.73709,5692.29
4337,Kepler-1014,0.88,0.84,5388.0
4338,Kepler-1044,1.08,1.11,5985.0
4339,Kepler-66,1.038,0.966,5962.0
4340,Kepler-857,0.99,0.99,5773.0
4341,TOI-6080,1.01,1.06221,5775.46
4342,Wolf 1069,0.167,0.1813,3158.0
4343,TOI-6330,0.531,0.49,3539.0
4344,ITG 15 A,,,
4345,NGTS-38,1.46,1.88,6310.0
4346,TOI-5210,1.105,1.209,5723.0
4347,TOI-5726,1.06,1.106,5874.0
4348,HD 194490,1.06,1.14911,5861.32
4349,HD 190228,1.415,2.58658,5360.0
4350,HD 112570,1.15,9.85,4750.0
4351,HD 154391,2.07,8.56,4909.0
4352,G 196-3,0.519782,0.522432,3517.0
4353,Kepler-1026,0.79,0.75,4948.0
4354,G 261-6,0.118,0.153162,2907.0
4355,TIC 142589416,0.641,0.713832,4396.27
4356,NGTS-39,1.16,1.16,6053.0
4357,Gliese 48,0.47,0.463,3450.0
4358,Kepler-993,0.57,0.54,3843.0
4359,K2-411,1.018,1.375,5711.0
4360,HD 169142,1.85,1.53702,7246.0
4361,TOI-6383 A,0.458,0.457,3444.0
4362,TOI-7149,0.344,0.351,3363.0
4363,Kepler-348,1.189,1.359,6177.0
4364,TIC 154870955,0.828,0.724328,4739.58
4365,TOI-5238,1.0,1.02283,5631.0
4366,Kepler-914,1.1,1.15,5877.0
4367,TOI-6086,0.254,0.259,3200.0
4368,TOI-7384,0.318,0.319,3185.0
4369,Kepler-1768,1.24,1.572,6050.0
4370,Kepler-981,0.98,0.96,5718.0
4371,Kepler-1043,0.92,0.9,5629.0
4372,TOI-5777,0.658,0.671912,4408.03
4373,HIP 113103,0.761,0.742,4930.0
4374,UCAC3 113-933,0.61,0.564484,3864.0
4375,TIC 249022743,1.0,1.2084,5567.58
4376,TIC 260969020,0.75,0.68988,4572.94
4377,Kepler-1053,0.74,0.69,4529.0
4378,HD 11112,1.07,1.47368,5905.64
4379,Kepler-485,1.07,1.09,5958.0
4380,TIC 393818343,1.082,1.086,5756.0
4381,Kepler-1032,0.77,0.71,4647.0
4382,HD 284149 A,1.13,1.36,6035.0
4383,2MASS J16262785-2625152,,,3252.0
4384,TIC 390586021,0.648,0.726565,4434.81
4385,HD 94771,1.2,1.903,5631.0
4386,Gaia-5,0.339,0.345,3447.0
4387,TIC 423703298,0.691,0.729825,4540.37
4388,Kepler-1023,0.93,0.89,5494.0
4389,TOI-5592,1.194,1.393,6237.0
4390,HD 122562,1.241,2.16627,4956.0
4391,Kepler-932,0.87,0.84,5331.0
4392,TOI-6707,1.14,1.58202,6289.49
4393,Kepler-1779,1.008,1.056,5730.0
4394,Kepler-973,0.86,0.78,5213.0
4395,TOI-5595,0.645,0.743344,4417.3
4396,TOI-6016,1.31,1.51,6110.0
4397,HIP 99770,1.9,1.93986,8000.0
4398,Kepler-1772,0.942,0.934,5541.0
4399,GJ 2126,0.65,0.728,4159.0
4400,TOI-5616,0.666,0.646,3996.0
4401,Kepler-408,1.08,1.23,6104.0
4402,Gaia23braL,0.774,1.36181,5055.0
4403,GJ 3988,0.1842,0.19734,3273.0
4404,HD 68475,0.83,0.79099,5022.0
4405,Kepler-958,0.91,0.86,5421.0
4406,nu Oct A,1.57,5.04,4910.0
4407,Kepler-507,1.16,1.32,6113.0
4408,HN Lib,0.291,0.299,3347.0
4409,Kepler-1248,1.21,1.21,6149.0
4410,Kepler-1269,1.1,1.15,5998.0
4411,Kepler-1314,0.6,0.59,4188.0
4412,Kepler-1870,0.955,0.84,5508.0
4413,Kepler-1089,0.52,0.49,3753.0
4414,Kepler-1223,0.8,0.75,4870.0
4415,Kepler-1853,0.765,0.788,4821.0
4416,Kepler-512,1.17,1.3,5997.0
4417,Kepler-22,0.857,0.869,5596.0
4418,Kepler-1995,0.847,0.93,5029.0
4419,Kepler-1227,0.97,0.95,5747.0
4420,Kepler-1272,1.06,1.09,5926.0
4421,Kepler-373,0.981,0.845,5787.0
4422,Kepler-1198,0.93,0.9,5517.0
4423,Kepler-1294,0.99,0.97,5776.0
4424,Kepler-1319,0.56,0.54,3655.0
4425,Kepler-1251,0.92,0.89,5545.0
4426,Kepler-1843,1.02,1.782,5422.0
4427,Kepler-1857,0.873,1.005,6074.0
4428,Kepler-1884,0.993,0.906,5984.0
4429,Kepler-1232,0.92,0.89,5471.0
4430,Kepler-1858,0.785,0.819,4939.0
4431,Kepler-515,0.9,0.83,5293.0
4432,Kepler-1877,1.022,0.936,5615.0
4433,Kepler-1679,0.96,0.873196,5501.0
4434,Kepler-1844,0.939,0.849,5776.0
4435,Kepler-1278,1.11,1.16,6074.0
4436,Kepler-1864,1.03,0.979,5854.0
4437,Kepler-1324,0.78,0.73,4776.0
4438,HD 11755,0.72,20.58,4312.0
4439,8 UMi,1.51,10.73,4847.0
4440,Kepler-1104,1.3,1.41,6417.0
4441,Kepler-1830,1.443,2.046,6160.0
4442,Kepler-1688,0.814,0.746,4632.11
4443,HAT-P-57,2.77,1.85,6330.0
4444,Kepler-530,0.97,0.89,5697.0
4445,Kepler-1114,0.87,0.83,5374.0
4446,Kepler-303,0.575,0.485,3944.0
4447,Kepler-1212,1.1,1.15,6051.0
4448,Kepler-1241,0.84,0.8,5261.0
4449,Kepler-1283,1.16,1.25,6175.0
4450,Kepler-1714,1.448,2.086,6150.0
4451,Kepler-1331,0.72,0.69,4508.0
4452,Kepler-396,0.85,1.06,5656.0
4453,Kepler-1084,1.12,1.28,6113.0
4454,Kepler-1108,0.88,0.84,5406.0
4455,Kepler-1214,0.85,0.8,5130.0
4456,Kepler-1369,0.99,0.99,5761.0
4457,Kepler-1796,1.018,0.949,6036.0
4458,Kepler-1244,1.46,1.77,6680.0
4459,Kepler-1192,0.86,0.83,5438.0
4460,Kepler-516,1.62,2.02,7099.0
4461,Kepler-1851,0.967,0.879,5982.0
4462,Kepler-1372,0.98,0.97,5677.0
4463,KELT-23 A,0.944,0.996,5899.0
4464,HATS-77,0.655,0.6428,4071.0
4465,TOI-1753,0.9483,0.9715,5621.0
4466,TOI-2274,0.612,0.631,3943.0
4467,Kepler-43,1.32,1.42,6041.0
4468,Kepler-858,0.96,0.91,5653.0
4469,TOI-3023,1.12,1.668,5760.0
4470,Kepler-1752,0.824,0.821,5446.0
4471,Kepler-1408,1.21,1.35,6170.0
4472,BD+60 1417,1.0,0.797,4993.0
4473,TOI-1227,0.17,0.56,3072.0
4474,TOI-1758,0.88,0.81,5169.0
4475,TOI-2567,1.13,1.686,5611.0
4476,Kepler-1410,0.63,0.6,4092.0
4477,HD 24085,1.22,1.412551,6034.0
4478,WASP-87,1.204,1.627,6450.0
4479,TOI-163,1.4352,1.648,6495.0
4480,K2-315,0.174,0.196,3300.0
4481,TOI-1775,0.9218,0.8288,5284.0
4482,WASP-187,1.54,2.83,6150.0
4483,HD 161178,1.06,10.95,4786.0
4484,GJ 514,0.51,0.5,3728.0
4485,HD 77946,1.1973,1.3174,6007.0
4486,Kepler-876,0.81,0.77,5060.0
4487,HD 233832,0.71,0.68,4981.0
4488,HIP 5763,0.72,0.750378,4352.0
4489,TOI-2092,0.956,1.0519,5842.06
4490,Qatar-6,0.822,0.722,5052.0
4491,GJ 9066,0.15,0.164,3154.0
4492,K2-400,0.374,0.382,3578.0
4493,TOI-2094,0.425,0.384,3435.0
4494,TOI-2714,1.07,1.25,5665.0
4495,2MASS J01033563-5515561 A,0.19,,
4496,TOI-2382,1.26,1.417,6033.0
4497,EPIC 201841433,0.802,0.628461,5053.0
4498,USco1621 A,0.36,0.710071,3460.0
4499,K2-318,0.561,0.552,3851.0
4500,K2-405,1.034,0.765,4927.0
4501,HD 307842,0.91,0.907,5558.0
4502,TOI-1814,,2.3895,4872.84
4503,Kepler-1419,1.01,1.01,5796.0
4504,EPIC 206215704,0.407,0.25,3297.0
4505,Kepler-848,1.01,1.2,5695.0
4506,Kepler-819,0.86,0.81,5279.0
4507,TOI-799,1.0,0.915519,5662.81
4508,K2-146,0.331,0.33,3385.0
4509,K2-324,0.517,0.505,3752.0
4510,Kepler-822,1.06,1.08,5928.0
4511,TOI-1181,1.467,1.961,6054.0
4512,TOI-808,0.87,0.833198,5078.2
4513,TOI-2447,1.034,1.006,5730.0
4514,TOI-2818,0.977,1.229,5721.0
4515,Kepler-843,1.02,1.03,5830.0
4516,K2-408,0.813,0.784,5335.0
4517,TOI-1516,1.14,1.14,6520.0
4518,Kepler-1423,0.79,0.75,4939.0
4519,HATS-57,1.026,0.96,5587.0
4520,HATS-56,1.573,2.201,6536.0
4521,K2-409,0.886,1.228,5742.0
4522,TOI-1722,1.162,1.09414,5999.55
4523,TOI-1873,1.015,0.971675,5597.99
4524,TOI-2158,1.12,1.41,5673.0
4525,Kepler-1888,0.897,1.249,5557.0
4526,Kepler-1901,1.022,0.921,5696.0
4527,TOI-1860,0.99,0.94,5752.0
4528,TOI-1723,1.04,1.09,5777.0
4529,TOI-1937 A,1.072,1.08,5814.0
4530,Kepler-1395,1.17,1.23,6138.0
4531,Kepler-1905,1.038,1.015,5788.0
4532,TOI-132,0.97,0.9,5397.0
4533,TOI-2000,1.082,1.134,5611.0
4534,TOI-2194,0.74,0.6909,4756.0
4535,TOI-2498,1.12,1.26,5905.0
4536,HD 2685,1.43,1.56,6801.0
4537,Kepler-95,1.08,1.41,5699.0
4538,Wendelstein-2,0.73,0.66,4591.0
4539,HD 174205,1.8,26.6,4308.0
4540,KMT-2016-BLG-1397L,0.45,,
4541,KMT-2019-BLG-0253L,0.7,,
4542,KMT-2023-BLG-0548L,0.72,,
4543,Kepler-1963,0.915,0.979,5726.0
4544,Kepler-1517,1.58,1.95,7010.0
4545,Kepler-1711,0.94,1.034,5706.0
4546,MOA-2010-BLG-328L,0.11,,
4547,MOA-2011-BLG-291L,0.15,,
4548,KMT-2018-BLG-1743L,0.193,,
4549,OGLE-2018-BLG-0516L,0.47,,
4550,KMT-2023-BLG-0949L,0.48,,
4551,KMT-2024-BLG-2059L,0.51,,
4552,Kepler-1641,1.12,1.19,6152.0
4553,Kepler-39,1.29,1.4,6350.0
4554,KMT-2023-BLG-1642L,0.17,,
4555,OGLE-2015-BLG-0966L,0.38,,
4556,MOA-2011-BLG-028L,0.75,,
4557,OGLE-2018-BLG-0383L,0.1,,
4558,KMT-2021-BLG-1391L,0.37,,
4559,Kepler-195,0.867,0.775,5329.0
4560,Kepler-608,1.0,1.01,5820.0
4561,Kepler-1704,1.132,1.697,5746.0
4562,OGLE-2015-BLG-0051L,0.1,,
4563,OGLE-2018-BLG-0740L,1.0,,5912.0
4564,OGLE-2017-BLG-1099L,0.45,,
4565,KMT-2021-BLG-0748L,0.36,,
4566,TOI-2267 B,0.0989,0.13,3022.0
4567,Kepler-1719,1.08,1.775,5687.0
4568,Kepler-639,1.14,1.29,5896.0
4569,KMT-2016-BLG-0212L,0.48,,
4570,KMT-2019-BLG-1552L,0.79,,
4571,KMT-2024-BLG-0349L,0.68,,
4572,Kepler-1525,1.07,1.04,5748.0
4573,Kepler-1645,1.02,1.02,5812.0
4574,KMT-2018-BLG-1990L,0.094,,
4575,KMT-2018-BLG-0247L,0.29,,
4576,OGLE-2016-BLG-0263L,0.13,,
4577,KMT-2018-BLG-2602L,0.66,,
4578,KMT-2016-BLG-1337L,0.54,,
4579,Kepler-1949,1.194,1.454,6028.0
4580,Kepler-695,0.84,0.8,5181.0
4581,OGLE-2005-BLG-390L,0.22,,
4582,Kepler-1993,1.373,3.062,5159.0
4583,MOA-2009-BLG-387L,0.19,,
4584,OGLE-2018-BLG-1647L,0.092,,
4585,Kepler-648,1.05,0.98,5741.0
4586,OGLE-2017-BLG-0406L,0.56,,
4587,OGLE-2018-BLG-1367L,0.28,,
4588,OGLE-2018-BLG-0932L,0.72,,
4589,OGLE-2017-BLG-0364L,0.49,,
4590,Kepler-1588,0.96,0.99,5817.0
4591,MOA-2011-BLG-293L,0.86,,
4592,OGLE-2017-BLG-0173L,0.396,,
4593,OGLE-2018-BLG-1269L,1.11,,
4594,KMT-2021-BLG-0119L,0.56,,
4595,MOA-2008-BLG-379L,0.56,,
4596,MOA-2022-BLG-091L,0.75,,
4597,KMT-2023-BLG-2209L,0.73,,
4598,Kepler-1533,1.31,1.51,6431.0
4599,Kepler-558,0.85,0.81,5242.0
4600,OGLE-2015-BLG-1609L,0.17,,
4601,Kepler-690,1.11,1.16,5913.0
4602,KMT-2025-BLG-1160L,0.58,,
4603,Kepler-586,0.94,0.92,5575.0
4604,OGLE-2013-BLG-0341L B,0.1127,,
4605,KMT-2018-BLG-1976L,0.65,,
4606,KMT-2017-BLG-0428L,0.34,,
4607,KMT-2019-BLG-1806L,0.74,,
4608,OGLE-2014-BLG-0124L,0.9,,
4609,Kepler-1616,1.21,1.34,6266.0
4610,Kepler-612,0.98,0.96,5693.0
4611,OGLE-2013-BLG-1761L,0.33,,
4612,KMT-2016-BLG-1105L,0.41,,
4613,TOI-5573,0.619,0.594,3790.0
4614,Kepler-1144,0.98,0.96,5753.0
4615,Kepler-694,0.97,0.95,5700.0
4616,K2-108,1.17,1.76,5599.0
4617,K2-179,0.824345,0.768067,5015.0
4618,Kepler-1787,1.008,0.925,6060.0
4619,Kepler-1444,1.03,1.05,5810.0
4620,Kepler-1997,1.111,1.052,6215.0
4621,Kepler-1624,0.541,0.552,3768.0
4622,K2-119,0.76,0.71,4740.0
4623,TOI-5319,0.5,0.485,3580.0
4624,HD 80883,0.88,0.814842,5177.91
4625,Kepler-1585,0.94,0.91,5538.0
4626,Kepler-1961,0.871,0.777,5401.0
4627,Kepler-1446,0.81,0.75,4865.0
4628,K2-121,0.71,0.675,4526.0
4629,KOI-3680,1.01,0.96,5830.0
4630,Kepler-1638,0.97,0.95,5710.0
4631,Kepler-677,1.0,0.99,5723.0
4632,TOI-5344,0.612,0.588,3747.0
4633,Kepler-1811,0.946,1.19,5561.0
4634,Kepler-481,1.01,1.09,5802.0
4635,Kepler-1590,1.11,1.16,6053.0
4636,Kepler-1683,0.95,0.900327,5429.0
4637,Kepler-1653,0.719,0.693,4807.0
4638,TOI-5380,1.343,1.5621,6400.78
4639,Kepler-1022,0.71,0.68,4445.0
4640,Kepler-1434,1.47,2.04,6291.0
4641,Kepler-1593,0.81,0.77,4995.0
4642,Kepler-1453,0.97,0.94,5665.0
4643,Kepler-1989,0.999,1.06,6032.0
4644,K2-122,0.63,0.59,4009.0
4645,Kepler-1046,1.04,1.04,5913.0
4646,Kepler-1594,1.06,1.08,5946.0
4647,Kepler-438,0.544,0.52,3748.0
4648,Kepler-1455,0.62,0.6,4075.0
4649,Kepler-1490,0.9,0.87,5515.0
4650,Kepler-700,0.98,0.96,5692.0
4651,K2-345,0.56,0.52,3779.0
4652,Kepler-1133,0.93,0.9,5569.0
4653,Kepler-1953,0.786,0.707,4858.0
4654,Kepler-1161,0.59,0.57,4253.0
4655,Kepler-1184,1.05,1.07,5983.0
4656,Kepler-1599,0.99,0.99,5767.0
4657,Kepler-442,0.609,0.598,4402.0
4658,Kepler-1185,0.96,0.87,5622.0
4659,K2-181,0.96,1.06,5528.0
4660,Kepler-1070,1.21,1.32,6261.0
4661,Kepler-1560,1.02,1.02,5815.0
4662,Kepler-1702,0.85,0.725742,5093.0
4663,Kepler-1621,1.15,1.24,6158.0
4664,K2-278,1.4,1.61,6747.0
4665,Kepler-478,0.85,0.8,5210.0
4666,Kepler-1164,0.85,0.79,5183.0
4667,Kepler-692,0.9,0.86,5440.0
4668,Kepler-594,0.91,0.87,5485.0
4669,Kepler-1499,0.82,0.78,5097.0
4670,Kepler-1498,0.86,0.81,5256.0
4671,Kepler-611,1.01,1.01,5761.0
4672,TOI-5502,1.244,1.32375,6088.71
4673,Kepler-1141,1.01,1.07,5791.0
4674,Kepler-1170,0.8,0.76,5069.0
4675,Kepler-688,0.98,0.96,5715.0
4676,Kepler-632,0.91,0.84,5322.0
4677,Kepler-1502,1.44,1.72,6666.0
4678,Kepler-1119,1.11,1.17,6083.0
4679,Kepler-543,0.7,0.67,4671.0
4680,Kepler-693,0.76,0.72,4881.0
4681,Kepler-1710,0.932,0.899,5650.0
4682,Kepler-1928,1.01,0.92,5720.0
4683,Kepler-1999,0.632,0.628,4406.0
4684,KOI-7368,0.879,0.874,5241.0
4685,KELT-17,1.635,1.645,7454.0
4686,IC 4651 9122,2.1,10.267424,4740.1
4687,KIC 5479689,0.966,0.894,5459.1
4688,Kepler-294,0.947,0.976,5913.0
4689,WASP-118,1.32,1.696,6410.0
4690,TAP 26,1.04,1.17,4620.0
4691,GJ 422,0.35,0.370328,3323.0
4692,TOI-3593,1.015,0.918,5550.0
4693,WASP-195,1.3,1.578,6300.0
4694,TOI-4529,0.482,0.48,3697.0
4695,HD 27631,0.944,0.923,5737.0
4696,Wolf 503,0.688,0.689,4716.0
4697,WASP-183,0.784,0.871,5313.0
4698,Kepler-1747,0.983,0.865,5477.0
4699,Kepler-906,1.06,1.02,6035.0
4700,TOI-4551,1.31,3.55,4896.0
4701,HD 98649,0.97,1.01,5759.0
4702,Kepler-780,1.01,1.02,5769.0
4703,NGTS-16,1.002,1.213,5550.0
4704,Kepler-471,1.49,1.8,6733.0
4705,HD 42012,0.83,0.82,5405.0
4706,Qatar-10,1.156,1.254,6124.0
4707,GJ 720 A,0.57,0.56,3837.0
4708,Kepler-17,1.04,1.01034,5781.0
4709,HD 214823,1.115,2.04,6215.0
4710,Kepler-761,0.95,0.93,5706.0
4711,TOI-1259 A,0.746,0.715,4775.0
4712,TOI-4578,1.077,0.878735,5951.32
4713,HD 210193,1.04,1.05971,5790.0
4714,K2-392,0.841,1.058,5726.0
4715,TOI-4145 A,0.905,0.859,5281.0
4716,TOI-4379,1.372,1.976,6020.0
4717,Kepler-1663,0.610816,0.62859,3844.0
4718,K2-291,0.934,0.899,5520.0
4719,HD 39855,0.87,0.744665,5576.0
4720,HIP 90988,1.613,3.94,4883.0
4721,TOI-558,1.349,1.496,6466.0
4722,GPX-1,1.68,1.56,7000.0
4723,TOI-3819,1.242,1.538,5859.0
4724,HD 224538,1.23,1.54,6097.0
4725,GJ 273,0.29,0.293,3382.0
4726,K2-292,1.0,1.09,5725.0
4727,GJ 4276,0.406,0.407,3387.0
4728,HD 102843,0.95,0.961488,5436.0
4729,CFHTWIR-Oph 98 A,0.0147,0.245,2320.0
4730,TOI-1431,1.9,1.92,7690.0
4731,TOI-4406,1.19,1.29,6219.0
4732,TOI-4405,0.68,0.687025,4467.38
4733,TOI-5027,1.02,0.92,5909.0
4734,HAT-P-63,0.925,0.9661,5400.0
4735,TOI-3862,0.9,0.92,5300.0
4736,TOI-4662,0.703,0.69375,4520.41
4737,NGC 2682 YBP 401,1.14,1.215821,6165.0
4738,WASP-142,1.33,1.64,6010.0
4739,WASP-171,1.171,1.637,5965.0
4740,TOI-1789,1.507,2.168,5991.0
4741,TOI-4666,0.576,0.585,3793.0
4742,BD+20 594,1.67,1.08,5766.0
4743,WASP-182,1.076,1.34,5638.0
4744,Kepler-833,0.64,0.62,4339.0
4745,TOI-4463 A,1.056,1.062,5640.0
4746,HATS-9,1.1,1.56,5599.0
4747,TYC 0434-04538-1,1.04,9.99,4679.0
4748,Kepler-839,1.22,1.31,6058.0
4749,HD 27969,1.16,1.27,5966.0
4750,TOI-3912,1.088,1.392,5725.0
4751,TOI-4487 A,1.378,1.634,6206.0
4752,K2-251,0.52,0.49,3717.0
4753,HD 95544,1.01,1.088,5722.0
4754,Qatar-7,1.409,1.564,6387.0
4755,TOI-628,1.311,1.345,6250.0
4756,HD 168009,0.986073,1.209505,5778.33
4757,HD 115954,1.18,1.213,5957.0
4758,TOI-1278,0.54,0.573,3799.0
4759,TOI-3980,1.24,1.626,5840.0
4760,TOI-4507,1.11,1.04,6260.0
4761,TOI-5160,1.003,1.03315,5622.14
4762,EPIC 211822797,0.62,0.58,4057.0
4763,GJ 160.2,0.69,0.655173,4347.0
4764,Kepler-1756,0.781,0.812,4915.0
4765,K2-28,0.257,0.288,3214.0
4766,Kepler-1724,1.016,0.943,6092.0
4767,HAT-P-7,1.56,2.0,6389.0
4768,Kepler-551,0.65,0.63,4286.0
4769,K2-44,1.15,1.58,5912.0
4770,K2-27,0.88,0.876,5246.0
4771,K2-378,0.923,0.732,4823.0
4772,K2-42,0.702,0.643,4613.0
4773,K2-193,1.01,0.98,5817.0
4774,Kepler-452,1.037,1.11,5757.0
4775,Kepler-565,0.98,0.95,5735.0
4776,Kepler-1720,0.939,0.839,5573.0
4777,OGLE-2016-BLG-0261L,0.072,,
4778,KMT-2025-BLG-0026L,0.44,,
4779,KMT-2025-BLG-0030L,0.6,,
4780,KMT-2025-BLG-2272L,0.63,,
