id_planeta,nombre,masa,radio,periodo_orbital,semieje_mayor,id_estrella
1,HD 2039 b,,12.7,1120.0,2.2,1
2,HAT-P-8 b,406.8224,15.6926,3.07634,0.04496,2
3,K2-43 b,,4.51,3.471149,0.03784,3
4,Kepler-1753 b,,2.22678077,16.00460052,0.1179,4
5,Kepler-1176 b,,2.45,24.1738579,0.1589,5
6,K2-126 b,,1.97,7.385655,0.0656,6
7,Kepler-1263 b,,1.14,4.55139967,0.0499,7
8,Kepler-1416 b,,0.88,1.49514952,0.0257,8
9,Kepler-1542 c,,0.65,2.89223021,0.0387,9
10,K2-85 b,3.2,1.4,0.68453862616,0.013,10
11,Kepler-368 c,,3.88,72.379334,0.36,11
12,K2-123 b,,2.76,30.951524,0.1649,12
13,Kepler-770 b,,2.3,18.92540274,0.1694,13
14,Kepler-1399 b,,1.25,1.638653058,0.0276,14
15,Kepler-723 b,,12.19,4.082275068,0.0479,15
16,K2-107 b,266.9772,15.98,3.313959,0.0475,16
17,K2-45 b,,6.71,1.7292684,0.0224,17
18,K2-365 b,,2.906,23.448172,,18
19,K2-127 b,,8.37,3.588163,0.0411,19
20,K2-195 b,,3.13,15.852975,0.1208,20
21,K2-80 c,,1.47,5.605,0.0596,21
22,K2-229 c,7.0,2.03,8.32727,0.0769,22
23,HAT-P-3 b,206.5895,10.53646,2.8997,0.03866,23
24,WASP-32 b,835.8929,10.76064,2.71866,0.0394,24
25,WASP-24 b,394.1092,15.46842,2.34121,0.03651,25
26,Kepler-65 c,5.4,2.58,5.859944,0.068,26
27,TrES-2 b,473.5667,15.24424,2.47063,0.03568,27
28,Kepler-939 b,,1.75,14.878296,0.1153,28
29,Kepler-1028 b,,1.33,2.51462432,0.0354,29
30,HAT-P-67 b,143.02278315,23.9872187,4.8101069,0.06505,30
31,Kepler-1101 b,,2.47,81.3151059,0.3483,31
32,Kepler-1388 b,,2.59,12.2854603,0.0882,32
33,Kepler-768 b,,1.79,11.3910025,0.092,33
34,Kepler-796 b,,1.3,6.40087618,0.07317,34
35,Kepler-110 b,,1.83,12.691112,0.107,35
36,Kepler-1042 b,,2.19,10.13202575,0.0756,36
37,Kepler-334 c,,1.43,12.758005,0.107,37
38,Kepler-937 b,,3.72,67.668827,0.3214,38
39,Kepler-1117 b,,1.11,4.79028459,0.05485,39
40,Kepler-1789 b,,2.83137505,80.23190308,0.3543,40
41,Kepler-1831 b,,1.97019818,5.78387022,0.0655,41
42,Kepler-1245 b,,1.44,4.35409304,0.0484,42
43,Kepler-114 b,1.09,1.26,5.188549,0.053,43
44,Kepler-1105 b,,2.01,4.421572182,0.0471,44
45,Kepler-187 b,,1.41,4.938864,0.059,45
46,Kepler-1379 b,,1.3,0.881841146,0.0171,46
47,Kepler-304 c,,2.17,5.315946,0.054,47
48,Kepler-1291 b,,1.66,8.63043276,0.0779,48
49,Kepler-304 e,,1.2,1.499146953,0.02317,47
50,Kepler-461 b,,2.58,8.313783059,0.07895,49
51,Kepler-1894 b,,1.20117759,2.762660027,0.0385,50
52,Kepler-576 b,,3.27,29.91136794,0.179,51
53,Kepler-1893 b,,1.70557445,4.179369926,0.0504,52
54,Kepler-1601 b,,0.82,2.20921951,0.03281,53
55,Kepler-1922 b,,2.29064904,13.22259998,0.1077,54
56,HD 80653 b,5.61,1.621,0.71957926,0.01657,55
57,Kepler-1542 d,,0.87,5.99273738,0.0629,9
58,Kepler-666 b,,2.4,4.49876092,0.0542,56
59,Kepler-211 c,18.3,1.29,6.04045,0.062,57
60,Kepler-203 c,749.9,2.47,5.370647,0.061,58
61,GJ 674 b,,3.33,4.6938,0.039,59
62,OGLE-TR-182 b,320.995,12.666,3.9791,0.051,60
63,HD 69830 c,,3.46,31.56,0.186,61
64,GJ 3021 b,,13.1,133.71,0.49,62
65,HD 221287 b,,13.1,456.1,1.25,63
66,HD 47536 b,,12.6,712.13,1.93,64
67,HD 107148 b,,9.6,48.056,0.269,65
68,HD 179949 b,,13.9,3.092514,0.0443,66
69,HD 188015 b,,13.6,461.2,1.203,67
70,HD 27442 b,,13.5,428.1,1.271,68
71,HD 46375 b,,10.0,3.023573,0.0398,69
72,HAT-P-2 b,2866.81223114,10.659759,5.6335158,0.06814,70
73,HD 109749 b,,11.1,5.239891,0.0615,71
74,HD 149143 b,,13.6,4.07182,0.053,72
75,HD 224693 b,,14.0,26.6904,0.191,73
76,HD 231701 b,,13.7,141.63,0.567,74
77,HIP 14810 b,,13.0,6.673892,0.0696,75
78,HIP 14810 d,,14.1,981.8,1.94,75
79,HD 207832 b,,14.2,160.07,0.586,76
80,HD 37605 c,,13.1,2720.0,3.74,77
81,HD 1605 c,,13.0,2149.0,3.584,78
82,HD 55696 b,1357.12729789,12.9,1827.0,3.18,79
83,HD 148164 c,,12.8,5062.0,6.15,80
84,HD 211810 b,,14.0,1558.0,2.656,81
85,HD 221416 b,60.5,9.17,14.2767,0.1228,82
86,Kepler-595 c,3.3,1.009,12.38602,0.0983,83
87,Kepler-595 b,17.4,3.708,25.3029092,0.1582,83
88,PSR B1257+12 b,0.02,0.338,25.262,0.19,84
89,PSR B1257+12 c,4.3,1.91,66.5419,0.36,84
90,OGLE-TR-211 b,327.351,15.244,3.67724,0.051,85
91,Lupus-TR-3 b,257.431,9.976,3.91405,0.0464,86
92,2MASS J04414489+2301513 b,2383.6,12.6,,15.0,87
93,WASP-21 b,95.345,11.99,4.322482,0.052,88
94,CoRoT-10 b,874.0,10.87,13.2406,0.1055,89
95,CoRoT-12 b,291.438,16.14,2.828042,0.04016,90
96,CoRoT-13 b,415.704,9.92,4.03519,0.051,91
97,HD 285968 b,,2.83,8.7836,0.066,92
98,HD 205739 b,,13.6,279.8,0.896,93
99,CoRoT-3 b,6883.91,11.32,4.2568,0.05783,94
100,HD 16417 b,,5.0,17.24,0.14,95
101,AB Pic b,4290.5,12.3,,260.0,96
102,CT Cha b,5403.0,24.66,,440.0,97
103,HD 9446 b,,14.0,30.052,0.189,98
104,Kepler-4 b,24.472,4.002,3.21346,0.0456,99
105,GJ 876 c,226.9846,14.0,30.0881,0.12959,100
106,HIP 79431 b,,13.4,111.7,0.36,101
107,TOI-907.01,,9.6158851,4.5849129,0.055225481,102
108,WASP-31 b,151.916,17.363,3.4059096,0.04659,103
109,24 Sex b,,13.4,452.8,1.333,104
110,WASP-37 b,572.07,13.002,3.577469,0.0446,105
111,Kepler-9 d,,1.64,1.592851,0.0273,106
112,KOI-217 b,,12.442,3.90512,0.0477,107
113,HD 90156 b,,4.43,49.77,0.25,108
114,HD 177830 c,,7.87,110.9,0.5137,109
115,ups And b,,14.0,4.617033,0.05922166,110
116,ups And d,3257.74117175,12.5,1276.46,2.51329,110
117,OGLE-2017-BLG-0373L b,127.0,14.0,,2.424,111
118,Kepler-1737 b,,5.395,64.61750031,0.297,112
119,K2-269 b,,1.57,4.144965,0.0531,113
120,TOI-1249 b,11.9,3.2710301,13.079151,0.109,114
121,Kepler-106 d,8.1,0.95,23.9802,0.16063,115
122,Kepler-1031 b,,0.87,1.22621732,0.0218,116
123,CD-35 2722 B b,,13.9,171.11,0.2,117
124,Kepler-948 b,,1.85,7.76846622,0.0749,118
125,OGLE-2014-BLG-0319L b,181.16219199,14.1,,3.49,119
126,OGLE-2018-BLG-1011L b,570.0,13.5,,1.8,120
127,WASP-61 b,851.7844,15.80469,3.8559,0.0521,121
128,KMT-2022-BLG-0303L b,163.045972791,14.2,,4.81,122
129,OGLE-2019-BLG-0954L b,4513.1633794,12.3,,2.65,123
130,WASP-123 b,285.72917,15.13212395,2.97764359,0.04263,124
131,Kepler-1882 b,,1.48674404,13.78730011,0.11636,125
132,KOI-984 b,,4.3,4.2881785,0.0504,126
133,Kepler-1573 b,,1.2,2.6157554,0.0364,127
134,Kepler-802 b,,3.54,40.0587473,0.2265,128
135,KMT-2023-BLG-1454L b,200.23189641,14.1,,1.18,129
136,Kepler-1440 b,,1.26,39.859484,0.23431,130
137,WASP-130 b,390.9309,9.97601,11.55098,0.1012,131
138,OGLE-2017-BLG-1049L b,1760.0,12.8,,3.92,132
139,Kepler-949 b,,2.91,8.689307296,0.07739,133
140,Kepler-1964 b,,1.7810587,2.440829992,0.0322,134
141,KMT-2023-BLG-1592L b,184.34047606,14.1,,3.9,135
142,OGLE-2019-BLG-0362L b,1036.12060682,13.1,,2.18,136
143,KMT-2017-BLG-1057L b,23.5,5.19,,2.36,137
144,KMT-2025-BLG-1616L b,42.32,7.34,,1.6,138
145,Wolf 327 b,2.53,1.24,0.5734745,0.01,139
146,Kepler-62 f,35.0,1.41,267.291,0.718,140
147,WASP-53 c,,,2840.0,3.73,141
148,KMT-2023-BLG-1743L b,6356.56814,12.1,,1.16,142
149,TOI-5789 c,5.0,2.86,12.927748,0.1009,143
150,MOA-2019-BLG-008L b,5720.911326,12.2,,,144
151,OGLE-2016-BLG-1598L b,120.77479466,13.6,,2.5,145
152,OGLE-2017-BLG-1275L b,1875.1876013,12.8,,2.09,146
153,HATS-44 b,177.9848,11.960003,2.7439004,0.03649,147
154,HD 160691 b,1366.6621501,,645.0,1.5,148
155,Kepler-132 b,,1.21,6.178196,0.067,149
156,KMT-2021-BLG-0192L b,34.96112477,6.56,,1.62,150
157,Kepler-49 b,9.77,2.579,7.2,0.05929,151
158,KMT-2016-BLG-2364L b,1250.0,13.0,,2.63,152
159,Kepler-218 c,,3.14,44.699576,0.248,153
160,GJ 328 c,,4.91,241.8,0.657,154
161,K2-212 b,,2.65,9.795647,0.0785,155
162,KMT-2022-BLG-1818L c,114.41822652,13.2,,12.6,156
163,Qatar-8 b,117.91493,14.403565,3.71495,0.0474,157
164,KMT-2018-BLG-0885L b,9217.023803,11.9,,1.07,158
165,KMT-2016-BLG-2321L b,301.93698665,13.8,,3.58,159
166,Kepler-74 b,200.22,10.76,7.340711,0.0781,160
167,OGLE-2017-BLG-0482L b,9.0,2.95,,1.8,161
168,PSR B0329+54 b,,1.22,10140.0,10.26,162
169,K2-140 b,295.58041851,13.56286665,6.569188,0.068,163
170,HD 184010 c,,11.8,484.3,1.334,164
171,EPIC 201595106 b,7.67,1.565,0.87724,0.0177,165
172,TOI-1203 e,,7.31,204.59,,166
173,Kepler-1503 b,,2.27,96.16987,0.3771,167
174,Kepler-1781 b,,2.38091029,4.88752985,0.0574,168
175,Kepler-57 c,6.86,2.196,11.6,0.09588,169
176,Kepler-1124 b,,1.28,2.852348975,0.0305,170
177,Kepler-1581 b,,0.8,6.28385491,0.06865,171
178,K2-136 c,18.1,3.0,17.30723,0.1185,172
179,HD 39091 b,4481.3805387,12.3,2088.8,3.28,173
180,LHS 1815 b,1.58,1.088,3.814334,0.0404,174
181,Kepler-464 b,,3.3,7.256965224,0.07931,175
182,Kepler-1580 b,,2.11,56.6449279,0.33571,176
183,Kepler-198 d,,1.53,1.31184443,0.02342,177
184,HD 50554 b,1859.29618095,12.8,1240.0,2.339,178
185,HD 73267 c,1630.777556317,12.8,17071.78045,12.688,179
186,Kepler-580 b,,2.57,8.222419656,0.0683,180
187,KOI-12 b,349.613,13.78707,17.855182,0.154,181
188,Kepler-637 b,,4.75,23.20584623,0.16619,182
189,HD 29985 b,1739.474871511,12.8,20608.14049,13.39,183
190,HD 165155 b,,13.2,434.5,1.13,184
191,HD 22946 d,26.57,2.607,47.42489,0.2958,185
192,Kepler-1697 b,,1.25954761,33.4969,0.2008,186
193,Kepler-674 b,,1.69,2.243381847,0.028,187
194,Kepler-873 b,,3.75,20.5533844,0.1542,188
195,Kepler-783 b,,0.78,4.29264638,0.04958,189
196,HD 31527 c,,3.85,51.2053,0.2663,190
197,Kepler-1955 b,,1.16654878,14.26519966,0.11959,191
198,Kepler-1684 b,,2.87084792,47.7055,0.2253,192
199,Kepler-322 c,,1.67,4.337234,0.051,193
200,Qatar-5 b,1373.0256,12.408363,2.8792319,0.04127,194
201,Kepler-399 c,,1.43,26.67569,0.155,195
202,DMPP-2 c,,8.26,3.168,0.04789,196
203,TOI-1062 b,10.15,2.265,4.11296,0.052,197
204,TOI-1759 b,10.8,3.14,18.85019,0.1177,198
205,TOI-2285 b,19.5,1.77,13.635109,0.1363,199
206,Kepler-546 b,,7.0,4.147020258,0.0502,200
207,Kepler-682 b,,7.37,12.611906672,0.1058,201
208,TOI-220 b,13.8,3.03,10.695264,0.08911,202
209,TOI-5624 f,,3.66,45.37,0.2366,203
210,Kepler-242 b,,2.61,8.20395,0.075,204
211,Kepler-258 b,,4.06,13.19722,0.103,205
212,TOI-4898 b,,3.7197954,2.76520470167,,206
213,Kepler-1292 b,,1.82,3.27646405,0.0443,207
214,HD 128717 b,6293.0024586,12.1,3420.0,4.85,208
215,TOI-3278 b,95.3485221,13.89913607,3.246456,0.043,209
216,Kepler-103 b,11.67,3.4857,15.9653287,0.133,210
217,TOI-4492 b,1881.54416944,11.78063872,4.4331824,0.0535,211
218,pi Men d,,3.72,124.64,0.506,173
219,Kepler-1058 b,,2.72,110.96546,0.3679,212
220,Kepler-160 b,,1.715,4.309397,0.05511,213
221,Kepler-1365 b,,0.92,7.69993485,0.07839,214
222,Kepler-346 c,,3.07,23.851549,0.168,215
223,Kepler-1489 b,,1.77,82.294751,0.3679,216
224,Kepler-1126 b,,1.73,108.593329,0.41251,217
225,Kepler-1914 b,,2.9429803,30.82789993,0.1954,218
226,HATS-43 b,82.95363,13.22662,4.3888497,0.04944,219
227,Kepler-685 b,,10.58,1.6255222,0.0265,220
228,Kepler-1303 b,,1.42,7.56127224,0.0751,221
229,Kepler-1016 b,,2.18,1.954524342,0.03044,222
230,HIP 54373 c,,3.57,15.144,0.099,223
231,L 363-38 b,,2.0,8.781,0.048,224
232,HAT-P-46 b,156.684,14.392,4.463129,0.0577,225
233,K2-396 c,,3.124,25.76051,,226
234,TOI-1107 b,1064.72516345,14.57167491,4.0782387,0.0561,227
235,KOI-319 c,8803.8468739,11.9,80.099,,228
236,Kepler-1992 b,,0.91,15.6112238,0.1169,229
237,Kepler-134 b,,2.0,5.317429,0.06,230
238,TOI-912 b,5.1,1.93,4.6780691,0.041,231
239,TOI-913 b,,2.4528,11.098644,,232
240,TOI-1105 b,,3.05823658,10.86818410933,,233
241,Kepler-559 b,,3.61,17.58752333,0.1277,234
242,WASP-34 b,177.9848,11.209,4.31768,0.0524,235
243,Kepler-1426 b,,1.56,14.2563227,0.1187,236
244,OGLE-2014-BLG-0676L b,988.44634577,13.1,,2.04,237
245,Kepler-156 b,,2.3,4.973456,0.054,238
246,HATS-64 b,305.1168,18.819911,4.908897,0.06562,239
247,Kepler-610 b,,4.19,6.996926554,0.0719,240
248,TOI-2322 c,18.1,1.874,20.225528,0.1362,241
249,TOI-2322 b,2.31,0.994,11.30717,0.0924,241
250,Kepler-524 c,,0.96,1.88897906,0.03046,242
251,Kepler-398 c,,1.01,11.419412,0.087,243
252,Kepler-1916 b,,2.61757235,31.25429916,0.2053,244
253,TIC 320419023 b,,2.77280763,5.26375651589,,245
254,HD 108236 f,,2.017,29.54115,0.1758,246
255,Kepler-1617 b,,1.2,27.4785572,0.17707,247
256,HD 206893 c,3527.8953177,16.36511182,2290.0,3.74,248
257,TOI-4527.01,,0.9086617,0.3994445,0.008332353,249
258,K2-255 b,,2.9,1.96417,0.0274,250
259,Kepler-1678 b,,3.30422249,147.974,0.5302,251
260,HD 224018 b,4.1,0.91,10.6413,0.0952,252
261,Kepler-1334 b,,2.29,15.64591713,0.1229,253
262,Kepler-480 b,,2.78,4.919583795,0.06024,254
263,Kepler-1382 b,,1.88,16.3583055,0.14023,255
264,TOI-2068 b,,1.821,7.768915,0.0632,256
265,Kepler-1030 b,,2.48,19.32952416,0.1338,257
266,HD 153950 b,,13.2,499.39999,1.28,258
267,CoRoT-11 b,740.51,16.03,2.99433,0.0436,259
268,WASP-74 b,228.8376,15.24424,2.13775,0.03443,260
269,55 Cnc b,263.9785,13.9,14.651552,0.118,261
270,K2-18 b,8.92,2.37,32.939623,0.1429,262
271,KELT-8 b,209.7678,18.15858,3.24406,0.0455,263
272,55 Cnc c,54.4738,8.51,44.3936,0.247,261
273,55 Cnc d,1232.493,13.0,4799.0,5.6,261
274,55 Cnc e,7.99,1.875,0.7365474,0.01544,261
275,55 Cnc f,44.812,7.59,260.58,0.802,261
276,bet Pic b,2765.1071409,18.49485,8682.0,10.07,264
277,GJ 1214 b,8.41,2.733,1.580404531,0.01505,265
278,GJ 436 b,22.1,4.17,2.64388312,0.0291,266
279,HAT-P-12 b,67.059,10.749,3.2130598,0.0384,267
280,HAT-P-13 b,270.462,14.258,2.91625,0.04383,268
281,HAT-P-13 c,,12.3,446.27,1.258,268
282,HAT-P-14 b,1093.3352,15.91678,4.62767,0.0596,269
283,HAT-P-17 b,184.3414,11.76945,10.33852,0.0892,270
284,HAT-P-17 c,,13.1,5584.0,5.6,270
285,HAT-P-18 b,55.5246227029,10.70457657,5.5080291,0.0559,271
286,HAT-P-1 b,166.86075,14.784671,4.46529976,0.05561,272
287,HAT-P-26 b,22.2481,7.06167,4.23452,0.04748,273
288,HAT-P-30 b,263.7989,16.14096,2.8106,0.0419,274
289,HAT-P-32 b,216.1244,22.19382,2.1500082,0.03397,275
290,HD 149026 b,120.7754,8.29466,2.87589,0.04364,276
291,HD 189733 b,359.1479,12.66617,2.21857567,0.03126,277
292,HD 209458 b,232.0159,15.58051,3.52474859,0.04707,278
293,HD 80606 b,1323.4692695887,11.56766808,111.436765,0.4603,279
294,HD 86226 b,143.0235,14.3,1628.0,2.73,280
295,TrES-4 b,247.9074,18.04649,3.55395,0.05084,281
296,WASP-12 b,467.2101,22.02564708,1.091418901,0.0234,282
297,WASP-15 b,171.6282,15.80469,3.7521,0.05165,283
298,WASP-17 b,247.9074,20.96083,3.73543,0.0515,284
299,WASP-18 b,3241.8497514,13.89913607,0.94145223,0.02024,285
300,WASP-19 b,366.773981678,15.86070769,0.78883852,0.01652,286
301,WASP-25 b,179.255221548,13.80946422,3.7648337,0.0473,287
302,WASP-39 b,89.31023,14.336311,4.0552941,0.04828,288
303,WASP-43 b,565.714,10.424,0.813475,0.0142,289
304,WASP-6 b,148.425866069,12.5428494,3.3610026,0.04217,290
305,GJ 3470 b,13.9,4.57,3.3366496,0.0355,291
306,WASP-47 b,374.0,12.86,4.159151,0.052,292
307,WASP-63 b,117.5971,15.80469,4.37808,0.0574,293
308,WASP-52 b,146.2,14.24,1.7497798,0.0272,294
309,WASP-77 A b,529.3114290178,13.56,1.360029395,0.023233633,295
310,WASP-80 b,170.99254,11.197791,3.06785234,0.0344,296
311,WASP-103 b,473.547,17.127,0.925542,0.01985,297
312,WASP-96 b,152.55,13.45,3.4252602,0.0453,298
313,WASP-94 A b,158.915,17.71022,3.95019,0.055,299
314,WASP-94 B b,,14.1,2.00839,0.0335,300
315,WASP-84 b,220.0,10.72,8.52349648,0.0778,301
316,WASP-20 b,98.841,15.46839337,4.89964477,0.05999,302
317,HATS-6 b,101.38777,11.186582,3.3252725,0.03623,303
318,KELT-7 b,441.7837,17.9344,2.73477,0.04415,304
319,K2-22 b,444.962,2.3,0.381073,0.009,305
320,WASP-47 c,447.0,,589.57,1.393,292
321,WASP-47 d,15.5,3.65,9.030501,0.085,292
322,WASP-47 e,9.0,1.83,0.78961,0.01673,292
323,GJ 1132 b,1.83704819246,1.19151465,1.62892911,0.0157,306
324,WASP-76 b,284.138595858,20.78145022,1.80988198,0.033,307
325,KELT-4 A b,286.68266,19.044091,2.9895932,0.04317,308
326,TRAPPIST-1 b,1.374,1.116,1.510826,0.01154,309
327,TRAPPIST-1 c,1.308,1.097,2.421937,0.0158,309
328,TRAPPIST-1 d,0.388,0.788,4.049219,0.02227,309
329,K2-34 b,539.67534,13.75,2.9956348,0.0442,310
330,WASP-121 b,371.85923619,19.52604438,1.27492504,0.02571,311
331,HIP 41378 b,6.9,2.64,15.57209,0.1303,312
332,HIP 41378 c,5.97,2.74,31.70591,0.2093,312
333,HIP 41378 d,6.53,3.65,278.3618,1.17,312
334,HIP 41378 e,7.62,5.19,393.0,0.68,312
335,HIP 41378 f,25.0,9.47,542.0797,1.394,312
336,HD 3167 b,4.844,1.601,0.95965451,0.01814,313
337,HD 3167 c,11.41,2.983,29.846511,0.1794,313
338,HAT-P-65 b,176.076937478,18.05766791,2.60544751,0.04042,314
339,WASP-131 b,86.767155111,13.74221034,5.3220125,0.0608,315
340,WASP-139 b,37.18611,8.9672,5.924262,0.062,316
341,WASP-127 b,52.346601,14.694999,4.17806203,0.0484,317
342,TRAPPIST-1 e,0.692,0.92,6.101013,0.02925,309
343,TRAPPIST-1 f,1.039,1.045,9.20754,0.03849,309
344,TRAPPIST-1 g,1.321,1.129,12.352446,0.04683,309
345,TRAPPIST-1 h,0.326,0.755,18.772866,0.06189,309
346,HD 106315 b,12.6,2.44,9.55237,0.0907,318
347,HD 106315 c,15.2,4.35,21.05704,0.1536,318
348,LHS 1140 b,5.6,1.73,24.73723,0.0946,319
349,KELT-11 b,65.154823435,15.13212395,4.73620865,0.0623,320
350,KELT-9 b,915.34581216,21.70058664,1.4811235,0.03368,321
351,HD 3167 d,7.3,2.61,8.3967,0.077,313
352,WASP-107 b,33.0223714873,10.48039695,5.7214875,0.055,322
353,GJ 9827 b,4.28,1.44,1.208974,0.0189,323
354,GJ 9827 c,1.86,1.13,3.648103,0.0395,323
355,GJ 9827 d,3.02,1.98,6.20183,0.053,323
356,KELT-20 b,1074.90106,19.514869,3.4741085,0.0542,324
357,K2-18 c,,2.65,8.962,0.06,262
358,K2-141 b,4.97,1.51,0.2803244,0.00747,325
359,K2-141 c,8.0,7.0,7.7485,0.0683,325
360,K2-232 b,135.712729789,11.62371299,11.1684377,0.1016,326
361,GJ 1132 c,,1.52,8.929,0.0476,306
362,HAT-P-11 c,851.78013076,13.2,3361.0,4.1,327
363,NGTS-2 b,235.1942,17.878355,4.511164,0.063,328
364,WASP-164 b,676.9779,12.643752,1.7771255,0.02818,329
365,LHS 1140 c,1.91,1.272,3.77794,0.027,319
366,K2-287 b,100.11645,9.494023,14.893291,0.1206,330
367,LHS 3844 b,2.37,1.286,0.462929709,0.00624,331
368,HD 15337 b,6.519,1.77,4.7559804,0.05245,332
369,HD 15337 c,6.792,2.526,17.180546,0.1235,332
370,L 98-59 b,0.46,0.837,2.253114,0.0223,333
371,L 98-59 c,2.0,1.329,3.6906764,0.0309,333
372,L 98-59 d,1.64,1.627,7.450729,0.0494,333
373,V1298 Tau b,13.1,9.41,24.140006,0.1685,334
374,WASP-166 b,32.10083,7.06167,5.44354,0.0641,335
375,TOI-270 b,1.48,1.28,3.35992,0.03197,336
376,TOI-270 c,6.2,2.33,5.66051,0.04526,336
377,TOI-270 d,4.2,2.0,11.38194,0.0721,336
378,GJ 357 b,1.83,1.2,3.9306,0.036,337
379,GJ 357 c,,1.66,9.1247,0.061,337
380,GJ 357 d,,2.34,55.661,0.204,337
381,LTT 1445 A b,2.73,1.34,5.3587635,0.0381,338
382,bet Pic c,2765.1071409,12.5,1202.0,2.7,264
383,WASP-178 b,527.5978,20.28829,3.3448285,0.0558,339
384,V1298 Tau c,4.7,5.08,8.249164,0.0824,334
385,V1298 Tau d,6.0,6.53,12.401394,0.1081,334
386,V1298 Tau e,15.3,10.17,48.677714,0.2689,334
387,LP 791-18 b,,1.212,0.9479981,0.00978,340
388,LP 791-18 c,7.16,2.488,4.98991,0.02961,340
389,TOI-125 b,9.5,2.726,4.65382,0.05186,341
390,TOI-125 c,6.63,2.759,9.15059,0.0814,341
391,L 168-9 b,4.07,1.63,1.40152604,0.0208,342
392,TOI-125 d,13.6,2.93,19.98,0.137,341
393,HATS-48 A b,77.23269,8.9672,3.1316666,0.03769,343
394,HATS-72 b,39.855882,8.0973816,7.3279474,0.066517,344
395,NGTS-10 b,687.14846,13.89913607,0.7668944,0.0143,345
396,TOI-1130 b,19.8,3.66,4.074554,0.0453,346
397,TOI-1130 c,336.0,13.0,8.3501898,0.0731,346
398,TOI-677 b,392.200254238,13.11450742,11.2365985,0.1041,347
399,LTT 3780 b,2.46,1.325,0.76837931,0.01195,348
400,LTT 3780 c,8.04,2.39,12.252284,0.0757,348
401,TOI-1338 b,11.3,7.661,95.4001,0.4607,349
402,AU Mic b,8.99,4.79,8.463446,0.07,350
403,WASP-148 b,91.216752809,8.47398941,8.803809,0.08215,351
404,WASP-148 c,124.588735544,13.9,34.524,0.2044,351
405,NGTS-11 b,109.33352,9.157753,35.45533,0.201,352
406,TOI-849 b,41.8,3.64,0.765548,0.0155,353
407,TOI-700 b,,0.963,9.97722,0.0678,354
408,TOI-700 c,,2.535,16.0511039,0.0931,354
409,TOI-700 d,,1.145,37.423457,0.1642,354
410,TOI-1899 b,212.94503269,11.09689089,29.090312,0.1525,355
411,HD 86226 c,7.25,2.16,3.98442,0.049,280
412,WD 1856+534 b,4386.054,10.4,1.4079405,0.0204,356
413,LTT 9779 b,29.32,4.72,0.792052,0.01679,357
414,TOI-824 b,18.467,2.926,1.392978,0.02177,358
415,TOI-421 b,6.7,2.64,5.197576,0.0554,359
416,TOI-421 c,14.1,5.09,16.067541,0.117,359
417,GJ 3473 b,1.86,1.264,1.1980035,0.01589,360
418,GJ 3473 c,,2.63,15.509,0.0876,360
419,WASP-107 c,,13.0,1091.0,,322
420,TOI-776 b,5.0,1.798,8.24662,0.0653,361
421,TOI-776 c,6.9,2.047,15.665323,0.1001,361
422,TOI-561 b,2.02,1.397,0.4465697,0.01064,362
423,TOI-561 c,5.93,2.865,10.778838,0.0889,362
424,TOI-561 d,13.33,2.615,25.71268,0.1587,362
425,TOI-561 e,12.4,2.517,77.144,0.33,362
426,TOI-451 b,4.7,1.84,1.8587033,0.0274,363
427,TOI-451 c,3.7,2.93,9.192463,0.0795,363
428,TOI-451 d,10.2,3.93,16.364962,0.1168,363
429,TOI-178 b,0.96,1.2,1.9145601,0.02607,364
430,TOI-178 c,4.64,1.754,3.238486,0.037,364
431,TOI-178 d,5.2,2.695,6.557569,0.0592,364
432,TOI-178 e,3.48,2.301,9.96318,0.0783,364
433,TOI-178 f,5.63,2.417,15.23335,0.1039,364
434,TOI-178 g,4.4,2.939,20.71663,0.1275,364
435,GJ 486 b,2.77,1.289,1.46712127,0.01714,365
436,TOI-1231 b,15.4,3.65,24.245586,0.1288,366
437,TOI-674 b,23.6,5.25,1.977143,0.025,367
438,TOI-1807 b,2.44,1.49681583,0.54937097,0.0122,368
439,TOI-2076 b,6.7,2.59,10.35504,0.08781,369
440,TOI-2076 c,7.2,3.54,21.01447,0.1407,369
441,TOI-2076 d,7.3,3.27,35.12803,0.1982,369
442,AU Mic c,14.46,2.79,18.859023,0.119,350
443,TOI-431 b,3.07,1.28,0.490047,0.0113,370
444,TOI-431 c,,1.49,4.8494,0.052,370
445,TOI-431 d,9.9,3.29,12.46103,0.098,370
446,L 98-59 e,,1.49,12.8278,0.0712,333
447,HD 63935 b,10.5,2.91575244,9.058807,0.083,371
448,HD 63935 c,11.1,3.06451296,21.4027,0.148,371
449,GJ 367 b,0.503,0.736,0.3219226,0.0071,372
450,TOI-2109 b,1595.49860314,15.098497,0.67247414,0.01791,373
451,HATS-75 b,156.053747837,9.90873894,2.7886556,0.032742,374
452,LTT 1445 A c,1.54,1.147,3.1239035,0.02661,338
453,TOI-500 b,1.42,1.166,0.548177,0.01189,375
454,TOI-1075 b,9.95,1.791,0.6047328,0.01159,376
455,TOI-2260 b,,1.62,0.3524728,0.0097,377
456,TOI-2445 b,,1.25,0.3711281,0.0064,378
457,GJ 3929 b,1.75,1.09,2.616235,0.0252,379
458,WASP-189 b,632.47852993,18.14733975,2.724033,0.05053,380
459,TOI-1670 b,41.31769291,2.06,10.98462,0.103,381
460,TOI-1670 c,200.23189641,11.06326395,40.74976,0.249,381
461,TOI-500 c,,2.09,6.6356,,375
462,TOI-500 d,,6.35,26.233,,375
463,TOI-500 e,,3.99,61.3,,375
464,HD 260655 b,2.14,1.24,2.76953,0.02933,382
465,HD 260655 c,3.09,1.533,5.70588,0.04749,382
466,TOI-3714 b,222.4798849,11.32107051,2.154849,0.027,383
467,GJ 3929 c,,2.26,15.04,0.081,379
468,GJ 3090 b,4.52,2.18,2.85310198,0.0316,384
469,TOI-181 b,46.1687,6.9559,4.532,0.0539,385
470,TOI-199 b,54.03082919,9.07927437,104.854,0.4254,386
471,TOI-700 e,,0.919,27.810124,0.1336,354
472,TOI-771 b,2.47,1.36,2.3260155,0.0208,387
473,TOI-836.01,9.6,2.587,8.59545,0.075,388
474,TOI-836 b,4.53,1.704,3.81673,0.0422,388
475,LHS 475 b,,0.991,2.029088,0.02037,389
476,TOI-1136 d,8.35,4.627,12.5199,0.1062,390
477,TOI-1136 c,6.32,2.879,6.2574,0.0669,390
478,TOI-1136 f,9.7,3.73591482,26.321,0.174,390
479,TOI-1136 e,6.07,2.639,18.801,0.14,390
480,TOI-1173 b,28.286728223,8.77663189,7.0643971,0.071,391
481,TOI-1416 b,3.48,1.62,1.0697568,0.019,392
482,TOI-1420 b,25.1,11.89,6.9561063,0.071,393
483,TOI-1468 c,4.1,2.126,15.532477,0.08608,394
484,TOI-1468 b,3.04,1.401,1.8805201,0.02107,394
485,HIP 9618 b,8.3,3.82838127,20.772858,0.145,395
486,HIP 9618 c,7.0,3.42855926,52.56363,0.269,395
487,TOI-1801 b,5.738,2.079,10.64387,0.075,396
488,TOI-1823 b,67.4,7.5406241,38.8,0.212,397
489,TOI-2031 A b,254.2627256,14.20177855,5.71548654,0.066,398
490,TOI-2134 b,9.37,2.735,9.229198,0.07803,399
491,TOI-2134 c,58.3,7.35,95.85284,0.3715,399
492,TOI-2374 b,61.658710958,7.48759911,4.3136193,0.04818,400
493,TOI-2431 b,6.2,1.534,0.22419578,0.0063,401
494,TOI-2525 b,26.697586188,8.67575106,23.2856,0.1511,402
495,TOI-2525 c,208.813263399,10.13291855,49.2519,0.249,402
496,TOI-3235 b,211.355890655,11.39953337,2.59261842,0.02709,403
497,TOI-3757 b,85.3,12.0,3.438753,0.03845,404
498,TOI-3884 b,32.59,6.43,4.5445828,0.0361,405
499,TOI-3984 A b,44.0,7.9,4.353326,0.041,406
500,TOI-4010 c,20.31,5.93,5.414654,0.058,407
501,TOI-4010 d,38.15,6.18,14.70886,0.113,407
502,TOI-4010 b,11.0,3.02,1.348335,0.0229,407
503,LP 890-9 b,13.2,1.32,2.7299025,0.01875,408
504,TOI-4336 A b,3.33,2.137,16.336351,0.0849,409
505,HD 20329 b,7.42,1.72,0.926118,0.018,410
506,Kepler-167 e,321.00669107,10.16,1071.23205,1.883,411
507,TOI-5205 b,343.0,11.6,1.630757,0.0199,412
508,Kepler-167 c,,1.674,7.406106,0.0684,411
509,TOI-5293 A b,170.4,11.9,2.930289,0.034,413
510,KOI-94 d,106.0,11.27,22.342989,0.1684,414
511,LP 890-9 c,25.3,1.367,8.457463,0.03984,408
512,HD 3167 e,14.9,3.97,91.9,0.3797,313
513,TOI-1136 b,3.5,1.9,4.1727,0.05106,390
514,TOI-1136 g,5.6,2.53,39.545,0.229,390
515,TOI-1338 c,75.4,10.3,215.79,0.794,349
516,WASP-84 c,15.2,1.95,1.4468849,0.02359,301
517,TOI-6109 c,,4.8326,8.538878,0.0786,415
518,TOI-6255 b,1.44,1.079,0.23818244,,416
519,WASP-193 b,35.596781584,14.78464554,6.2463475,0.0668,417
520,LP 791-18 d,0.91,1.032,2.75485,0.01992,340
521,TOI-6324 b,1.17,1.059,0.279221,,418
522,HD 207496 b,6.1,2.25,6.441008,0.0629,419
523,TOI-4010 e,,13.3,762.0,1.57,407
524,GJ 367 c,,1.86,11.5301,,372
525,GJ 367 d,,2.33,34.369,,372
526,TOI-6109 b,,4.8704,5.690476,0.0599,415
527,TOI-199 c,88.99195396,11.4,273.69,0.807,386
528,AU Mic e,21.1,4.87,33.11,,350
529,AU Mic d,1.053,1.02,12.73596,,350
530,GJ 806 b,1.9,1.331,0.9263237,0.01406,420
531,GJ 806 c,,2.28,6.64064,0.0523,420
532,HD 110067 b,5.69,2.2,9.113678,0.0793,421
533,HD 110067 c,6.3,2.388,13.673694,0.1039,421
534,HD 110067 d,8.52,2.852,20.519617,0.1362,421
535,HD 110067 e,3.9,1.94,30.793091,0.1785,421
536,HD 110067 f,5.04,2.601,41.05854,0.2163,421
537,HD 110067 g,8.4,2.607,54.76992,0.2621,421
538,GJ 341 b,4.0,0.88,7.57686,,422
539,TOI-6894 b,53.395172376,9.5836785,3.37077196,0.02604,423
540,IRAS 04125+2902 b,,10.73820351,8.834978,0.077,424
541,Kepler-51 e,5.4,2.18,264.284,,425
542,BD+05 4868 A b,6.2,,1.271869,0.0208,426
543,TOI-771 c,,1.5,7.61,0.046,387
544,TOI-2076 e,4.7,1.301,3.0223753,0.03863,369
545,L 98-59 f,,1.48,23.064,0.1052,333
546,HIP 41378 g,6.81,2.5,63.19,,312
547,55 Cnc B b,,1.69,6.7994,0.044,427
548,55 Cnc B c,,2.16,33.747,0.13,427
549,GJ 3090 c,,3.14,15.9407,0.0997,384
550,TOI-4336 A c,1.55,1.251,7.587266,0.05092,409
551,bet Pic d,762.7881768,14.12331568,33200.0,26.0,264
552,TOI-260 b,4.23,1.71,13.475853,0.0943,428
553,K2-232 c,,12.8,1950.0,3.17,326
554,Kepler-12 b,137.30256,19.660586,4.4379629,0.0553,429
555,KOI-94 b,10.5,1.71,3.743208,0.05119,414
556,Kepler-167 d,,1.238,21.80379,0.1404,411
557,Kepler-51 d,7.6,9.7,130.194,0.509,425
558,Kepler-51 c,4.0,9.0,85.312,0.384,425
559,Kepler-51 b,2.1,7.1,45.154,0.2514,425
560,Kepler-167 b,,1.718,4.3931539,0.04825,411
561,KOI-94 c,15.6,4.32,10.423648,0.1013,414
562,KOI-94 e,35.0,6.56,54.32031,0.3046,414
563,PH2 b,87.084983518,9.33708092,282.52542,0.833,430
564,K2-33 b,1175.971,5.04,5.424865,0.0409,431
565,HAT-P-11 b,25.0,4.36,4.888,0.05258,327
566,TOI-286 c,3.72,1.88,39.361826,0.213,432
567,TOI-1806.01,,3.4095367,15.1454693,0.087735044,433
568,TOI-4443.01,,1.7193265,1.8498567,0.029962645,434
569,K2-136 b,4.3,1.014,7.97525,0.0707,172
570,HAT-P-52 b,259.98494,11.309881,2.7535953,0.03694,435
571,TOI-4747 b,,3.95803201,5.21924158592,,436
572,Kepler-891 b,,6.41,53.44945593,0.2881,437
573,Kepler-1159 b,,2.37,22.70816791,0.1603,438
574,HATS-18 b,629.144485,14.896761,0.83784,0.0174,439
575,GJ 676 A e,,2.47,35.47358,0.181,440
576,Kepler-48 c,14.61,2.71,9.67395,0.08633,441
577,Kepler-889 b,,1.09,3.744439,0.04975,442
578,HR 2562 b,6992.224954,12.44199,,22.2,443
579,Kepler-1804 b,,1.59615726,12.28849983,0.1017,444
580,Kepler-1188 b,,2.08,17.1369543,0.135,445
581,HD 21411 b,,9.52,84.288,0.362,446
582,Kepler-1281 b,,1.64,3.11602791,0.0415,447
583,Kepler-128 b,3.79,1.421,15.0,0.12545,448
584,Kepler-1693 b,,1.28938413,12.0999,0.1011,449
585,Kepler-104 b,19.6,3.1,11.427548,0.094,450
586,Kepler-1849 b,,2.38685349,57.29290009,0.2597,451
587,Kepler-1036 b,,3.01,122.8808058,0.47726,452
588,Kepler-419 c,2320.1,12.6,675.47,1.68,453
589,2MASS J22362452+4751425 b,3972.875,12.3,,230.0,454
590,Kepler-1191 b,,1.51,5.60014851,0.0587,455
591,Kepler-511 c,,4.20964327,26.62949944,0.17177,456
592,XO-5 b,378.2,12.78,4.1877558,0.0515,457
593,Kepler-1825 b,,1.42200732,1.025869966,0.0187,458
594,Kepler-1074 b,,1.25,5.94566534,0.0536,459
595,pi Men c,3.63,2.0189,6.2678399,0.06839,173
596,TIC 183374187 b,177.98390792,14.03364384,5.05907,,460
597,GJ 1061 d,1.67,1.16,13.066,0.054,461
598,Kepler-1987 d,,2.66,5.644914154,0.0571,462
599,Kepler-245 b,146.78,2.57,7.49019,0.071,463
600,Kepler-131 c,8.25,0.84,25.5169,0.17391,464
601,Kepler-144 c,,1.35,10.104665,0.094,465
602,HD 93385 c,,2.56,13.18,0.112,466
603,Kepler-431 c,,0.668,8.703,0.0847,467
604,HD 106270 b,3623.2438398,12.4,1888.0,3.34,468
605,TOI-5720 b,4.3,1.09,1.4344555,0.018288,469
606,Kepler-203 d,33.9,1.44,11.32972,0.1,58
607,Kepler-230 c,,2.04,91.773242,0.38,470
608,Kepler-1091 b,,1.46,1.434741564,0.0252,471
609,Kepler-1129 b,,2.96,24.3397804,0.16481,472
610,Kepler-472 b,,3.22,4.176255514,0.04823,473
611,Kepler-1275 b,,1.48,3.65691115,0.0488,474
612,Kepler-1690 b,,2.81109223,234.636,0.7097,475
613,HD 75898 c,2698.36317543,12.6,6717.0,7.39,476
614,K2-386 b,,2.32,7.473223,,477
615,TOI-7510 c,131.0,10.81,22.5687423,0.1595,478
616,Kepler-718 b,,16.56,2.052349905,0.0322,479
617,Kepler-1342 b,,1.66,2.215710358,0.0313,480
618,WASP-174 b,104.88337431,16.10730527,4.2337005,0.05503,481
619,Kepler-1713 b,,1.71673535,18.01160049,0.14185,482
620,Kepler-1121 b,,1.91,13.15141081,0.11818,483
621,Kepler-197 c,5.3,1.23,10.349695,0.09,484
622,TOI-1294 b,63.9,10.12369881,3.915292,0.051,485
623,Kepler-1195 b,,2.08,8.49642241,0.0726,486
624,GJ 328 b,,13.3,3771.0,4.11,154
625,EPIC 212737443 c,,2.69,65.55,0.28,487
626,Kepler-1783 b,,1.31946731,8.277440071,0.07595,488
627,HD 50499 c,,13.2,8619.9,9.02,489
628,Kepler-874 b,,3.94,40.0686727,0.2234,490
629,Kepler-235 b,,2.23,3.340222,0.037,491
630,HD 98219 b,,13.4,433.8,1.26,492
631,Kepler-625 b,,1.99,7.75192492,0.08137,493
632,Kepler-1178 b,,1.07,31.80634,0.1596,494
633,K2-407 b,,1.283,4.941907,,495
634,KOI-351 b,,1.31,7.008151,0.074,496
635,WASP-151 b,100.433776612,13.30506009,4.5334775,0.055,497
636,K2-289 b,,9.1,13.156969,0.107,498
637,GJ 1002 b,,1.03,10.3465,0.0457,499
638,Kepler-1143 c,,3.6,210.630591,0.6477,500
639,TOI-2587 A b,69.286592726,12.07207221,5.45664,0.0635,501
640,Kepler-1154 b,,2.34,5.1856142,0.0631,502
641,Kepler-60 b,4.19,1.71,7.1334,0.07255,503
642,Kepler-85 c,2.15,1.978,12.51,0.10363,504
643,TOI-2081 b,,2.04,10.50534,0.0752,505
644,Kepler-1780 b,,3.60600667,109.4449997,0.4276,506
645,Kepler-1818 b,,1.71360684,4.644909859,0.055,507
646,TOI-871 b,,1.664,14.362565,0.1054,508
647,GJ 251 c,,1.8,53.647,0.196,509
648,Kepler-1518 c,,2.9,9.6310258,0.0905,510
649,Kepler-1718 b,,2.5685207,135.1880035,0.48418,511
650,TOI-4914 b,227.0,12.87,10.60057,0.098,512
651,USco1556 b,4767.45,12.3,,3500.0,513
652,Kepler-109 c,8.2,2.65,21.22265,0.1546,514
653,Kepler-101 c,3.78,1.25,6.02976,0.0684,515
654,Kepler-1200 b,,1.06,1.118549717,0.0188,516
655,NY Vir b,730.978,13.3,3160.0,3.3,517
656,TOI-4137 b,457.67290608,13.57407563,3.8016122,0.05222,518
657,Kepler-1630 b,,2.19,509.997402,1.1218,519
658,Kepler-475 b,,2.49,3.105508189,0.03989,520
659,Kepler-1978 b,,2.67,10.84969477,0.0914,521
660,Kepler-1836 b,,2.55303229,5.254169941,0.0602,522
661,Kepler-887 c,,1.13,7.63846023,0.0801,523
662,Kepler-350 c,6.1,3.1,17.849,0.1385,524
663,Kepler-816 b,,10.24,10.506825646,0.0895,525
664,HD 51608 b,,3.62,14.0726,0.1059,526
665,HD 125390 b,8646.203984028,11.9,1757.39151,3.496,527
666,Kepler-1947 b,,1.0101666,6.963630199,0.07375,528
667,Kepler-81 d,,1.21,20.837846,0.128,529
668,Kepler-1827 b,,1.85644292,3.700619936,0.04647,530
669,TOI-1768.01,,3.453,7.337703649,0.076381,531
670,HIP 10090 c,270.15414595,13.9,321.82,0.9,532
671,Kepler-855 b,,8.35,7.886631104,0.0762,533
672,TOI-205 b,,2.50121142,4.25300773815,,534
673,Kepler-1886 b,,2.58158428,24.2758007,0.16,535
674,Kepler-279 c,49.4,4.3,35.736,0.2236,536
675,TOI-1839 b,7.1,2.27,1.4237828,0.02355,537
676,TOI-1839 c,6.0,2.5,4.0239478,0.04708,537
677,KMT-2023-BLG-1810L b,2301.07766668,12.6,,3.4,538
678,KMT-2023-BLG-0084L b,794.5710175,13.3,,2.5,539
679,K2-401 b,,2.262,6.293099,,540
680,TOI-3807 b,330.54154328,18.49481816,2.8989727,0.0421,541
681,Kepler-931 b,,1.33,8.03755877,0.0719,542
682,TOI-286 b,4.53,1.42,4.5117244,0.0503,432
683,Kepler-106 e,11.17,2.56,43.8445,0.24006,115
684,GSC 06214-00210 b,5000.0,20.1762,,320.0,543
685,HD 89839 b,1748.0562385,12.8,3391.2,4.713,544
686,Kepler-520 b,,1.66,19.67416124,0.14628,545
687,Kepler-19 b,6.1,2.209,9.28699,0.0846,546
688,Kepler-1102 b,,2.66,51.3285623,0.2731,547
689,Kepler-371 c,,1.78,67.968015,0.313,548
690,K2-338 b,,1.03,3.850614,,549
691,KELT-16 b,874.0325,15.860735,0.9689951,0.02044,550
692,Kepler-1681 b,,2.55321772,69.8956,0.32,551
693,TOI-544 c,,4.92,50.089,,552
694,Kepler-251 d,,2.77,30.133001,0.182,553
695,HD 180902 b,,13.5,510.9,1.4,554
696,TOI-5624 e,8.9,3.247,21.489936,0.1439,203
697,KOINTREAU-1 b,3368.9811142,12.4,,690.0,555
698,K2-414 c,,1.9287,6.669,0.0552,556
699,Kepler-1154 c,,2.36,8.45808312,0.0875,502
700,Kepler-863 b,,2.9,15.59461874,0.122,557
701,Kepler-278 c,34.9,3.268,51.111,0.287,558
702,GJ 180 d,,2.66,106.3,0.309,559
703,K2-86 b,,1.96,8.77683,0.077,560
704,HD 196050 b,1493.7935129,12.9,1392.0,2.65,561
705,Kepler-564 b,,4.63,3.750832285,0.0484,562
706,Kepler-878 b,,1.93,25.9422033,0.165,563
707,HD 120084 b,2034.1018048,12.7,2142.0,4.21,564
708,TOI-2384 b,624.850648162,11.48920522,2.13570304,0.02793,565
709,Kepler-82 d,885.098,1.77,2.382961,0.034,566
710,Kepler-338 b,30.6,2.44,13.726976,0.117,567
711,KOI-884 e,66.05405,9.54,31.101659,,568
712,K2-87 b,,7.6,9.726618,0.094,569
713,Kepler-983 b,,2.36,60.0855082,0.3148,570
714,Kepler-1948 b,,1.03283226,15.57129955,0.1022,571
715,Kepler-444 c,,0.497,4.5458841,0.04881,572
716,Kepler-1173 b,,0.89,0.7698536,0.0156,573
717,HD 219077 b,3057.50927534,12.5,5478.68861,5.935,574
718,Kepler-458 c,,4.2,20.74028413,0.17012,575
719,Kepler-1608 b,,1.73,16.4735686,0.1126,576
720,TOI-2093 b,,3.25,12.836,0.097,577
721,EPIC 212499991 b,,1.6,34.885,,578
722,Kepler-759 b,,2.27,41.805985,0.2329,579
723,Kepler-563 b,,3.09,22.18432708,0.1418,580
724,Kepler-296 f,,1.8,63.33627,0.255,581
725,Kepler-534 b,,2.24,15.95994513,0.1272,582
726,TOI-512 b,3.57,1.54,7.18886,,583
727,HD 75784 b,,13.8,341.2,1.032,584
728,Kepler-172 c,,2.86,6.388996,0.068,585
729,Kepler-1340 b,,1.55,0.665026916,0.01523,586
730,Kepler-1115 b,,1.7,23.5540725,0.2134,587
731,KIC 5437945 b,,6.4,440.7813,1.19671,588
732,Kepler-1859 c,,1.66,3.59645081,0.0473,589
733,Kepler-1201 b,,2.29,15.18725932,0.1183,590
734,Kepler-232 c,,3.83,11.379349,0.101,591
735,tau Cet g,,1.18,20.0,0.133,592
736,Kepler-151 b,,3.06,15.228958,0.116,593
737,TOI-201 b,164.0,11.4,52.9786,0.303,594
738,Kepler-207 d,,3.31,5.868075,0.068,595
739,GJ 887 e,,1.12,4.4249,0.0417,596
740,WASP-108 b,283.502939044,15.13212395,2.67555212374,,597
741,Kepler-1521 b,,2.5,47.14840805,0.23476,598
742,Kepler-238 c,152.522,2.39,6.155557,0.069,599
743,GJ 676 A d,,1.78,3.60076,0.039,440
744,Kepler-620 b,,3.32,12.91375431,0.1053,600
745,TOI-2989 b,953.485221,12.55405838,3.122832,0.0384,601
746,Kepler-349 c,,1.96,12.247629,0.105,602
747,Kepler-1231 b,,1.42,10.41725184,0.0914,603
748,Kepler-274 b,,1.54,11.634788,0.101,604
749,Kepler-832 b,,2.06,7.1396941,0.075,605
750,Kepler-1889 b,,2.94360686,37.30369949,0.2082,606
751,Kepler-988 b,,2.07,17.76080053,0.1085,607
752,TOI-880 c,,4.95,6.3872703,0.0635,608
753,HD 12235 b,,3.23,4.36305,0.054,609
754,Kepler-444 f,,0.741,9.740486,0.0811,572
755,GJ 887 c,,2.43,21.784,0.121,596
756,Kepler-524 b,,1.91,7.97419807,0.07955,242
757,Kepler-1075 b,,1.42,1.52372816,0.0208,610
758,Kepler-368 b,,3.26,26.84768,0.186,11
759,Kepler-115 b,,1.09,2.403679,0.036,611
760,Kepler-1735 b,,1.19429134,7.71792984,0.0621,612
761,TOI-1898 b,129.0,9.39553231,45.52234,0.269,613
762,Kepler-1130 c,,0.79239584,3.266639948,0.04238,614
763,HD 20782 b,,13.6,597.0643,1.3649,615
764,Kepler-1376 b,,1.05,5.30880656,0.0598,616
765,Kepler-1190 b,,1.33,10.45843441,0.0845,617
766,Kepler-450 b,19.4,6.14,28.454851,0.20092,618
767,Kepler-758 d,,2.12,20.4966197,0.1527,619
768,HAT-P-47 b,65.472651842,14.71739166,4.73217441,,620
769,HD 135625 b,731.0053361,13.3,4055.0,5.4,621
770,TOI-2211.01,,1.561,3.092686757,0.04011,622
771,Kepler-124 b,,0.73,3.410493,0.039,623
772,Kepler-1259 b,,1.43,0.663085258,0.0141,624
773,TOI-1859 b,,9.75181321,63.48347,0.337,625
774,TOI-1836 b,38.457237247,8.00321222,20.380799,0.1597,626
775,Kepler-616 b,,2.43,9.99761851,0.0927,627
776,HD 141399 e,,14.1,5000.0,5.0,628
777,Kepler-1008 b,,1.28,12.43931193,0.09755,629
778,TOI-2133 b,,2.37,3.8266472,0.041,630
779,Kepler-1979 b,,29.33,18.5084526,0.1383,631
780,TOI-2406 b,15.6,2.86,3.0766891,0.02267,632
781,WASP-157 b,182.43442,11.19,3.951623,0.0499,633
782,Kepler-1183 b,,2.82,28.5057189,0.1793,634
783,LHS 1478 b,2.27,1.174,1.94953941,0.01872,635
784,TOI-1685 b,3.07,1.421,0.66913923,0.01164,636
785,TOI-1749 b,57.0,1.39,2.38839,0.0291,637
786,TOI-1749 c,14.0,2.12,4.4929,0.0443,637
787,TOI-1749 d,15.0,2.52,9.0497,0.0707,637
788,TOI-1296 b,95.3,14.11645916,3.9443736,0.051,638
789,TOI-1442 b,,1.17,0.4090677,0.0071,639
790,TOI-1246 b,8.1,3.01,4.30744,0.049,640
791,TOI-1246 c,9.1,2.45109846,5.904137,0.061,640
792,TOI-1246 d,5.4,3.43139739,18.654874,0.132,640
793,TOI-1246 e,14.5,3.5141875,37.92548,0.212,640
794,TOI-4479 b,,2.82,1.1589,0.0164,641
795,TOI-1135 b,58.798255295,9.91994792,8.0277327,0.0815,642
796,TOI-1452 b,4.82,1.672,11.06201,0.061,643
797,TOI-1695 b,6.36,1.9,3.1342791,0.033548,644
798,TOI-2025 b,1144.1822652,11.89272852,8.8720982,0.0892,645
799,TOI-2449 b,222.0,11.24,106.14468,0.45,646
800,TOI-3688 A b,311.47183886,13.08088048,3.246075,0.0456,647
801,TOI-4600 b,959.84178914,6.8,82.6869,0.349,648
802,TOI-4600 c,2946.26933289,9.42,482.8191,1.152,648
803,WASP-104 b,404.263,12.745,1.7554137,0.02918,649
804,WASP-69 b,82.58,11.21,3.86813881,0.0453,650
805,NGTS-5 b,72.78307,12.733424,3.3569866,0.0382,651
806,Kepler-331 d,,1.64,32.134328,0.159,652
807,TOI-5322 b,184.022647653,16.6117094,5.4233207,0.0604,653
808,HD 457 b,8445.336430804,11.9,20324.58153,15.369,654
809,HD 112640 b,,12.9,613.2,1.7,655
810,Kepler-1647 b,483.0,11.8739,1107.5923,2.7205,656
811,Kepler-1197 b,,1.25,2.03231845,0.02869,657
812,HD 153557 b,,4.77,7.29903,0.068,658
813,Kepler-1939 b,,1.16480773,2.790659904,0.0334,659
814,TIC 117642575 b,,2.82716337,4.94459060181,,660
815,Kepler-621 b,,2.3,2.628113746,0.031,661
816,Kepler-1113 b,,2.81,42.3004954,0.2415,662
817,Kepler-142 b,,1.99,2.024152,0.032,663
818,Kepler-662 b,,2.18,21.67697486,0.1408,664
819,Kepler-1336 c,,1.71,5.77721211,0.06272,665
820,TOI-216.02,18.751876013,8.0,17.16073,0.1293,666
821,Kepler-236 c,,2.0,23.968127,0.132,667
822,HD 196067 b,3623.2438398,12.4,3413.7,4.71,668
823,Kepler-1210 b,,1.7,8.07124073,0.0753,669
824,Kepler-91 b,257.4423,15.322703,6.24658,0.0731,670
825,K2-290 b,10.9,3.06,9.21165,0.0923,671
826,Kepler-1766 b,,2.27904508,105.0149994,0.4161,672
827,HD 176986 c,2097.985314607,,16.8124,0.11873,673
828,K2-170 c,,1.8017647,12.400047,,674
829,HD 72490 b,,13.5,858.0,1.88,675
830,HD 12661 c,899.45439181,13.2,1708.0,2.8145,676
831,Kepler-1061 b,,1.98,2.757982666,0.0388,677
832,Kepler-1904 b,,1.3904994,4.577020168,0.0436,678
833,Kepler-473 b,,4.08,14.55731705,0.12048,679
834,HD 14787 b,,13.7,676.6,1.7,680
835,WASP-106 b,613.40882551,12.10569916,9.28969,0.0901,681
836,TOI-6158 b,135.0,10.4,3.0446899,0.03275,682
837,Kepler-1840 b,,2.77771129,131.1900024,0.46206,683
838,kap And b,5498.4314411,15.91675259,,55.0,684
839,Kepler-1751 b,,1.82417378,7.017310143,0.0712,685
840,Kepler-1067 b,,0.8,0.762129261,0.0164,686
841,TOI-2578 b,167.177742082,19.66055215,3.4579667,0.0495,687
842,Kepler-624 b,,2.31,14.58649607,0.11638,688
843,TOI-5349 b,127.4,10.2,3.317921,0.0369,689
844,TOI-1294 c,,14.3,159.9,0.61,485
845,Kepler-1039 b,,1.46,0.934884242,0.01714,690
846,HAT-P-60 b,182.433505618,18.28184752,4.7947813,0.06277,691
847,HD 88986 b,17.2,2.49,146.05,0.58,692
848,HD 215152 e,975.415381083,,25.1967,0.15417,693
849,Kepler-704 b,,2.61,3.76182115,0.047,694
850,K2-385 b,,1.539,2.380867,,695
851,Kepler-1432 b,,2.22,23.9109011,0.1696,696
852,Kepler-135 c,,1.16,11.448708,0.103,697
853,Kepler-950 b,,8.98,98.7180406,0.3982,698
854,HD 73526 b,,13.1,188.3,0.65,699
855,HD 207897 b,14.8,2.34302132,16.20166,0.117,700
856,Kepler-1459 b,,1.36,62.8691611,0.2829,701
857,Kepler-1358 b,,1.12,7.06317341,0.0656,702
858,HD 360 b,,14.0,273.1,0.98,703
859,TOI-4030 b,,5.8462559,2.50900199461,,704
860,Kepler-741 b,,2.97,7.03902374,0.0744,705
861,Kepler-1299 b,,2.98,19.9400874,0.1357,706
862,Kepler-1806 b,,2.35560189,9.033320427,0.0813,707
863,TOI-375 c,,13.4,115.5,0.524,708
864,Kepler-1048 b,,1.61,6.92101021,0.059,709
865,Kepler-749 b,,3.1,17.31716585,0.1054,710
866,HD 102329 b,,12.6,778.09998,1.81,711
867,TOI-1194 b,120.0,8.71664516,2.3106446,0.034,712
868,Barnard d,,0.694,2.3402,0.0188,713
869,Kepler-1951 b,,2.32107188,20.65780067,0.1435,714
870,HIP 114933 b,,13.4,1481.6,2.84,715
871,Kepler-1305 b,,1.88,13.5630972,0.1109,716
872,Kepler-598 b,,1.5,3.70175428,0.04487,717
873,HD 185283 b,413.1769291,13.6,4060.0,4.6,718
874,Kepler-1920 b,,2.95415848,30.2541008,0.2043,719
875,HD 65216 b,,13.6,577.6,1.301,720
876,Kepler-954 b,,2.32,16.78176602,0.1202,721
877,EPIC 206042996 c,,1.2,0.354884,,722
878,HATS-38 b,23.51942,6.882326,4.375021,0.05036,723
879,Kepler-1388 c,,2.26,5.53608151,0.0519,32
880,TIC 178172313 b,,2.80405322,4.3731816136,,724
881,Gliese 12 b,0.95,0.93,12.761418,0.067,725
882,Kepler-266 c,,3.89,107.723601,0.457,726
883,NGTS-30 b,305.11527072,10.40193409,98.29838,0.408,727
884,Kepler-1388 e,,2.46,37.6327084,0.1861,32
885,Kepler-1311 b,,1.24,11.1726994,0.10082,728
886,Kepler-1991 c,,2.57,22.79020351,0.1528,729
887,Kepler-126 d,,2.5,100.283134,0.448,730
888,TOI-4029 b,,6.73756618,5.88498234631,,731
889,Kepler-2001 b,,1.04,1.090011003,0.0197,732
890,Kepler-1247 b,,2.33,13.71220213,0.1091,733
891,Kepler-68 e,,11.2,3455.0,4.6,734
892,Kepler-1406 b,,1.1,11.62905828,0.0987,735
893,Kepler-1682 b,,2.88940836,14.8334,0.1134,736
894,Kepler-174 d,,2.19,247.35373,0.677,737
895,Kepler-326 b,44.6,1.52,2.248329,0.032,738
896,GJ 3998 d,,2.34,41.78,0.189,739
897,HD 205158 b,,13.9,25.33798,0.177,740
898,HD 219134 h,,12.7,2247.0,3.11,741
899,K2-183 c,,2.3,10.787992,0.0932,742
900,NGTS-21 b,750.07504052,14.90794433,1.5433897,0.0236,743
901,Kepler-1519 b,,7.06,240.7989397,0.7655,744
902,TCP J05074264+2447555 b,20.0,4.72,,0.94,745
903,TOI-2459 b,,2.9531,19.104718,,746
904,Kepler-784 b,,1.58,31.5922646,0.22111,747
905,TOI-2641 b,122.681765102,18.10250383,4.880974,0.0607,748
906,Kepler-255 c,,2.99,9.946047,0.092,749
907,HD 51608 c,,3.87,95.9446,0.3809,526
908,TIC 434398831 c,,5.63,6.210291,0.06572,750
909,TOI-3082 b,,3.6621,1.926907,,751
910,Kepler-1037 b,,1.28,1.063788673,0.0198,752
911,TOI-2141 d,,3.97,60.45,0.2906,753
912,HD 88133 b,324.1866,13.8,3.414884,0.0479,754
913,TOI-1448 b,19.5,2.749,8.112245,0.0567,755
914,TIC 294329732 b,,2.07692266,9.7565876181,,756
915,WISPIT 2 c,3178.28407,17.93436912,,14.0,757
916,K2-272 b,,3.13,14.4536756,0.1007,758
917,TOI-3474 b,193.87532827,14.67255574,3.8795105,0.0502,759
918,Kepler-825 c,,1.84,8.1818246,0.0759,760
919,Kepler-382 b,,1.32,5.262155,0.055,761
920,Kepler-266 b,,2.48,6.61833,0.071,726
921,Kepler-1962 b,,1.21463929,7.991459846,0.0783,762
922,TOI-1266 d,3.68,1.74,32.509,0.1513,763
923,Kepler-691 b,,2.09,8.114379,0.0649,764
924,HD 142415 b,,13.5,386.29999,1.06,765
925,WASP-167 b,2542.64,17.71022,2.0219596,0.0365,766
926,K2-412 b,,2.116,5.9382,0.0586,767
927,Kepler-1441 b,,1.31,39.4419839,0.2346,768
928,CoRoT-28 b,153.82972,10.704595,5.20851,0.0603,769
929,Kepler-37 c,1.3,0.755,21.301848,0.139,770
930,Kepler-138 c,2.3,1.51,13.7815,0.0913,771
931,Kepler-46 d,,1.64,6.766589,0.067,772
932,Kepler-1755 b,,5.91688317,24.81209946,0.1668,773
933,Teegarden's Star c,,1.02,11.416,0.0455,774
934,HD 219828 b,,4.59,3.83483,0.049,775
935,Kepler-835 b,,2.79,11.41909375,0.107,776
936,Kepler-1666 c,,3.23564749,40.7157,0.2383,777
937,Kepler-1143 b,,1.67,2.888904849,0.0371,500
938,KOI-4777.01,99.2,0.51,0.412,0.008,778
939,Kepler-79 d,5.3,7.15,52.0897,0.2937,779
940,Kepler-190 b,,1.56,2.019999,0.03,780
941,NGTS-17 b,242.820902948,13.89913607,3.24253,0.0391,781
942,Kepler-354 c,,1.31,16.934402,0.115,782
943,TIC 198190129 b,,2.92284949,7.94804910667,,783
944,Kepler-1933 b,,1.17984089,4.943290234,0.05605,784
945,TOI-5811 B b,257.44100967,21.96960217,6.25663,0.0731,785
946,Kepler-1041 b,,2.94,24.7576421,0.1688,786
947,KIC 10525077 b,,5.5,854.083,,787
948,K2-70 b,,2.89,13.97896,0.1112,788
949,TOI-5704 b,,3.2274,3.771116,,789
950,HATS-4 b,420.471,11.433,2.516729,0.0362,790
951,Kepler-121 b,,2.34,3.177422,0.039,791
952,HD 163607 b,,13.9,75.2203,0.362,792
953,TOI-1453 b,2.32,1.173,4.3135225,,793
954,Kepler-395 c,,1.32,34.989262,0.177,794
955,TOI-7393 b,194.78,11.3,3.33708,0.03664,795
956,HIP 81991 b,3019.3698665,12.5,5860.0,6.4,796
957,Kepler-1965 b,,1.35415138,41.86869812,0.22971,797
958,DMPP-8 b,,10.8,62.915,0.3098,798
959,Kepler-501 b,,4.3,5.640677572,0.0627,799
960,TOI-892 b,301.9385,11.99363,10.62656,0.092,800
961,Kepler-1898 b,,0.93353523,4.765620232,0.05063,801
962,Kepler-1274 b,,1.42,6.98152703,0.08161,802
963,G 9-40 b,4.0,1.9,5.7459982,0.0418,803
964,K2-46 b,,2.05,19.1541,0.13821,804
965,K2-199 c,12.4,2.85,7.3744897,0.0662,805
966,TOI-2005 b,2034.1018048,11.99360935,17.305904,0.16,806
967,Kepler-1065 b,,3.73,3.609308907,0.0455,807
968,TOI-7394 B b,668.74,11.5,1.252995,0.01913,808
969,HD 112300 b,,12.2,466.63,1.33,809
970,TOI-5614 b,,3.21759316,4.17221328949,,810
971,Kepler-793 b,,1.37,4.24153639,0.0491,811
972,Kepler-307 c,3.64,2.2,13.0729,0.10896,812
973,Kepler-613 b,,2.29,15.77979614,0.1232,813
974,K2-138 g,4.32,3.013,41.96797,0.23109,814
975,HD 128311 b,,13.5,453.019,1.084,815
976,Kepler-20 b,9.7,1.773,3.6961049,0.04565,816
977,Kepler-1634 b,,3.19,374.876239,1.0525,817
978,MOA-2020-BLG-108L b,3391.22910269,12.4,,3.69,818
979,HD 715 b,201.821038445,11.99360935,56.4,0.336,819
980,Kepler-445 d,,1.25,8.15275,0.0439,820
981,Kepler-1701 b,,2.22186207,169.134,0.5738,821
982,Kepler-1835 b,,3.53387773,11.96409988,0.0997,822
983,Kepler-1024 b,,3.91,66.4162133,0.3033,823
984,Kepler-1545 b,,2.7,163.692349,0.5442,824
985,Kepler-1774 b,,3.18179549,59.77080154,0.29496,825
986,KOBE-1 b,,2.91,8.5399,0.07006,826
987,Kepler-1852 b,,1.88610592,7.970940113,0.0762,827
988,Kepler-1196 b,,2.23,66.1849031,0.3179,828
989,TOI-1221 b,1112.3994245,2.91,91.68278,0.387,829
990,Kepler-324 c,6.2,3.15,51.805612,0.26,830
991,Kepler-1122 b,,2.04,42.1917357,0.2315,831
992,Kepler-1826 b,,1.47519116,1.615360022,0.0213,832
993,HD 134606 c,,3.37,58.883,0.3007,833
994,TIC 150070085 b,,3.62,10.47423,,834
995,HIP 75092 b,,13.5,926.4,2.02,835
996,Kepler-828 b,,1.51,0.567857136,0.01228,836
997,HD 5278 b,7.8,2.45,14.339156,0.1202,837
998,Kepler-1157 b,,1.09,4.45743164,0.0448,838
999,Kepler-1610 b,,1.61,8.70181574,0.0777,839
1000,Kepler-1245 c,,1.44,2.936584681,0.0372,42
1001,Kepler-297 d,,32.6,150.0189511,0.523,840
1002,Kepler-431 b,,0.764,6.803,0.0719,467
1003,DMPP-4 b,,3.53,3.4982,0.04853,841
1004,Kepler-184 d,,2.49,29.022358,0.179,842
1005,Kepler-1140 b,,2.77,24.0862707,0.1478,843
1006,TOI-1799 b,4.0,1.642,7.094570865,0.072502,844
1007,Kepler-1696 b,,2.80982017,65.9409,0.3244,845
1008,Kepler-928 b,,1.59,3.932461302,0.0444,846
1009,Kepler-153 c,,2.53,46.90232,0.237,847
1010,HD 73256 c,5085.254512,12.2,2690.0,3.8,848
1011,HD 175541 b,,14.1,298.43,0.975,849
1012,HD 219134 g,,3.28,94.2,0.3753,741
1013,Kepler-708 b,,2.93,3.167891938,0.0426,850
1014,WASP-54 b,187.5197,17.71022,3.69364,0.04988,851
1015,K2-250 b,,2.71257333,4.01392,0.04606,852
1016,K2-223 b,2.8,0.79,0.505608,0.0135,853
1017,K2-223 c,4.2,1.41,4.56395,0.0584,853
1018,Kepler-1325 b,,2.86,33.8786838,0.2004,854
1019,Kepler-703 b,,8.2,4.583521756,0.0535,855
1020,TOI-1533 c,36.6,7.5,8.0637926,0.076,856
1021,Kepler-957 b,,5.5,5.907413537,0.0559,857
1022,TOI-3856 b,171.62733978,13.59649359,2.04360352,0.0325,858
1023,Kepler-1740 b,,3.32321414,8.172400475,0.0779,859
1024,Kepler-176 d,1.72,2.51,25.751974,0.163,860
1025,K2-150 b,,2.0,10.59357,0.0727,861
1026,Kepler-307 b,7.44,2.43,10.4208,0.09359,812
1027,Kepler-755 c,,1.26,2.853133644,0.037,862
1028,Kepler-607 c,,2.76001201,39.67679977,0.21507,863
1029,TOI-540 b,,0.903,1.2391491,0.01223,864
1030,K2-320 b,,2.62,1.995,0.0142,865
1031,Kepler-1523 b,,1.58,0.93875077,0.01867,866
1032,GJ 463 b,1080.6165838,13.1,3459.0,3.53,867
1033,Kepler-62 c,4.0,0.54,12.4417,0.0929,140
1034,HD 222582 b,,12.6,572.38,1.34,868
1035,Kepler-210 c,,3.62,7.972513,0.07,869
1036,Kepler-1551 b,,2.66,24.4973698,0.1772,870
1037,TIC 188624430 b,,3.64811843,6.21860433132,,871
1038,Kepler-1174 b,,1.59,6.89225223,0.0732,872
1039,Kepler-269 c,,1.69,8.127899,0.081,873
1040,Kepler-607 b,,0.87,0.638163204,0.0137,863
1041,Kepler-1981 b,,9.23,453.54212,1.3292,874
1042,TOI-6041 c,,10.5,88.0,0.3721,875
1043,HD 109833 c,,2.59,13.900148,,876
1044,Kepler-1082 b,,1.12,1.543206604,0.02571,877
1045,Kepler-431 d,,1.11,11.922,0.1045,467
1046,WASP-170 b,508.528,12.285064,2.34478022,0.0337,878
1047,K2-74 b,,2.31,19.5666,0.1402,879
1048,Kepler-372 d,,1.69,30.092568,0.201,880
1049,HD 25723 b,,13.3,457.01,1.49,881
1050,TOI-7155 b,,2.40821473,3.89489711981,,882
1051,Kepler-84 b,40.0,2.23,8.726,0.0827,883
1052,TOI-3353.01,,2.6667555,4.6657965,0.060118218,884
1053,HD 278555 b,266.97586188,11.02963701,28.842438,0.1985,885
1054,Kepler-1555 b,,1.61,8.10501635,0.0805,886
1055,Kepler-1725 b,,2.8125177,16.71990013,0.13263,887
1056,TOI-2104 b,,1.52898127,5.904370457,,888
1057,Kepler-120 b,8.5,2.15,6.312501,0.055,889
1058,Kepler-627 b,,3.73,40.6994443,0.22661,890
1059,Kepler-1326 b,,4.18,42.3514267,0.2743,891
1060,TOI-1184 b,6.8,2.39,5.748433803,0.056027,892
1061,G 192-15 b,,1.02,2.27476,0.01723,893
1062,HATS-61 b,1080.622,13.394755,7.817953,0.07908,894
1063,Kepler-684 b,,3.36,6.770302008,0.064,895
1064,WASP-159 b,174.8065,15.46842,3.840401,0.0538,896
1065,K2-26 b,,2.67,14.5665,0.0962,897
1066,TIC 9344899 b,6170.0,9.16,8.5821566,0.0815,898
1067,WASP-194 b,373.130549818,15.47960235,3.183387,0.047,899
1068,Kepler-1956 b,,1.08940238,5.943719864,0.0563,900
1069,K2-335 b,,2.21,12.283211,,901
1070,Kepler-352 c,,1.24,16.332995,0.118,902
1071,Kepler-1175 b,,2.99,37.94563,0.2181,903
1072,HIP 67522 c,22.0,7.93595834,14.334892,0.1228,904
1073,HD 148797 b,39.3,8.25,42.0988331,0.2568,905
1074,HD 148797 c,39.6,8.3618996,68.1514539,0.3536,905
1075,TOI-2427 c,,2.43,5.15,0.05,906
1076,TOI-2453 b,,3.24380341,4.44143463188,,907
1077,TOI-3523 A b,435.42491759,15.9727975,2.30458952,0.03559,908
1078,Kepler-1586 b,,1.52,15.6049212,0.12208,909
1079,TOI-1062 c,,3.1,7.972,0.08,197
1080,Kepler-30 b,11.3,3.9,29.33434,0.18,910
1081,Kepler-1285 b,,0.97,14.7967458,0.12758,911
1082,TOI-1230.01,,2.38627705,25.05734661842,,912
1083,Kepler-416 b,58.2,2.48,6.319,0.0674,913
1084,Kepler-416 c,,2.352,12.209,0.10454,913
1085,KOI-142 c,214.1,14.0,22.26492,0.154121003,914
1086,HD 114082 b,508.5254512,11.72459381,225.5504,0.791,915
1087,Kepler-103 c,58.47,5.4539,179.60978,0.6679,210
1088,Kepler-433 b,896.24,16.25,5.33408384,0.0679,916
1089,CoRoT-8 b,69.92,6.39,6.21229,0.063,917
1090,Kepler-361 c,,2.52,55.188023,0.3,918
1091,TOI-5728 b,,1.31,11.49761,,919
1092,Kepler-568 b,,2.26,11.02347475,0.0794,920
1093,Kepler-1923 b,,1.95958179,52.60969925,0.2846,921
1094,Kepler-1208 b,,2.32,11.08507637,0.0901,922
1095,Kepler-406 c,2.71,0.85,4.62332,0.05531,923
1096,Kepler-1910 b,,1.184,5.688769817,0.0536,924
1097,Kepler-1655 b,5.4,2.213,11.8728787,0.1029,925
1098,HD 191939 g,,3.74,284.0,0.812,926
1099,HD 87816 c,,12.4,7596.0,10.14,927
1100,Kepler-185 c,,2.02,20.729042,0.139,928
1101,TOI-707 b,,2.416,52.79918,0.275,929
1102,WASP-7 b,305.1168,14.90797,4.9546416,0.0617,930
1103,Kepler-738 b,,2.5,24.58721573,0.1552,931
1104,Kepler-725 c,9.7,3.08,207.541,0.6744,932
1105,Kepler-658 b,,1.63,1.287076762,0.0188,933
1106,HD 235088 b,4.15,1.982,7.4341325,0.0706,934
1107,Kepler-93 b,4.66,1.478,4.72673978,0.05343,935
1108,Kepler-596 b,,3.46,21.30022655,0.15161,936
1109,K2-174 b,,2.6,19.562307,0.126,937
1110,TOI-2154 b,292.40213444,16.28664896,3.8240801,0.0513,938
1111,Kepler-1357 b,,1.28,3.0091324,0.041,939
1112,Kepler-1807 b,,2.70393215,10.86060047,0.0988,940
1113,GJ 3378 b,,1.32,21.45,0.09673,941
1114,Kepler-256 b,,1.59,1.620493,0.027,942
1115,NGTS-31 b,355.96781584,18.04645893,4.162734,0.064,943
1116,HIP 67522 b,13.8,9.9872018,6.9594731,0.0748,904
1117,TOI-2427 b,5.69,1.64,1.305962,0.0202,906
1118,Kepler-574 b,,2.39,7.65880414,0.0723,944
1119,Kepler-1062 b,,1.76,9.30412078,0.0748,945
1120,HD 28185 c,1906.970442,12.8,9090.0,8.5,946
1121,TOI-1836 c,8.0,2.59987579,1.7727471,0.03089,626
1122,Kepler-414 b,3.5,1.71,4.7,0.0543,947
1123,Kepler-411 d,15.2,3.319,58.02035,0.279,948
1124,Kepler-247 c,,4.09,9.439452,0.084,568
1125,Kepler-725 b,521.76244,10.8,39.64372,0.2238,932
1126,K2-317 b,,2.93,6.22,0.0542,949
1127,Kepler-1375 b,,1.74,3.3004192,0.0471,950
1128,TOI-6478 b,,4.6,34.005019,0.1136,951
1129,Kepler-1338 b,,0.92,0.935118057,0.01937,952
1130,WASP-59 b,274.276,8.687,7.919585,0.0697,953
1131,K2-63 c,,3.9,25.4556,0.189,954
1132,KOI-4978 b,,0.7,0.941967,,955
1133,Kepler-1539 b,,2.7,133.3036741,0.4765,956
1134,Kepler-614 b,,2.39,14.03491514,0.1027,957
1135,Kepler-257 c,,5.41,6.581484,0.066,958
1136,TOI-5398 b,58.7,10.3,10.590547,0.098,959
1137,TOI-1820 b,731.0053361,12.778238,4.860674,0.061,960
1138,Kepler-1220 b,,1.52,7.42693741,0.0734,961
1139,TOI-938 b,,4.82401567,8.80733882211,,962
1140,Kepler-192 d,,1.02,6.47027579,0.0686,963
1141,Kepler-825 b,,1.53,3.77360059,0.0453,760
1142,Kepler-1414 b,,1.23,3.51576315,0.0426,964
1143,HD 86950 b,,13.0,1270.0,2.72,965
1144,Kepler-1150 b,,1.02,2.787868386,0.0382,966
1145,Kepler-1765 b,,2.49508857,10.41889954,0.0917,967
1146,Kepler-831 b,,1.27,5.62153941,0.05984,968
1147,K2-257 b,,0.83,1.60588,0.0216,969
1148,Kepler-27 d,,2.7061946,6.546289921,0.06578,970
1149,HIP 29442 d,5.14,1.538,6.429575,0.0673,971
1150,Kepler-196 b,,1.9,20.739886,0.138,972
1151,Kepler-806 b,,1.14,8.09219642,0.07684,973
1152,Kepler-1854 b,,2.58746104,39.83110046,0.20894,974
1153,TOI-5624 b,9.4,2.314,3.3903473,0.04201,203
1154,Kepler-739 b,,3.32,12.53248465,0.1054,975
1155,HD 204313 b,1466.778098305,12.9,2041.11539,3.185,976
1156,Kepler-129 d,,12.6,2646.0,4.0,977
1157,Kepler-389 c,,1.46,14.51143,0.11,978
1158,K2-158 c,,1.28,5.90279,0.0622,979
1159,Kepler-864 c,,1.62,2.42150341,0.0382,980
1160,TOI-5800 b,9.5,2.46,2.6278838,0.0344,981
1161,TOI-2803 A b,309.882696825,18.11371281,1.96229325,0.03185,982
1162,Kepler-1462 b,,3.82,65.6488341,0.3094,983
1163,HD 191939 b,10.0,3.41,8.8803256,0.0804,926
1164,HD 212771 b,,13.3,380.7,1.19,984
1165,Kepler-1695 b,,1.11948901,4.7329,0.0529,985
1166,TOI-1782.02,,1.839,1.829024227,0.025739,986
1167,WASP-119 b,390.9309,15.6926,2.49979,0.0363,987
1168,Kepler-893 b,,3.03,6.33855761,0.0699,988
1169,Kepler-1487 c,,7.97,35.8007112,0.2588,989
1170,KOI-7913 b,,2.34,24.278553,0.1456,990
1171,TOI-1472 c,21.13,3.334,15.5381747,0.116,991
1172,Kepler-1239 b,,2.9,5.19104016,0.0625,992
1173,Kepler-1902 b,,1.17563613,3.822220087,0.0385,993
1174,Kepler-297 b,48.5,2.87,38.871826,0.217,840
1175,Kepler-351 d,,2.72,142.544247,0.5177,994
1176,TOI-2227 b,,3.09885187,4.22175815648,,995
1177,K2-136 d,3.0,1.565,25.575,0.1538,172
1178,Kepler-789 b,,2.12,8.63847725,0.0951,996
1179,K2-279 b,,1.21,7.122605,0.067,997
1180,nu Oph c,7838.32346,12.0,3180.6,5.829,998
1181,KOI-1599.02,9.0,1.9,13.6088,0.112293,999
1182,TOI-261.02,,3.34822227,13.03935862135,,1000
1183,HD 109833 b,,2.888,9.188526,,876
1184,HIP 71135 b,,4.55,87.19,0.335,1001
1185,TOI-262 b,,2.07,11.14529,0.163,1002
1186,K2-147 b,,1.47286006,0.961939,0.01575,1003
1187,Kepler-11 d,7.3,3.12,22.6845,0.155,1004
1188,K2-131 b,7.9,1.69,0.3693038,0.00936,1005
1189,Kepler-218 d,,2.66,124.5244647,0.49884,153
1190,TOI-6054.01,12.5,2.64,7.501428,0.0763,1006
1191,Kepler-1937 b,,3.0229133,9.688599586,0.0915,1007
1192,TOI-2040 b,248.223985867,10.32347122,3.8608576,0.0473,1008
1193,HAT-P-56 b,734.1873,16.92559,2.79083,0.0423,1009
1194,HD 8574 b,,13.4,227.0,0.76,1010
1195,HATS-71 b,117.5971,11.478016,3.7955202,0.03745,1011
1196,K2-341 b,,3.21,36.552551,,1012
1197,GJ 1061 b,1.11,1.04,3.2073,0.021,461
1198,Kepler-102 b,1.1,0.46,5.286965,0.05521,1013
1199,Kepler-731 b,,13.88,3.855603551,0.0505,1014
1200,K2-194 b,,3.64229858,39.721386,,1015
1201,Kepler-915 b,,1.5,4.59489604,0.05655,1016
1202,TIC 241249530 b,1582.78546686,13.29385111,165.7719,0.641,1017
1203,TOI-5795 b,23.66,5.62,6.1406325,0.064,1018
1204,K2-196 b,,3.59970536,48.324222,,1019
1205,Kepler-1315 b,,1.38,0.84338011,0.01617,1020
1206,Kepler-93 c,954.0,,1460.0,,935
1207,TOI-5599 b,,7.1888212,5.43691503941,,1021
1208,Kepler-1912 b,,1.35670508,6.059219837,0.06489,1022
1209,TOI-1260 c,13.2,2.76,7.493134,0.0657,1023
1210,Kepler-306 e,,2.27,44.840975,0.227,1024
1211,K2-396 b,,1.579,0.673862,,226
1212,HD 10442 b,,13.6,1032.3,2.01,1025
1213,Kepler-198 c,,2.47,49.567416,0.259,177
1214,Kepler-129 b,,2.4,15.79,0.13,977
1215,Kepler-1549 b,,2.57,214.886545,0.6687,1026
1216,HD 8326 b,,9.58,158.991,0.533,1027
1217,Kepler-1800 b,,0.99679734,4.562029839,0.05098,1028
1218,TOI-1742 b,9.7,2.36507598,21.269084,0.154,1029
1219,BD+45 564 b,,13.6,307.88,0.83,1030
1220,HD 11343 c,,13.9,228.53731,0.923,1031
1221,TOI-2295 b,278.099856125,16.47720163,30.033302,0.1992,1032
1222,Kepler-656 c,,1.41,5.25449393,0.0602,1033
1223,Kepler-1941 b,,2.64976949,31.33510017,0.2054,1034
1224,Kepler-1311 d,,9.65837605,197.5110016,0.68434,728
1225,Kepler-1316 b,,3.54,87.9732136,0.39765,1035
1226,TOI-6954 b,,3.63524486,4.02074127419,,1036
1227,DS Tuc A b,413.179,5.7,8.138268,,1037
1228,TOI-128.01,,2.21898,4.9404681,0.05381019,1038
1229,TOI-2977 b,533.95172376,13.15934334,2.3505614,0.03386,1039
1230,TOI-261.01,,3.0449863,3.3639254,0.034792189,1000
1231,TOI-209 b,,2.3947209,4.37943587445,,1040
1232,Kepler-256 d,,2.48,5.839172,0.064,942
1233,K2-90 c,,1.3,2.900706,0.035,1041
1234,HD 11506 d,4068.2036096,12.3,26500.0,18.2,1042
1235,Kepler-1118 b,,2.74,38.6715075,0.2079,1043
1236,K2-247 c,,2.19,6.49424,0.0615,1044
1237,K2-322 b,,1.92,8.205,0.0594,1045
1238,HD 141004 b,,3.77,15.5083,0.1238,1046
1239,Kepler-168 c,,2.69,13.193242,0.116,1047
1240,Kepler-419 b,794.5,10.8,69.7546,0.37,453
1241,TOI-4153 b,365.50266805,16.11851425,4.6174141,0.06311,1048
1242,TOI-1422 c,14.0,2.61,34.5633,0.205,1049
1243,TOI-4155 b,,3.21,3.320729,,1050
1244,GJ 9689 b,,3.07,18.27,0.1139,1051
1245,Kepler-169 d,,1.25,8.348125,0.075,1052
1246,Kepler-191 d,,2.28,5.945041017,0.06104,1053
1247,K2-8 b,,3.58,10.35239,0.0856,1054
1248,HATS-33 b,378.85336,13.78707,2.5495551,0.03727,1055
1249,Kepler-1464 b,,1.66,31.7785901,0.20066,1056
1250,Kepler-805 b,,2.89,30.8638931,0.19852,1057
1251,17 Sco b,,12.9,578.38,1.45,1058
1252,Kepler-264 c,,2.83,140.101261,0.566,1059
1253,HR 858 b,3.55,2.004,3.585287,0.04888,1060
1254,Kepler-941 b,,3.08,17.42395198,0.1311,1061
1255,Kepler-1832 b,,1.22719556,3.138789892,0.037,1062
1256,TOI-833 b,,1.27,1.0418777,0.0171,1063
1257,HD 38283 b,,14.0,363.20001,1.02,1064
1258,Kepler-341 b,,1.18,5.195528,0.06,1065
1259,TIC 153919886 b,,2.70601108,2.10510492329,,1066
1260,Kepler-1669 b,,2.78043818,9.51216,0.0745,1067
1261,Kepler-295 c,,1.17,21.526258,0.142,1068
1262,NN Ser c,2329.6,12.6,6987.0,5.35,1069
1263,Kepler-1802 b,,1.671,15.45020008,0.0662,1070
1264,TOI-6008 b,4.0,1.03,0.8574347,0.010777,1071
1265,Kepler-1437 b,,1.37,10.9295461,0.0951,1072
1266,Kepler-330 b,,1.35,8.25978,0.075,1073
1267,Kepler-100 c,7.05,2.2,12.8159,0.11061,1074
1268,K2-377 b,,1.693,12.832235,,1075
1269,Kepler-554 b,,4.29,1.902208556,0.03022,1076
1270,Kepler-208 e,,1.48,16.259458,0.132,1077
1271,Kepler-1287 b,,1.54,11.47685909,0.0976,1078
1272,Kepler-646 b,,1.99,15.87364565,0.11251,1079
1273,Kepler-1880 b,,2.11686218,6.309219837,0.054,1080
1274,Kepler-587 b,,2.23,10.94027841,0.0952,1081
1275,EPIC 201238110 b,,1.87,28.1656,,1082
1276,K2-240 c,,1.8,20.523,0.1159,1083
1277,Kepler-1495 b,,2.94,85.273256,0.3677,1084
1278,Kepler-508 b,,1.64,25.30889748,0.17274,1085
1279,HD 191939 f,,13.2,2898.0,3.71,926
1280,HN Peg b,6991.57,11.7768,,773.0,1086
1281,K2-413 b,,0.7599,0.8094,0.0117,1087
1282,KOI-351 h,203.0,11.252,331.60296,0.97062,496
1283,HD 60779 c,,5.79,104.79,,1088
1284,K2-19 c,11.0,4.1,11.906,0.0982,1089
1285,TOI-3160 A b,378.21580433,13.7646283,3.971281,0.0505,1090
1286,Kepler-1333 b,,2.81,109.6471842,0.4382,1091
1287,Kepler-1715 b,,4.14042267,35.59730148,0.22429,1092
1288,Kepler-1885 b,,1.51110555,2.522559881,0.036,1093
1289,TOI-1803 c,8.0,4.29,12.885779,0.097,1094
1290,Kepler-1116 b,,2.54,41.6977827,0.233,1095
1291,Kepler-232 b,,3.08,4.431222,0.054,591
1292,HD 141399 d,,13.7,1069.8,2.09,628
1293,HIP 57274 b,3359.44626199,,8.1352,0.07,1096
1294,Kepler-398 d,,0.88,6.83437001,0.0618,243
1295,HD 158259 b,,1.28228,2.178,,1097
1296,Kepler-577 b,,2.55,25.69578251,0.1348,1098
1297,Kepler-953 b,,4.21,88.40655258,0.392,1099
1298,HD 124330 b,,14.0,270.66,0.86,1100
1299,Kepler-1966 b,,1.10479327,8.617429733,0.0763,1101
1300,Kepler-212 c,,2.74,31.805174,0.207,1102
1301,HD 238914 b,,12.8,4100.0,5.7,1103
1302,Kepler-44 b,317.82,12.22,3.2467293,0.0446,1104
1303,Kepler-158 b,,2.12,16.709184,0.111,1105
1304,Kepler-1080 b,,3.28,77.2548396,0.3781,1106
1305,Kepler-1228 b,,1.54,0.577369579,0.01186,1107
1306,TOI-5786 b,73.0,8.54,12.779107,0.114,1108
1307,Kepler-1850 b,,0.72909663,1.385800004,0.0206,1109
1308,75 Cet c,,13.9,2051.62,3.929,1110
1309,TOI-2345 b,3.49,1.504,1.0528573,0.01705,1111
1310,DMPP-1 e,,1.86,5.516,0.0651,1112
1311,Kepler-548 b,,11.99,4.454194338,0.0495,1113
1312,Kepler-260 c,,1.74,76.050178,0.332,1114
1313,Kepler-1460 b,,1.96,29.9633247,0.1614,1115
1314,HD 133131 B b,,13.3,5769.0,6.15,1116
1315,HD 158259 d,,2.18,5.1980814,,1097
1316,WASP-138 b,387.7526,12.21781,3.634433,0.0494,1117
1317,TOI-5181 A b,330.54154328,13.34989601,3.8922295,0.0522,1118
1318,Kepler-599 b,,2.84,15.65562652,0.1128,1119
1319,Kepler-158 d,,0.43,0.645088,,1105
1320,Kepler-575 b,,2.39,9.37891944,0.0788,1120
1321,EPIC 246851721 b,953.49,11.780659,6.180235,0.07229,1121
1322,HD 1461 b,,2.42,5.77152,0.0634,1122
1323,Gl 725 A b,,1.48,11.2201,0.068,1123
1324,Kepler-1218 b,,1.44,22.9221266,0.15698,1124
1325,Kepler-1891 b,,1.52139156,4.02229023,0.0473,1125
1326,Kepler-782 b,,3.21,158.6853308,0.54494,1126
1327,Kepler-330 c,,1.95,15.955387,0.116,1073
1328,Kepler-987 b,,3.26,105.3033148,0.4238,1127
1329,Kepler-385 d,,2.6186448,56.4159,0.2872,1128
1330,Kepler-115 c,,2.6,8.990889,0.087,611
1331,TOI-2120 b,6.8,2.122,5.7998164,0.0377,1129
1332,K2-395 b,,2.597,4.803352,,1130
1333,KOI-1833 d,11.02,2.58,7.685,0.0634,1131
1334,Kepler-734 b,,3.56,6.104852856,0.0583,1132
1335,HD 104067 c,,3.69,13.8992,0.1058,1133
1336,Kepler-514 b,,1.72,5.65179605,0.06559,1134
1337,Kepler-1456 b,,1.14,18.1373829,0.1132,1135
1338,TOI-1411 b,2.0,1.19880592,1.4520527,0.02122,1136
1339,Kepler-1614 b,,1.49,3.9466141,0.0471,1137
1340,CoRoT-20 b,1366.669,9.41556,9.24285,0.09,1138
1341,K2-187 d,,2.4,7.149584,0.072,1139
1342,HD 44219 b,184.34047606,14.1,472.0,1.26,1140
1343,Kepler-142 c,,2.86,4.761702,0.057,663
1344,HD 72659 b,949.671280116,13.2,3549.0,4.607,1141
1345,Kepler-652 b,,2.49,4.182002531,0.04958,1142
1346,TOI-332 b,57.2,3.2,0.777038,0.0159,1143
1347,K2-62 b,,2.02,6.67199,0.0636,1144
1348,K2-380 b,,2.729,9.401312,,1145
1349,Kepler-785 b,,13.02,1.973760926,0.025,1146
1350,K2-224 b,,1.56,4.47904,0.0516,1147
1351,Kepler-1066 b,,2.36,1.931559839,0.0298,1148
1352,Kepler-1315 c,,1.84398883,6.566060066,0.0635,1020
1353,TOI-375 d,,13.6,297.9,0.984,708
1354,KIC 9663113 b,,4.6,572.3847,1.55346,575
1355,NGTS-12 b,66.10864,11.747032,7.532806,0.0757,1149
1356,Kepler-1240 b,,1.15,4.8663815,0.05791,1150
1357,KIC 7917485 b,,12.4,840.0,,1151
1358,HD 26161 b,9045.39646322,11.9,10942.29013,10.087,1152
1359,Kepler-1323 b,,1.52,0.929906678,0.01911,1153
1360,TOI-2379 b,1830.69162432,11.72459381,5.4693827,0.05263,1154
1361,Kepler-657 b,,3.52,24.54350418,0.17337,1155
1362,K2-198 c,,1.423,3.3596055,,1156
1363,HD 170469 b,,14.1,1145.0,2.24,1157
1364,Kepler-139 d,2.0,1.695,7.305699922,0.0755533961,1158
1365,Kepler-1639 b,,2.58,9.878482,0.0932,1159
1366,TOI-2580 b,200.23189641,17.37392009,3.39775,0.048,1160
1367,Kepler-1000 b,,4.76,120.0181272,0.5326,1161
1368,TOI-2088 b,37.0,3.6831179,124.72997,0.472,1162
1369,HIP 98599 b,2177.12458795,12.7,2656.0,3.96,1163
1370,K2-154 b,,1.99,3.67626,0.0405,1164
1371,Kepler-240 b,,1.37,4.144495,0.048,1165
1372,HIP 38594 c,,7.94,3477.768,3.805,1166
1373,Kepler-145 c,79.4,4.32,42.882,0.26244,1167
1374,Kepler-144 b,,1.33,5.885273,0.066,465
1375,TOI-1846 b,,1.792,3.9306737,0.03646,1168
1376,Kepler-1957 b,,0.94374867,2.186619997,0.0299,1169
1377,Kepler-219 b,,2.95,4.585512,0.057,1170
1378,TIC 365102760 b,19.2,6.21,4.21285367,0.0622,1171
1379,Kepler-1153 b,,1.73,1.755835327,0.0277,1172
1380,Kepler-327 b,,1.11,2.549575,0.029,1173
1381,K2-72 b,,1.08,5.577212,0.04,1174
1382,TOI-5126 c,,3.86,17.8999,0.1439,1175
1383,Kepler-405 b,,2.08,10.613839,0.095,1176
1384,Kepler-451 d,,13.5,43.0,,1177
1385,Kepler-1421 b,,0.93,6.9131112,0.07576,1178
1386,K2-332 b,,2.2,17.70632,,1179
1387,Kepler-1288 b,,1.12,2.76122421,0.04135,1180
1388,GJ 1151 c,,3.25,389.7,0.5714,1181
1389,Kepler-80 c,6.74,2.74,9.52355,0.0792,1182
1390,Kepler-925 b,,2.34,33.8678531,0.1805,1183
1391,Kepler-194 d,,2.4,52.814973,0.275,1184
1392,Kepler-945 b,,2.63,31.0033814,0.2037,1185
1393,HD 156846 b,,12.4,359.51001,1.12,1186
1394,Kepler-1878 b,,2.92019781,4.445879936,0.0521,1187
1395,Kepler-1447 b,,2.9,56.6747285,0.2836,1188
1396,Kepler-1805 b,,1.54502915,8.847940445,0.0699,1189
1397,HD 158259 f,,2.35,12.028,,1097
1398,Kepler-370 b,,1.59,4.57953,0.054,1190
1399,Kepler-956 b,,3.0,5.248672631,0.06017,1191
1400,HD 63433 b,21.755,2.14,7.1079475,0.072,1192
1401,Kepler-1142 b,,1.47,18.3027248,0.1343,1193
1402,Kepler-853 b,,1.69,7.16892463,0.079,1194
1403,Kepler-451 c,,13.5,1460.0,,1177
1404,WISPIT 1 b,3305.4154328,12.4,,338.0,1195
1405,TOI-2529 b,743.71847238,11.54525012,64.5949,0.327,1196
1406,KOI-1599.01,4.6,1.9,20.4415,0.14728,999
1407,Kepler-1759 b,,0.9037791,3.720230103,0.0429,1197
1408,Kepler-1215 b,,1.22,4.76703963,0.0528,1198
1409,Kepler-1733 b,,3.63582354,9.229579926,0.0933,1199
1410,Kepler-357 c,,2.67,16.85837,0.12,1200
1411,Kepler-194 c,,2.59,17.308032,0.131,1184
1412,Kepler-1056 b,,3.01,27.495606,0.1629,1201
1413,Kepler-1424 b,,1.16,29.6091744,0.19068,1202
1414,Kepler-1642 c,,2.66,6.6513802,0.0678,1203
1415,HD 164595 b,,4.16,40.0,0.23,1204
1416,K2-24 c,16.4,7.93,42.34732,0.262,1205
1417,Kepler-235 d,,2.05,20.060548,0.122,491
1418,HD 97037 b,6707.768529735,12.1,6449.08337,6.925,1206
1419,Kepler-776 b,,1.28,4.89718784,0.0523,1207
1420,K2-352 b,,1.37,3.665912,,1208
1421,TOI-3288 b,536.176522609,12.24020692,1.4338647,0.02285,1209
1422,Kepler-1420 b,,1.28,6.69960006,0.0671,1210
1423,K2-333 b,,6.18,14.759287,,1211
1424,Kepler-79 e,3.8,3.53,81.0665,0.39445,779
1425,Kepler-20 d,13.4,2.606,77.611455,0.3474,816
1426,DMPP-1 c,,3.31,10.03,0.0973,1112
1427,Kepler-947 b,,2.28,26.9644317,0.1773,1212
1428,Kepler-689 b,,2.89,22.36656079,0.1449,1213
1429,NGC 2682 YBP 1194 b,,12.3,6.959,,1214
1430,HD 211970 b,,3.66,25.201,0.143,1215
1431,Kepler-336 c,,2.1,9.600001,0.092,1216
1432,Kepler-423 b,189.101,13.361,2.6843285,0.03585,1217
1433,2M0437 b,1271.313628,13.0,,118.0,1218
1434,Kepler-561 b,,6.96,58.3620495,0.29256,1219
1435,24 Boo b,,13.9,30.33,0.194,1220
1436,HD 74156 c,2753.983146655,12.5,2448.48726,3.678,1221
1437,Kepler-1365 c,,0.8,4.77468005,0.05701,214
1438,HD 20003 c,,3.89,33.9239,0.1964,1222
1439,Kepler-716 b,,2.9,10.37168453,0.08628,1223
1440,TOI-4562 b,732.0,12.53,225.1064,0.768,1224
1441,HD 134606 b,,2.97,12.089,0.1046,833
1442,K2-66 b,21.3,2.49,5.06963,0.05983,1225
1443,TIC 437041147 b,,2.21526814,3.82301421497,,1226
1444,Kepler-583 b,,2.28,6.5100253,0.0689,1227
1445,Kepler-1649 c,,1.06,19.53527,0.0649,1228
1446,WASP-57 b,204.68252,11.76945,2.83891856,0.03769,1229
1447,Kepler-381 d,,1.0667865,8.256299973,0.08364,1230
1448,TOI-1199 b,75.960989273,10.5140239,3.671463,0.04988,1231
1449,TOI-4961 b,572.0911326,12.34108775,7.479182,0.0726,1232
1450,Kepler-118 c,,7.68,20.17202,0.141,1233
1451,Kepler-278 b,56.0,3.955,30.1556,0.202,558
1452,K2-268 e,,1.33,6.131243,,1234
1453,Kepler-1254 d,,1.31,5.72717226,0.0575,1235
1454,HD 167768 b,,13.9,20.6532,0.1512,1236
1455,TOI-1036 b,,6.28499593,3.77952125496,,1237
1456,EPIC 212424622 b,,2.17,18.0983,,1238
1457,Kepler-1915 b,,3.21798413,13.83539963,0.114,1239
1458,Kepler-1734 b,,3.08851092,6.796850204,0.0714,1240
1459,Kepler-960 b,,2.29,3.12686223,0.03807,1241
1460,HD 208897 b,,13.7,358.27,1.063,1242
1461,Kepler-1386 b,,1.24,6.73972381,0.068,1243
1462,Kepler-1921 c,,1.41,3.15722086,0.0454,1244
1463,Kepler-1225 b,,1.82,7.01075434,0.0771,1245
1464,Kepler-1708 b,1462.0106722,9.96,737.1131,1.64,1246
1465,HD 96700 b,,2.93,8.1245,0.0777,1247
1466,Kepler-208 b,,1.63,4.22864,0.054,1077
1467,Kepler-1146 b,,1.23,2.352265797,0.0325,1248
1468,WASP-100 b,400.4658,14.90797,2.84938,0.04574,1249
1469,Kepler-1643 b,,2.32,5.342657,0.0531,1250
1470,Kepler-215 d,23.6,2.39,30.864423,0.185,1251
1471,EPIC 212737443 b,,2.586,13.603,0.098,487
1472,TOI-2169 A b,329.588058059,12.50922246,8.2148282,0.0896,1252
1473,K2-259 b,,2.32,15.48043,0.1271,1253
1474,TOI-5292 A b,412.859100693,12.64373023,2.02191,0.0279,1254
1475,Kepler-401 c,,2.15,47.318218,0.269,1255
1476,Kepler-888 b,,1.76,70.6979061,0.31481,1256
1477,Kepler-740 b,,4.57,3.584101216,0.0462,1257
1478,Kepler-1673 b,,2.9355194,33.7888,0.21363,1258
1479,Kepler-1322 c,,2.15492527,6.459980011,0.0652,1259
1480,Kepler-1211 b,,2.55,11.01816836,0.09763,1260
1481,HIP 78530 b,7300.0,12.0,,740.0,1261
1482,Kepler-48 f,,13.8,5219.681854,5.719187877,441
1483,Kepler-1750 b,,6.00434637,205.9120026,0.6785,1262
1484,TOI-4308 b,,2.4189,9.151201,,1263
1485,HD 18015 b,1048.8337431,13.1,2278.0,3.87,1264
1486,TOI-1798.02,5.6,1.464,0.437811822,0.010789,1265
1487,Kepler-24 b,11.14,2.348,8.14,0.08045,1266
1488,Kepler-1875 b,,3.22686692,34.45859909,0.2039,1267
1489,Kepler-1642 b,,3.2,12.2057513,0.1016,1203
1490,HD 33142 c,,13.9,810.2,1.955,1268
1491,Kepler-864 b,,2.4,5.83376092,0.0687,980
1492,HD 181720 b,,14.0,956.0,1.85,1269
1493,TOI-6677 b,,5.83507112,5.45060661625,,1270
1494,Kepler-1394 b,,1.39,3.93766373,0.05474,1271
1495,Kepler-1672 b,,2.97022762,150.878,0.55374,1272
1496,HD 331093 b,,13.6,621.62,1.44,1273
1497,Kepler-58 d,245.343,2.94,40.101371,0.236,1274
1498,Kepler-404 c,,1.72,14.751166,0.118,1275
1499,Kepler-1254 b,,1.55,9.99113313,0.0833,1235
1500,HD 37124 d,,14.0,1862.0,2.807,1276
1501,WASP-3 b,772.3269,15.91678,1.84683,0.0315,1277
1502,Kepler-1936 b,,3.16615594,126.5569992,0.52662,1278
1503,Kepler-1615 b,,2.06,47.3126192,0.2788,1279
1504,Kepler-327 d,,1.73,13.969457,0.09,1173
1505,Kepler-1301 b,,1.4,9.08237046,0.0815,1280
1506,Kepler-784 c,,1.55,17.157236,0.1309,747
1507,Kepler-1553 b,,1.15,4.24261881,0.0481,1281
1508,Kepler-1862 b,,2.203,16.05730057,0.1199,1282
1509,Kepler-990 b,,2.6,9.91723428,0.08595,1283
1510,Kepler-1537 b,,1.18,1.444453798,0.0245,1284
1511,HATS-28 b,213.58176,13.383546,3.1810781,0.04131,1285
1512,HR 858 d,7.1,2.001,11.230511,0.1046,1060
1513,TOI-2193 A b,298.75870258,19.83989584,2.1225735,0.03319,1286
1514,GJ 9773 b,,14.2,2965.0,2.921,1287
1515,Kepler-1785 b,,2.70422447,19.58550072,0.13917,1288
1516,Kepler-130 d,,1.64,87.517905,0.377,1289
1517,HD 13808 c,,3.13,53.753,0.2554,1290
1518,Kepler-340 b,,2.53,14.844387,0.134,1291
1519,HD 125271 b,3465.600949928,12.4,14901.99295,10.817,1292
1520,Kepler-1085 b,,7.22,219.3217528,0.73361,1293
1521,Kepler-1404 b,,2.01,15.9314739,0.1143,1294
1522,K2-99 c,,12.6,522.2,1.43,1295
1523,TOI-1728 b,26.78,5.05,3.49151,0.0391,1296
1524,HATS-74 A b,464.02947422,11.56766808,1.73185606,0.02384,1297
1525,Kepler-1207 b,,1.62,13.68237119,0.1156,1298
1526,Kepler-1636 b,,3.23,425.47785,1.12191,1299
1527,Kepler-1267 b,,3.01,13.0313945,0.1057,1300
1528,K2-73 c,,13.0,1000.0,,1301
1529,Kepler-1795 b,,1.66301611,13.36019993,0.1002,1302
1530,K2-285 b,9.68,2.59,3.471745,0.03817,1303
1531,WISPIT 1 c,1684.4905571,12.8,,840.0,1195
1532,TIC 349520724 b,,2.82626313,7.94044635021,,1304
1533,LP 714-47 b,28.38,4.25,4.052032,0.04056,1305
1534,Kepler-963 b,,2.66,9.97683705,0.0849,1306
1535,XO-2 S b,,10.9,18.22,0.1347,1307
1536,Kepler-1748 b,,2.71275017,5.823520184,0.0615,1308
1537,Kepler-336 d,,2.37,20.678772,0.154,1216
1538,Kepler-712 b,,3.41,21.02247699,0.13615,1309
1539,TOI-4364 b,,2.01,5.424019,0.04753,1310
1540,Kepler-247 b,,1.64,3.33616,0.042,568
1541,TOI-5628 A b,28.60455663,8.29464572,4.3416612,0.0368,1311
1542,EPIC 201427007 b,,1.5,0.72091,,1312
1543,TOI-2992 b,1058.36859531,13.75341932,3.007812,0.0434,1313
1544,K2-268 b,,1.5,2.151676,0.0308,1234
1545,Kepler-1096 b,,1.24,2.892217506,0.034,1314
1546,TOI-615 b,138.255357045,18.97680433,4.6615983,0.0678,1315
1547,HAT-P-28 b,198.953,13.585,3.257215,0.0434,1316
1548,Kepler-667 b,,4.73,41.43962808,0.2288,1317
1549,Kepler-557 b,,2.67,3.705989551,0.0469,1318
1550,EPIC 206024342 d,,2.6,14.647531,,1319
1551,rho CrB c,,5.68,102.036,0.4206,1320
1552,Kepler-483 b,,3.21,30.229104,0.19471,1321
1553,HD 73534 b,,13.7,1750.0,2.99,1322
1554,HD 35843 b,,2.29,9.8991,0.088,1323
1555,Kepler-116 b,,3.42,5.968734,0.069,1324
1556,HAT-P-62 b,241.867417727,12.02723629,2.6453235,0.03772,1325
1557,TOI-3896 b,,3.14949237,4.37730369667,,1326
1558,Kepler-443 b,,2.33,177.6693,0.495,1327
1559,TOI-4504 d,643.0,11.26,41.2871975,0.2219,1328
1560,HD 150010 b,,13.3,562.0,1.4,1329
1561,Kepler-552 b,,3.95,5.263415765,0.0612,1330
1562,TOI-2719 b,,5.98,3.37594,,1331
1563,HD 23596 b,3786.607640998,12.4,1535.11912,2.694,1332
1564,HATS-46 b,50.216888306,10.65974065,4.7423749,0.05272,1333
1565,TOI-426 b,6.7,2.19,1.32050258,0.02374,1334
1566,TOI-2084 b,,2.47,6.0784247,0.05006,1335
1567,TOI-2152 A b,899.45439181,14.35870428,3.3773512,0.05064,1336
1568,TOI-426 c,,13.6,235.8,0.747,1334
1569,K2-347 b,,2.41,7.187257,,1337
1570,Kepler-812 b,,3.55,10.11716531,0.1024,1338
1571,TOI-2266 b,,1.54,2.326318,0.02,1339
1572,Kepler-1187 b,,2.61,18.87064068,0.1401,1340
1573,Kepler-1547 b,,0.9,0.692979676,0.01556,1341
1574,Kepler-170 b,82.6,3.2,7.930592,0.08,1342
1575,GJ 15 A b,,1.55,11.4407,0.072,1343
1576,Kepler-100 b,4.01,1.34,6.88734,0.07309,1074
1577,Kepler-1258 b,,0.86,0.984940167,0.01824,1344
1578,NSVS 14256825 b,,12.3,3225.0,3.12,1345
1579,TOI-1266 b,4.46,2.52,10.8945,0.073,763
1580,Kepler-659 b,,2.5,17.671796,0.1204,1346
1581,GJ 27.1 b,,3.66,15.819,0.101,1347
1582,TOI-4495 c,23.2,4.03,5.18553,0.06323,1348
1583,Kepler-798 b,,2.39,13.71933369,0.1174,1349
1584,TOI-5082.01,,2.54811,4.240122,0.051204842,1350
1585,Kepler-364 c,,2.15,59.980627,0.312,1351
1586,TOI-1260 d,11.84,3.12,16.608164,0.1116,1023
1587,HD 50499 b,,13.5,2447.1,3.833,489
1588,HD 20794 f,,2.28,647.6,1.3541,1352
1589,Kepler-1595 b,,1.23,4.56380468,0.051,1353
1590,HD 99109 b,,14.3,439.29999,1.11,1354
1591,KOI-3503 b,9.2,1.19,21.185,0.14247,1355
1592,Kepler-526 b,,1.99,5.458498316,0.06518,1356
1593,HD 28109 c,9.2,4.13,55.99712,0.308,1357
1594,K2-11 b,,7.55,39.93767,0.2257,1358
1595,NGTS-26 b,92.805894844,14.88552637,4.5199279,0.049,1359
1596,KOI-319 b,3178.28407,10.67,46.14827,0.2668,228
1597,TOI-1743 b,,1.83,4.266046,0.03589,1360
1598,Kepler-1837 b,,2.06673842,5.906089783,0.065,1361
1599,Kepler-1986 b,,1.89,19.5489666,0.1307,1362
1600,Kepler-696 b,,6.14,4.190425575,0.0535,1363
1601,Kepler-189 c,22.7,2.38,20.134866,0.137,1364
1602,HD 105618 b,,5.44,10.02245,0.091,1365
1603,TOI-1301.01,,2.477,6.096407209,0.059866,1366
1604,Kepler-1497 b,,1.66,8.74199772,0.0817,1367
1605,EPIC 212624936 b,,1.2,0.578657,,1368
1606,Kepler-194 b,,1.51,2.092281,0.032,1184
1607,Kepler-661 b,,3.07,6.029301321,0.0585,1369
1608,Kepler-529 c,,2.0,12.8345022,0.1075,1370
1609,HAT-P-61 b,335.944626199,10.07687365,1.90231289,0.0301,1371
1610,TOI-2589 b,1112.3994245,12.10569916,61.6277,0.3,1372
1611,HD 95872 b,,13.0,4375.0,5.15,1373
1612,Kepler-1412 b,,0.83,3.6146051,0.04608,1374
1613,Kepler-760 c,,1.48,2.46697439,0.03489,1375
1614,2MASS J0249-0557 c,3616.88727166,17.37392009,,1950.0,1376
1615,TOI-4504 c,821.0,11.17,82.819093,0.3593,1328
1616,Kepler-1540 b,,2.49,125.4131177,0.4426,1377
1617,TIC 445839811 b,,2.47771211,11.1086260318,,1378
1618,Kepler-225 c,,1.84,18.794234,0.111,1379
1619,Kepler-180 b,,1.5,13.817124,0.109,1380
1620,HD 18438 b,,12.1,803.0,2.1,1381
1621,HD 154088 b,,2.46,18.56,0.134,1382
1622,HD 24064 b,,12.3,535.59998,1.29,1383
1623,Kepler-1349 b,,0.7,2.12823928,0.03421,1384
1624,HD 29399 b,,13.5,892.7,1.913,1385
1625,TOI-4511 b,,2.75304932,10.98090968596,,1386
1626,Kepler-411 e,10.8,3.28,31.509728,0.186,948
1627,eps Ind A b,2065.8846455,12.7,25450.0,15.76,1387
1628,Kepler-1306 b,,1.91,16.29595382,0.123,1388
1629,TOI-2200 b,,6.96310517,2.93602836512,,1389
1630,K2-285 c,15.68,3.53,7.138048,0.0824,1303
1631,Kepler-345 b,0.48,0.74,7.415563,0.066,1390
1632,Kepler-539 c,762.792,13.3,1000.0,2.42,1391
1633,HD 33844 b,,13.4,551.40002,1.6,1392
1634,GJ 317 c,,13.6,6500.0,5.04,1393
1635,Kepler-467 b,,2.25,24.99324193,0.16848,1394
1636,Kepler-964 b,,2.12,13.5225106,0.1073,1395
1637,TOI-1386 c,,10.3,232.0,0.75,1396
1638,HD 99706 c,,12.8,1278.0,,1397
1639,Kepler-1262 b,,1.82,8.67900242,0.083,1398
1640,BEBOP-3 b,,14.2,547.0,1.444,1399
1641,Kepler-1071 b,,2.38,6.1799844,0.0629,1400
1642,Kepler-1515 b,,9.55,214.3114164,0.75235,1401
1643,Kepler-1809 b,,1.513,3.7572999,0.04444,1402
1644,K2-242 b,,2.54,6.51389,0.0494,1403
1645,TIC 77319217 b,,3.10879526,7.54830765124,,1404
1646,Kepler-649 b,,2.26,29.90722674,0.17522,1405
1647,HAT-P-55 b,189.425730572,14.84069045,3.5852313,0.04628,1406
1648,Kepler-344 c,,2.95,125.596809,0.488,1407
1649,HIP 65891 b,1938.7532827,12.7,1089.6,2.82,1408
1650,GJ 4274 c,,2.83,69.57,0.186,1409
1651,Kepler-1111 b,,2.0,8.79617863,0.0872,1410
1652,Kepler-172 b,,2.35,2.940309,0.04,585
1653,K2-139 b,123.00021,9.11,28.380619,0.1796,1411
1654,HD 64121 b,,13.2,623.0,1.51,1412
1655,Kepler-902 b,,2.54,40.1099547,0.223,1413
1656,Kepler-894 b,,2.78,9.803224,0.0916,1414
1657,Kepler-1794 b,,1.79426276,9.762980461,0.0821,1415
1658,TOI-1064 b,13.5,2.587,6.443868,0.06152,1416
1659,Kepler-884 b,,1.23,5.69919514,0.06116,1417
1660,Kepler-1019 b,,1.46,1.411229847,0.0221,1418
1661,WASP-28 b,282.549453823,13.66374747,3.40883495,0.0442,1419
1662,GJ 3341 b,,2.46,14.207,0.089,1420
1663,TOI-4552 b,1.83,1.11,0.30110032,0.0056255,1421
1664,GJ 1289 b,,2.38,111.74,0.27,1422
1665,Kepler-555 b,,2.83,16.21775407,0.1201,1423
1666,Kepler-683 b,,1.97,2.539183179,0.0355,1424
1667,HATS-10 b,167.17858,10.861521,3.312846,0.04491,1425
1668,Kepler-1977 b,,1.66,4.53702121,0.0486,1426
1669,Kepler-715 b,,3.75,10.00652995,0.0933,1427
1670,TOI-1694 b,28.24,5.27,3.7701389,0.0445,1428
1671,Kepler-164 d,,2.45,28.986769,0.187,1429
1672,Kepler-786 b,,2.43,53.5293487,0.25483,1430
1673,TOI-3785 b,14.95,5.14,4.6747373,0.043,1431
1674,WASP-145 A b,282.8687,10.0881,1.7690381,0.0261,1432
1675,WASP-136 b,479.92089457,16.81347105,5.21536178778,0.0661,1433
1676,HATS-12 b,759.6137,7.76,3.142702,0.0441,1434
1677,HD 98736 b,,13.3,968.8,1.864,1435
1678,Kepler-1136 b,,1.64,2.361724329,0.0299,1436
1679,GJ 667 C f,,1.45,39.026,0.156,1437
1680,Kepler-635 b,,2.64,23.44971004,0.18332,1438
1681,TOI-1279 b,10.6,2.66146528,9.61419,0.085,1439
1682,Kepler-468 b,,13.34,38.478757067,0.2213,1440
1683,DE CVn b,,12.4,4098.1,5.75,1441
1684,TOI-682.01,,3.74186,6.8392388,,1442
1685,USco CTIO 108 b,4449.62,12.3,,670.0,1443
1686,Kepler-1496 b,,2.22,64.6588017,0.3211,1444
1687,HD 102272 b,,12.9,127.58,0.51,1445
1688,Kepler-366 c,,1.79,12.51616,0.11,1446
1689,KOI-2513.01,7310.053361,2.80224517,19.00547,0.5,1447
1690,Kepler-537 b,,1.41,3.247555219,0.04317,1448
1691,GJ 3323 b,,1.23,5.3636,0.03282,1449
1692,TOI-4495 b,7.7,2.483,2.56699,0.03957,1348
1693,Kepler-1761 b,,1.39109603,4.043540001,0.0413,1450
1694,NGTS-6 b,425.57437,14.863134,0.882059,0.01677,1451
1695,Kepler-920 c,,3.8,100.8274113,0.4029,1452
1696,Kepler-818 b,,5.11,10.035385814,0.0886,1453
1697,Kepler-139 c,13.0,3.38,157.072878,0.586,1158
1698,Kepler-959 b,,4.38,14.80074836,0.1633,1454
1699,BD-210397 c,1525.5763536,12.9,6240.0,5.9,1455
1700,Kepler-1436 b,,1.31,9.705716,0.0907,1456
1701,HU Aqr AB c,,12.9,4368.0,5.4,1457
1702,Kepler-1597 b,,1.06,2.94654179,0.04136,1458
1703,WASP-83 b,95.349,11.65736,4.971252,0.059,1459
1704,HD 116029 c,,13.7,907.0,,1460
1705,Kepler-282 e,56.2,3.1,44.347,0.23332,1461
1706,XO-2 S c,,13.6,120.059,0.4737,1307
1707,Kepler-850 b,,1.78,7.19303878,0.0744,1462
1708,Kepler-65 d,4.14,1.52,8.13123,0.084,26
1709,Kepler-1090 b,,2.25,198.680179,0.63323,1463
1710,TOI-715 b,,1.55,19.288004,0.083,1464
1711,GJ 393 b,,1.17,7.02679,0.05402,1465
1712,Kepler-1680 b,,1.35954736,8.77424,0.07642,1466
1713,Gaia-2 b,259.665808519,14.81827249,3.6915224,0.0467,1467
1714,WASP-124 b,190.698,13.89916,3.37265,0.0449,1468
1715,TOI-1439 b,38.5,4.2427861,27.644,0.192,1469
1716,GJ 1061 c,1.81,1.19,6.6821,0.0342,461
1717,K2-50 b,,1.59,8.7529,0.0705,1470
1718,Kepler-23 b,2.56,1.638,7.1,0.07212,1471
1719,Kepler-257 b,,2.61,2.382667,0.034,958
1720,TOI-1736 c,2800.0,12.5,571.25,1.37,1472
1721,Kepler-310 d,7.0,2.47,92.876125,0.392,1473
1722,WASP-192 b,731.009,13.78707,2.8786765,0.0408,1474
1723,Kepler-184 b,,2.36,10.687576,0.092,842
1724,Kepler-1744 b,,3.76754004,37.10110092,0.20945,1475
1725,Kepler-1107 b,,1.34,0.571038518,0.01285,1476
1726,Kepler-40 b,699.2,13.11,6.87349,0.08,1477
1727,TOI-908 b,16.137,3.186,3.183792,0.041657,1478
1728,Kepler-851 b,,1.68,8.50699658,0.0802,1479
1729,HD 99492 c,,4.42,95.233,,1480
1730,G 264-012 c,,1.76,8.0518,0.0525,1481
1731,Kepler-827 b,,5.63,51.92927591,0.2742,1482
1732,Kepler-228 c,,2.7,4.134444,0.052,1483
1733,K2-346 b,,2.26,26.201446,,1484
1734,Kepler-77 b,136.661,10.761,3.57878087,0.04501,1485
1735,Kepler-1509 b,,1.85,25.4338197,0.1707,1486
1736,GJ 581 b,20.5,4.79,5.3686,0.0399,1487
1737,K2-403 b,,5.333,33.589979,,1488
1738,HD 43691 b,,13.2,36.9987,0.238,1489
1739,Kepler-1574 b,,1.29,6.9424334,0.0743,1490
1740,Kepler-238 f,13.5,2.0,50.447,0.28635,599
1741,K2-253 b,,12.67,4.00167,0.0506,1491
1742,Kepler-1290 b,,1.42,4.69500134,0.0557,1492
1743,Kepler-68 d,267.0,13.9,632.62,1.469,734
1744,Kepler-218 b,,1.48,3.619337,0.046,153
1745,Kepler-645 b,,2.1,3.275822621,0.04541,1493
1746,TOI-1450 A b,1.258,1.13,2.0439274,,1494
1747,HD 206610 b,,13.4,673.2,1.74,1495
1748,Kepler-99 b,6.15,1.48,4.60358,0.05071,1496
1749,Kepler-1010 b,,2.32,34.2685705,0.193,1497
1750,Kepler-687 b,,3.52,20.50586978,0.1326,1498
1751,Kepler-1855 b,,1.216205,0.727330983,0.0115,1499
1752,UCAC4 328-061594 b,6674.396547,12.1,,19000.0,1500
1753,Kepler-1363 b,,1.25,2.94194094,0.0363,1501
1754,Kepler-296 b,,1.61,10.864384,0.079,581
1755,BD+48 738 b,,13.9,392.6,1.0,1502
1756,HR 8799 c,3000.0,13.0,69000.0,38.0,1503
1757,Kepler-1773 b,,3.50469499,40.80970001,0.24831,1504
1758,Kepler-989 b,,2.21,7.964315352,0.0734,1505
1759,Kepler-1508 b,,1.33,20.7056504,0.1629,1506
1760,TOI-7041 b,114.41822652,11.43316031,9.691,,1507
1761,K2-37 c,,2.41,6.42966,0.06534,1508
1762,2MASS J19383260+4603591 b,603.877,13.4,406.0,0.92,1177
1763,TOI-1260 b,8.56,2.41,3.127463,0.0367,1023
1764,HIP 39330 b,530.77343969,13.5,4650.0,5.05,1509
1765,Kepler-52 c,45.4,1.84,16.3850021,0.10379,1510
1766,Kepler-1637 b,,0.89,6.10960324,0.0596,1511
1767,Kepler-1990 b,,3.27,1.73513619,0.0286,1512
1768,GJ 9714 b,2988.540511021,12.5,19240.75467,12.319,1513
1769,Kepler-312 b,,1.29,1.772419,0.031,1514
1770,Kepler-1671 b,,1.32557381,4.16787,0.04946,1515
1771,Kepler-466 b,,2.85,51.07926307,0.26769,1516
1772,UZ For c,2447.2,,1916.25,2.8,1517
1773,HD 63765 b,,14.2,358.0,0.94,1518
1774,TOI-7008 b,,4.94735276,0.84069041367,,1519
1775,Kepler-1038 c,,1.4162338,7.127659798,0.0692,1520
1776,TOI-3877 b,99.798119798,11.67975789,4.123596,0.0529,1521
1777,Kepler-1699 b,,1.56671124,3.49082,0.0418,1522
1778,HD 143105 b,,13.7,2.1974,0.0379,1523
1779,HD 191939 e,,13.0,101.12,0.407,926
1780,Kepler-1569 b,,1.68,5.79180156,0.06669,1524
1781,Kepler-859 b,,3.09,20.38177573,0.13157,1525
1782,HD 83443 b,,14.1,2.985628,0.0406,1526
1783,Kepler-106 b,5.3,0.82,6.16486,0.06491,115
1784,Kepler-834 b,,2.02,13.32388301,0.0862,1527
1785,K2-249 b,,2.79,12.409,0.1151,1528
1786,Kepler-454 c,,12.9,524.19,1.287,1529
1787,HD 33283 b,,12.5,18.1991,0.1508,1530
1788,Kepler-169 e,,2.2,13.767102,0.105,1052
1789,GJ 536 b,,2.41,8.70874,0.0668,1531
1790,Kepler-37 e,,0.37,51.196,0.25,770
1791,Kepler-37 b,0.79,0.3098,13.36702,0.1019,770
1792,TOI-2236 b,502.16888306,14.36991326,3.5315902,0.05009,1532
1793,HD 159868 c,,14.0,351.0,1.032,1533
1794,Kepler-1665 b,,2.83910787,11.9548,0.096,1534
1795,HIP 111909 b,,13.7,487.08,1.32,1535
1796,Kepler-1125 b,,1.84,17.6700642,0.1348,1536
1797,Kepler-384 b,,1.12,22.597053,0.148,1537
1798,HD 37605 b,,13.2,55.01292,0.277,77
1799,Kepler-1618 b,,1.26,6.10826019,0.07109,1538
1800,Kepler-352 d,,0.80628032,6.887279987,0.06574,902
1801,K2-148 c,,1.73,6.9226,0.0616,1539
1802,NGTS-9 b,921.707,11.99363,4.43527,0.058,1540
1803,Kepler-584 b,,4.21,35.1810304,0.2281,1541
1804,Kepler-92 b,64.3,3.51,13.749,0.12232,1542
1805,TOI-277 b,,2.65,3.994,0.0269,1543
1806,EPIC 212297394 b,,1.48,2.289363,,1544
1807,TIC 67686059 b,,2.59125922,3.52163529551,,1545
1808,K2-270 b,,1.38,1.543069,0.0247,1546
1809,TIC 160113658 b,,3.49015778,6.72952262077,,1547
1810,Kepler-533 b,,3.38,28.51120525,0.16704,1548
1811,VHS J125601.92-125723.9 b,5085.254512,13.67495645,5800000.0,350.0,1549
1812,HD 23079 c,,2.8,5.748913,,1550
1813,Kepler-55 e,,1.55,4.617534,0.048,1551
1814,GJ 887 b,,1.8,9.2619,0.0683,596
1815,Kepler-1467 b,,3.3,47.0569043,0.2388,1552
1816,Kepler-199 c,,3.25,67.093408,0.316,1553
1817,HD 222076 b,,13.5,871.0,1.83,1554
1818,Kepler-282 b,,1.01,9.220524,0.082,1461
1819,K2-388 b,,3.9,6.33932,,1555
1820,TOI-1224 b,,2.104,4.1782745,0.0355,1556
1821,Kepler-623 b,,3.01,9.07097734,0.0854,1557
1822,WASP-176 b,271.74465,16.869545,3.899052,0.0535,1558
1823,Kepler-363 d,,2.05,11.932125,0.107,1559
1824,HD 4917 b,,13.5,400.5,1.167,1560
1825,KOBE-1 c,,3.56,29.671,0.16071,826
1826,Kepler-970 b,,2.609,16.736525,0.139,1561
1827,HAT-P-70 b,2154.8874,20.96083,2.74432452,0.04739,1562
1828,Kepler-943 b,,5.93,49.7701438,0.2559,1563
1829,Kepler-10 b,3.24,1.47,0.8374907,0.01685,1564
1830,Kepler-271 d,,0.66,5.24972541,0.05554,1565
1831,TOI-1233.01,,2.539,14.175685,0.1074,246
1832,HD 221585 b,,13.5,1173.0,2.306,1566
1833,TIC 18942729 b,,2.00021315,0.99817838064,,1567
1834,HD 22496 b,,2.22,5.09071,0.051,1568
1835,Kepler-1640 b,,4.82,7.5844126,0.0836,1569
1836,Kepler-589 c,,1.11727238,3.52466011,0.0426,1570
1837,Kepler-647 b,,1.17,16.2254649,0.12237,1571
1838,Gaia-1 b,533.95172376,13.77583728,3.052524,0.04047,1572
1839,Kepler-1527 b,,4.77,160.129918,0.6276,1573
1840,Kepler-1980 b,,2.21,33.0257179,0.2049,1574
1841,TOI-122 b,,2.72,5.07803,0.0392,1575
1842,HATS-52 b,711.9392,15.490838,1.36665436,0.02498,1576
1843,Kepler-250 d,,2.18,17.648312,0.127,1577
1844,Kepler-1298 b,,1.31,7.12811928,0.0814,1578
1845,Kepler-1361 b,,0.86,3.57554956,0.04304,1579
1846,Kepler-619 b,,3.16,5.404272197,0.06014,1580
1847,K2-99 b,276.51071409,11.88151954,18.24783,0.153,1295
1848,TOI-532 b,61.5,5.82,2.3266508,0.0296,1581
1849,HD 210277 b,,13.6,442.19,1.13,1582
1850,Kepler-178 b,,2.9,9.576694,0.085,1583
1851,Kepler-1604 b,,1.41,0.683684256,0.01406,1584
1852,Kepler-984 b,,2.12,43.0342272,0.23688,1585
1853,HD 13724 c,,8.18,142.22895,0.534,1586
1854,Kepler-1286 b,,2.15,11.25402929,0.0991,1587
1855,Kepler-318 b,,4.71,4.662715,0.056,1588
1856,Kepler-732 b,,2.18,9.467814048,0.0691,1589
1857,HIP 109600 b,,13.2,232.08,0.706,1590
1858,Kepler-407 b,1.93,1.19,0.6693124,0.01531,1591
1859,GJ 1148 c,,9.71,532.58,0.912,1592
1860,Kepler-897 b,,2.39,8.0472642,0.077,1593
1861,Kepler-435 b,266.97,22.31,8.6001536,0.0948,1594
1862,HD 184010 d,,14.3,836.4,1.92,164
1863,WASP-70 A b,187.512,13.047,3.7130203,0.04853,1595
1864,TOI-1798.01,6.5,2.448,8.021522331,0.074984,1265
1865,TOI-444 b,,2.77,17.9636,0.133,1596
1866,TOI-2202 b,287.316879928,10.95117414,11.9126075,0.09564,1597
1867,TrES-1 b,266.9772,12.66617,3.03007,0.03925,1598
1868,Kepler-1052 c,,2.3,180.921729,0.6135,1599
1869,Kepler-206 b,,1.2,7.781987,0.078,1600
1870,Kepler-763 b,,1.22,1.19655156,0.0205,1601
1871,Kepler-155 b,,2.09,5.931194,0.056,1602
1872,ups And c,4443.24112986,12.3,241.258,0.827774,110
1873,NGTS-34 b,19.1,3.65,43.12655,0.257,1603
1874,K2-274 b,,2.08,14.1330314,0.0964,1604
1875,DH Tau b,3496.0,30.2643,,330.0,1605
1876,HD 200964 c,,13.7,852.5,1.96,1606
1877,TOI-1011 b,4.04,1.45,2.470498,,1607
1878,Kepler-1583 b,,0.6,9.32807355,0.08307,1608
1879,HATS-32 b,292.4036,14.000041,2.8126548,0.04024,1609
1880,ZTF J1828+2308 b,6356.56814,11.13051784,0.1120067,,1610
1881,Kepler-1876 b,2.4,0.853,6.99205,0.0758,1611
1882,TOI-6564 b,222.162056493,16.39873876,3.985413,0.0542,1612
1883,K2-219 c,,1.43839723,6.66767,,1613
1884,HD 37124 b,,14.0,154.378,0.53364,1276
1885,Kepler-881 b,,1.78,4.44448017,0.0552,1614
1886,TOI-333 b,20.1,4.26,3.7852503,0.049,1615
1887,Kepler-60 c,3.85,1.9,8.9187,0.08422,503
1888,Kepler-665 b,,2.6,16.01310205,0.1148,1616
1889,Kepler-1848 b,,1.4088539,5.604020119,0.05835,1617
1890,TOI-2096 c,,1.914,6.38784,0.04,1618
1891,Kepler-1698 b,,1.07315686,1.2107,0.02065,1619
1892,HIP 14810 c,,13.6,147.747,0.549,75
1893,HD 25463 c,4.3,1.36354953,3.04405,0.0443,1620
1894,Kepler-1869 c,,0.74,1.716828304,0.028,1621
1895,Kepler-292 b,,1.32,2.580827,0.035,1622
1896,Kepler-33 b,,1.74,5.66793,0.0677,1623
1897,Kepler-601 b,,1.9,5.378868441,0.05494,1624
1898,TOI-1347 b,11.1,1.8,0.84742346,0.0171,1625
1899,K2-417 b,699.2224954,3.31,6.535,0.063,1626
1900,Kepler-1020 b,,2.28,96.9151496,0.37594,1627
1901,Kepler-1346 b,,1.58,3.40165668,0.044,1628
1902,TOI-1750 b,,2.78943837,11.33727129656,,1629
1903,HD 180314 b,,12.0,394.73,1.448,1630
1904,Kepler-181 c,,1.99,4.302149,0.049,1631
1905,Kepler-953 c,,1.19,9.10967112,0.0862,1099
1906,TOI-1696 b,48.8,3.09,2.500311,0.0229,1632
1907,TIC 77552382 b,,5.69176189,3.51025904942,,1633
1908,HD 96167 b,,14.0,498.04,1.332,1634
1909,Kepler-1770 b,,2.84141754,16.84189987,0.1261,1635
1910,Kepler-292 e,,2.67,11.97901,0.097,1622
1911,Kepler-154 b,,2.26,33.040532,0.198,1636
1912,Kepler-1660 AB b,1586.599407744,12.9,239.5044,0.8,1637
1913,Kepler-379 b,,1.66,20.09838,0.152,1638
1914,HAT-P-33 b,292.4036,20.73665,3.47447,0.04995,1639
1915,Kepler-567 b,,2.25,16.54297375,0.1229,1640
1916,KIC 8121913 b,,13.4,3.294601,,1641
1917,K2-198 d,,2.438,7.4500177,,1156
1918,Kepler-176 e,0.52075,1.45,51.16579,0.25654,860
1919,HD 109246 b,,13.9,68.27,0.33,1642
1920,TOI-5489 c,,1.28,4.92126,,1643
1921,K2-415 b,7.5,1.015,4.0179694,0.027,1644
1922,Kepler-800 b,,2.85,14.13176026,0.1106,1645
1923,Kepler-327 c,20.3,1.03,5.212333,0.047,1173
1924,Kepler-28 c,2.06,1.857,8.99,0.07519,1646
1925,K2-271 b,,7.28,8.562421,0.077,1647
1926,KMT-2018-BLG-0748L b,60.0,9.01,,0.62,1648
1927,KMT-2024-BLG-1870L b,336.89811142,13.8,,3.15,1649
1928,KMT-2017-BLG-0849L b,6.39,2.41,,2.73,1650
1929,Kepler-1418 b,,1.66,22.4764425,0.131,1651
1930,OGLE-2016-BLG-0613L AB b,1330.0,13.0,,6.4,1652
1931,TOI-1694 c,,13.8,386.25,0.974,1428
1932,HD 9446 c,,13.4,192.9,0.654,98
1933,MASCARA-4 b,532.362581725,16.98160576,2.8240932,0.0474,1653
1934,Kepler-1846 b,,1.76378826,14.82009983,0.11054,1654
1935,HD 147873 b,,12.8,116.596,0.522,1655
1936,Kepler-224 e,,1.97,18.643577,0.124,1656
1937,Kepler-1670 b,,3.3564801,20.4998,0.1528,1657
1938,Kepler-92 c,6.1,2.6,26.723,0.19054,1542
1939,Kepler-1799 b,,4.12801189,11.9296999,0.1028,1658
1940,KMT-2021-BLG-0736L b,21.0,4.86,,4.0,1659
1941,PSR B1620-26 b,794.575,13.3,,23.0,1660
1942,TYC 8998-760-1 b,6928.6592726,21.18497352,,146.0,1661
1943,OGLE-2017-BLG-1434L b,4.43,1.94,,1.18,1662
1944,KMT-2019-BLG-2783L b,368.68095212,13.7,,1.85,1663
1945,OGLE-2016-BLG-1093L b,225.65816897,14.0,,2.13,1664
1946,MOA-2010-BLG-117L b,170.0,14.2,,2.42,1665
1947,OGLE-2006-BLG-109L b,231.0,14.0,1788.5,2.3,1666
1948,OGLE-2012-BLG-0406L b,868.0,13.2,,3.45,1667
1949,Kepler-1265 b,,1.35,6.49441289,0.0612,1668
1950,HD 332231 b,74.1,9.07303305,18.712024,0.145,1669
1951,HD 233604 b,,12.7,192.0,0.747,1670
1952,Kepler-1591 b,,1.27,8.18504949,0.0794,1671
1953,HD 22532 b,,13.4,872.6,1.9,1672
1954,TOI-7189 b,159.04,10.9,2.89055,0.03294,1673
1955,TOI-7265 B b,224.95,10.7,4.17232,0.04007,1674
1956,KMT-2021-BLG-0322L b,2034.1018048,12.7,,,1675
1957,MOA-2016-BLG-526L b,14.937935129,3.97,,2.07,1676
1958,TOI-6695 c,,13.6,242.4,0.838,1677
1959,Kepler-249 b,,1.09,3.306539,0.035,1678
1960,OGLE-2018-BLG-1185L b,8.4,2.83,,1.54,1679
1961,WISEP J121756.91+162640.2 A b,6992.0,10.468,,8.0,1680
1962,KMT-2024-BLG-0176L b,241.54958932,14.0,,1.32,1681
1963,KMT-2021-BLG-1150L b,279.68899816,13.9,,4.5,1682
1964,KMT-2017-BLG-1146L b,230.0,14.0,,1.6,1683
1965,MOA-2007-BLG-400L b,540.3082919,13.5,,5.9,1684
1966,UZ For b,2002.2,,5840.0,5.9,1517
1967,TWA 7 b,108.06165838,12.7,,52.0,1685
1968,Kepler-1222 b,,0.79,1.916944254,0.02801,1686
1969,Kepler-463 b,,3.05,8.981016833,0.07925,1687
1970,TOI-2337 b,508.5254512,10.08808263,2.99432,,1688
1971,HD 202206 c,982.08977763,13.1,1299.22,2.39,1689
1972,MOA-2010-BLG-477L b,480.0,13.6,,2.0,1690
1973,OGLE-2017-BLG-1522L b,240.0,14.0,,0.59,1691
1974,Kepler-566 b,,2.15,18.42794624,0.1247,1692
1975,Kepler-1224 b,,1.33,13.32351601,0.11625,1693
1976,WASP-149 b,314.967951337,15.24421375,1.332813,0.024,1694
1977,KMT-2019-BLG-1042L b,60.38739733,9.05,,1.7,1695
1978,KMT-2019-BLG-0298L b,575.26941667,13.4,,5.67,1696
1979,WASP-60 b,174.8065,9.86392,4.305,0.05548,1697
1980,KMT-2019-BLG-0371L b,2447.2787339,12.6,,0.79,1698
1981,TOI-5916 b,219.0,11.8,2.36712341,0.02789,1699
1982,OGLE-2017-BLG-1237L b,1207.7479466,13.0,,2.53,1700
1983,OGLE-2017-BLG-0640L b,514.88201934,13.5,,1.14,1701
1984,MXB 1658-298 b,7532.571,12.0,760.0,1.613,1702
1985,KMT-2018-BLG-0029L b,7.59,2.67,,4.27,1703
1986,Kepler-619 c,,1.69,1.208465026,0.02216,1580
1987,Kepler-186 b,,1.07,3.8867907,0.0343,1704
1988,K2-183 d,,2.3,22.620344,0.1527,742
1989,Kepler-1677 b,,2.70216183,22.064,0.1599,1705
1990,KMT-2018-BLG-0087L b,73.10053361,10.1,,0.87,1706
1991,KOI-55 c,0.655,0.867,0.342887,0.0076,1707
1992,KMT-2024-BLG-1044L b,7.75,2.7,,,1708
1993,KMT-2019-BLG-0297L b,6038.739733,12.1,,0.96,1709
1994,OGLE-2012-BLG-0724L b,150.0,14.3,,1.6,1710
1995,TOI-603 b,33.0,7.37,16.179846,0.1282,1711
1996,Kepler-1620 b,,1.61,101.951829,0.4322,1712
1997,KMT-2019-BLG-0578L b,381.3940884,13.7,,2.0,1713
1998,Kepler-85 e,0.6,1.27,25.216751,0.163,504
1999,TOI-2128 b,4.5,2.08874836,16.34136,0.127,1714
2000,Kepler-1693 c,,0.97698289,5.363709927,0.0588,449
2001,TOI-5174 b,,5.351,12.214286,,1715
2002,WASP-172 b,149.3801,17.59813,5.477433,0.0694,1716
2003,Kepler-403 b,,1.25,7.031462,0.076,1717
2004,KMT-2022-BLG-2286L b,6038.739733,12.1,,2.02,1718
2005,Kepler-1493 b,,1.41,15.0217983,0.1197,1719
2006,OGLE-2019-BLG-0249L b,2262.93825784,12.7,,1.84,1720
2007,Kepler-137 c,,1.88,18.735753,0.13,1721
2008,TOI-2114 b,324.18497514,14.54925695,6.209959,0.076,1722
2009,TOI-5806 b,721.47048389,15.13212395,3.1856381,0.0484,1723
2010,OGLE-2018-BLG-1011L c,890.0,13.2,,0.8,120
2011,TOI-7169 b,130.30964687,16.53324653,3.4373125,0.0428,1724
2012,OGLE-2018-BLG-0677L b,3.96,1.82,,0.63,1725
2013,OGLE-2019-BLG-0679L b,1061.54687938,13.1,,6.99,1726
2014,MOA-bin-1L b,1200.0,13.0,,8.3,1727
2015,Kepler-365 b,,2.04,10.664903,0.098,1728
2016,KMT-2020-BLG-0414L c,8581.366989,11.9,,22.3,1729
2017,HD 11977 b,,12.7,711.0,1.93,1730
2018,Kepler-1038 b,,3.53,148.4603382,0.5238,1520
2019,Kepler-250 c,,2.28,7.156804,0.069,1577
2020,eps CrB b,,12.7,417.9,1.3,1731
2021,TOI-521 b,5.3,1.98,1.54285047,0.0195,1732
2022,OGLE-2015-BLG-0954L b,1100.0,13.1,,1.6,1733
2023,KOI-134 c,69.92224954,9.86,33.95,0.2305,1734
2024,HD 127195 c,,14.1,836.99,,1735
2025,HD 125136 b,,13.3,849.77,,1736
2026,KMT-2019-BLG-0953L b,15.5,4.06,,1.1,1737
2027,OGLE-2017-BLG-1691L b,14.620106722,3.92,,2.41,1738
2028,alf Ari b,,13.4,380.8,1.2,1739
2029,TOI-2180 b,875.617261285,11.32107051,260.79,0.828,1740
2030,KMT-2024-BLG-0404L c,17.3,4.33,,,1741
2031,Kepler-122 e,27.7,2.6,37.993273,0.227,1742
2032,Kepler-411 c,26.4,4.421,7.834435,0.0739,948
2033,OGLE-2018-BLG-1428L b,240.0,14.0,,3.3,1743
2034,KMT-2021-BLG-1689L b,46.0,7.71,,2.5,1744
2035,MOA-2010-BLG-073L b,3500.0,12.4,,1.21,1745
2036,KMT-2017-BLG-2197L b,2809.60311788,12.5,,15.91,1746
2037,KMT-2018-BLG-1988L b,5.56,2.22,,3.09,1747
2038,Kepler-302 b,,4.06,30.184104,0.193,1748
2039,GJ 3779 b,,2.75,3.0232,0.026,1749
2040,Kepler-985 b,,2.98,116.331901,0.44664,1750
2041,Kepler-248 b,,3.02,6.308205,0.066,1751
2042,Kepler-836 b,,2.73,11.36112327,0.1013,1752
2043,TOI-1224 c,,2.884,17.945466,,1556
2044,Kepler-142 d,,2.16,41.809118,0.242,663
2045,OGLE-2019-BLG-0304L b,162.09248757,14.2,,1.23,1753
2046,MOA-2022-BLG-563L b,127.1313628,14.0,,2.15,1754
2047,KMT-2021-BLG-2010L b,340.07639549,13.8,,1.79,1755
2048,KMT-2024-BLG-1005L b,6674.396547,12.1,,0.78,1756
2049,KMT-2021-BLG-1077L c,79.45710175,10.6,,0.93,1757
2050,Kepler-1676 b,,3.3769596,29.9221,0.1954,1758
2051,K2-65 b,,1.58,12.6475,0.1014,1759
2052,OGLE-2018-BLG-0799L b,82.63538582,10.9,,1.28,1760
2053,KMT-2023-BLG-0466L b,1032.94232275,13.1,,2.68,1761
2054,BD+63 1405 b,3305.4154328,12.4,1198.48,2.06,1762
2055,WASP-73 b,908.9938,15.91678,4.08722,0.05512,1763
2056,Kepler-733 b,,2.82,20.83424726,0.1483,1764
2057,Kepler-124 d,,1.11,30.950851,0.17,623
2058,Kepler-244 c,,2.05,9.767292,0.087,1765
2059,Kepler-2001 c,,1.82,14.092583189,0.1084,732
2060,KMT-2021-BLG-0852L b,155.73591943,14.2,,7.78,1766
2061,Kepler-32 b,1303.0,2.2,5.90124,0.05,1767
2062,TOI-5108 b,32.0,6.6,6.753581,0.073,1768
2063,KMT-2016-BLG-2605L b,245.045701797,14.0,,0.681,1769
2064,OGLE-2018-BLG-0977L b,6.4,2.41,,2.0,1770
2065,OGLE-2007-BLG-368L b,20.0,4.72,,2.8,1771
2066,MOA-2011-BLG-262L b,17.0,4.29,,0.95,1772
2067,Kepler-132 c,,1.28,6.414914,0.068,149
2068,KMT-2025-BLG-0481L b,187.51876013,14.1,,2.18,1773
2069,KMT-2019-BLG-1339L b,397.0,13.7,,2.15,1774
2070,OGLE-2017-BLG-1140L b,505.0,13.5,,1.02,1775
2071,KMT-2022-BLG-1790L b,549.84314411,13.5,,5.25,1776
2072,KMT-2018-BLG-1996L b,346.43296363,13.7,,4.27,1777
2073,Kepler-47 b,2.07,3.05,49.4643,0.2877,1778
2074,HD 190007 b,,4.06,11.724128,0.092,1779
2075,Kepler-1219 b,,2.12,16.10467749,0.14146,1780
2076,Kepler-1808 b,,3.02511302,23.3404007,0.1467,1781
2077,Kepler-824 b,,1.87,4.51436633,0.055,1782
2078,HD 95089 b,,13.7,464.4,1.36,1783
2079,Kepler-610 c,,3.3,151.86392,0.5594,240
2080,Kepler-410 A b,,2.838,17.833648,0.1226,1784
2081,DMPP-6 b,,2.28,7.6027,0.0779,1785
2082,Gaia22dkvL b,187.836588537,14.1,,1.4,1786
2083,MOA-2022-BLG-249L b,4.83,2.04,,1.63,1787
2084,Kepler-1063 b,,1.49,14.07971466,0.1176,1788
2085,KMT-2021-BLG-1303L b,120.77479466,13.6,,2.89,1789
2086,OGLE-2018-BLG-0596L b,13.93,3.81,,0.97,1790
2087,KMT-2023-BLG-0830L b,17.798390792,4.41,,1.7,1791
2088,KMT-2023-BLG-0735L b,38.775065654,6.97,,2.96,1792
2089,KMT-2021-BLG-0320L b,31.7828407,6.2,,1.54,1793
2090,OGLE-2023-BLG-0766L b,349.6112477,13.7,,2.5,1794
2091,Kepler-1628 b,,6.43,76.378033,0.2952,1795
2092,OGLE2-TR-L9 b,1430.175,18.046,2.4855335,0.0308,1796
2093,TOI-5736 b,,1.56,0.64899,,1797
2094,Kepler-1577 b,,1.13,6.30560247,0.0657,1798
2095,K2-13 b,,1.89,39.91488,0.2114,1799
2096,Kepler-122 f,36.0,1.75,56.268,0.28575,1742
2097,Kepler-414 c,29.9,3.01,7.171,0.07195,947
2098,TOI-1533 b,28.1,2.89,3.6457974,0.0445,856
2099,Kepler-675 b,,2.44,2.33743801,0.0325,1800
2100,Kepler-1489 c,,0.51,0.680741,,216
2101,K2-190 c,,1.09308317,21.574023,,1801
2102,Kepler-276 c,16.6,2.9,31.884,0.18619,1802
2103,HD 148164 b,,13.7,328.55,0.993,80
2104,Kepler-1996 b,,2.26,32.376183,0.1789,1803
2105,HIP 107772 b,,3.64,55.199,0.243,1804
2106,Kepler-446 c,,1.11,3.036179,0.0283,1805
2107,KIC 3526061 b,,12.1,3552.0,5.14,1806
2108,HD 11964 c,,5.38,37.91,0.229,1807
2109,Kepler-1482 b,,1.01,12.25383217,0.09968,1808
2110,TOI-5515 b,,2.65362762,8.59225810839,,1809
2111,TOI-2184 b,206.58846455,11.39953337,6.90683,,1810
2112,HD 102329 c,,13.5,1123.0,,711
2113,HD 39194 b,,1.99,5.63692,0.05895,1811
2114,HD 199509 b,,7.43,99.62167,0.426,1812
2115,Kepler-325 d,,2.79,38.715185,0.22,1813
2116,Kepler-1940 b,,1.54732469,4.950610161,0.0525,1814
2117,TOI-2545 b,,2.75,7.994037,,1815
2118,Kepler-1612 b,,1.03,3.91795101,0.0482,1816
2119,HD 136352 c,11.24,2.916,27.59221,0.1721,1817
2120,EPIC 201615463 c,,1.22,3.80464,,1818
2121,Kepler-225 b,,1.2,6.738975,0.056,1379
2122,HD 20868 b,,13.7,380.85001,0.95,1819
2123,Kepler-1930 b,,1.52955541,13.02680016,0.10233,1820
2124,Kepler-1439 b,,1.46,8.07392849,0.0594,1821
2125,HD 155193 b,,14.0,352.65,1.04,1822
2126,TOI-1266 c,3.17,1.98,18.8027,0.105,763
2127,Kepler-1536 b,,3.14,364.758031,0.8507,1823
2128,HD 134987 b,,13.5,258.17999,0.81,1824
2129,Kepler-961 b,,2.55,16.87727414,0.12585,1825
2130,Kepler-539 b,308.2951,8.373123,125.63243,0.4988,1391
2131,HD 5278 c,,4.49,40.87,0.2416,837
2132,Kepler-319 c,,2.63,6.941357,0.069,1826
2133,HD 179079 b,4195.3349724,,14.479,0.1214,1827
2134,Kepler-1099 b,,2.83,2.168452593,0.0337,1828
2135,Kepler-244 d,15.2,2.31,20.050401,0.14,1765
2136,NY Vir c,,12.8,8799.0,,517
2137,Kepler-377 b,,1.39,12.509529,0.109,1829
2138,Kepler-879 b,,2.57,33.3855938,0.2012,1830
2139,Kepler-705 b,,2.11,56.0560538,0.232,1831
2140,Kepler-163 c,,2.26,21.347262,0.152,1832
2141,TOI-778 b,878.0,15.4,4.633611,0.06,1833
2142,Kepler-1355 b,,1.46,1.289588112,0.0224,1834
2143,KOI-134 b,346.43296363,12.03844527,67.1277,0.363,1734
2144,Kepler-138 b,0.07,0.64,10.3134,0.0753,771
2145,Kepler-1542 e,,0.76,5.10115756,0.05649,9
2146,Kepler-1579 b,,0.84,0.849907889,0.014,1835
2147,K2-264 c,,2.668,19.660302,0.11283,1836
2148,Kepler-1073 d,,1.48770949,2.504760027,0.0352,1837
2149,Kepler-510 b,,2.47,19.55659418,0.1352,1838
2150,HD 164509 b,,14.3,280.17,0.87,1839
2151,TIC 34085383 b,,3.91982296,3.47793368523,,1840
2152,TYC 3667-1280-1 b,,12.8,26.468,0.21,1841
2153,HATS-59 c,,12.3,1422.0,2.504,1842
2154,Kepler-1605 b,,1.08,85.7565495,0.36567,1843
2155,Ross 458 c,1906.98,14.01125,,1100.0,1844
2156,SR 12 AB c,4131.62,12.3,,,1845
2157,HD 187123 b,,14.2,3.0965828,0.0426,1846
2158,OGLE-TR-132 b,375.02,13.45,1.689868,0.03035,1847
2159,OGLE-TR-56 b,441.77,15.278,1.2119189,0.02383,1848
2160,WASP-156 b,42.0,6.15,3.8361629,0.046,1849
2161,HD 22781 b,,12.3,528.07,1.167,1850
2162,Kepler-16 b,105.833,8.4493,228.776,0.7048,1851
2163,Kepler-27 c,4385.87,4.9,31.3309,0.191,970
2164,WASP-23 b,280.95,10.783,2.9444256,0.0376,1852
2165,Kepler-27 b,2895.31,4.0,15.3348,0.118,970
2166,HD 114783 b,,13.7,493.7,1.16,1853
2167,HD 19994 b,,13.6,466.2,1.305,1854
2168,47 UMa b,,13.2,1078.0,2.1,1855
2169,Kepler-18 c,17.3,5.49,7.64159,0.0752,1856
2170,Kepler-18 b,6.9,2.0,3.504725,0.0447,1856
2171,Kepler-31 c,1493.7,5.3,42.6318,0.26,1857
2172,Kepler-32 e,4.08181,1.5,2.896,0.033,1767
2173,61 Vir b,,2.11,4.215,0.050201,1858
2174,61 Vir c,,4.46,38.021,0.2175,1858
2175,47 UMa d,,13.5,14002.0,11.6,1855
2176,47 UMa c,,14.2,2391.0,3.6,1855
2177,BD-08 2823 c,,12.5,237.6,0.68,1859
2178,CoRoT-23 b,889.9,11.77,3.6313,0.048,1860
2179,Kepler-18 d,16.4,6.98,14.85888,0.1172,1856
2180,HATS-1 b,589.55,14.594,3.446459,0.0444,1861
2181,HD 47186 c,,13.0,1353.6,2.395,1862
2182,HD 196885 A b,,13.2,1333.0,2.37,1863
2183,CoRoT-6 b,940.74,13.068,8.886593,0.0855,1864
2184,HR 8799 b,2000.0,13.0,170000.0,68.0,1503
2185,HAT-P-37 b,371.528,13.204,2.797436,0.0379,1865
2186,Kepler-42 b,0.705944,0.78,1.2137672,0.0116,1866
2187,Kepler-32 d,39.9089,2.7,22.7802,0.13,1767
2188,Kepler-32 f,1862.11,0.82,0.74296,0.013,1767
2189,BD+20 2457 b,,12.1,379.63,1.45,1867
2190,HR 8799 d,3000.0,13.0,37000.0,24.0,1503
2191,GJ 179 b,301.93698665,13.8,2288.0,2.41,1868
2192,SWEEPS-4 b,1207.7,9.079,4.2,0.055,1869
2193,Kepler-42 c,60.337,0.73,0.45328509,0.006,1866
2194,Kepler-33 c,0.39,3.2,13.17562,0.1189,1623
2195,Kepler-35 b,40.363,8.16,131.458,0.60347,1870
2196,CoRoT-16 b,170.032,13.11,5.35227,0.0618,1871
2197,HD 240210 b,,12.8,501.75,1.16,1872
2198,BD+20 2457 c,,12.4,621.99,2.01,1867
2199,HD 110014 b,,12.4,835.477,2.14,1873
2200,HIP 5158 b,,13.6,345.72,0.89,1874
2201,Kepler-33 e,5.57,4.02,31.7844,0.2138,1623
2202,Kepler-33 d,3.91,5.35,21.77596,0.1662,1623
2203,BD+20 274 b,,13.0,578.2,1.3,1875
2204,KELT-1 b,8654.15,12.442,1.217514,0.02466,1876
2205,CoRoT-5 b,148.42,15.558,4.0378962,0.04947,1877
2206,HD 134987 c,,13.9,5000.0,5.8,1824
2207,HD 147018 b,,13.4,44.236,0.2388,1878
2208,Kepler-33 f,9.6,4.46,41.02902,0.2535,1623
2209,Kepler-31 b,36.7418,5.5,20.8613,0.16,1857
2210,Kepler-34 b,69.92,8.564,288.822,1.0896,1879
2211,HD 45350 b,,13.5,963.6,1.92,1880
2212,HD 147018 c,,12.7,1008.0,1.922,1878
2213,CFBDSIR J145829+101343 b,3337.1,12.4,10037.5,2.6,1881
2214,HD 220773 b,,13.6,3724.7,4.94,1882
2215,HD 147513 b,,13.7,528.4,1.32,1883
2216,HD 129445 b,797.74930157,13.3,1840.0,2.9,1884
2217,WASP-5 b,502.15,12.184,1.6284279,0.0267,1885
2218,OGLE-TR-111 b,174.799,11.421971,4.0144463,0.0473,1886
2219,HD 8535 b,,14.0,1313.0,2.45,1887
2220,MOA-2009-BLG-266L b,10.4,3.21,2800.0,3.2,1888
2221,GJ 667 C b,,2.25,7.203,0.050431,1437
2222,HIP 5158 c,,12.2,9017.76,7.7,1874
2223,HAT-P-23 b,664.237,15.334,1.212884,0.0232,1889
2224,HAT-P-20 b,2302.899,9.718,2.875317,0.0361,1890
2225,CoRoT-17 b,772.29,11.43,3.7681,0.0461,1891
2226,HD 132563 b,,13.6,1544.0,2.62,1892
2227,Kepler-45 b,160.497,10.76,2.455239,0.03,1893
2228,HU Aqr AB b,,12.8,2390.0,3.6,1457
2229,Kepler-417 b,11.0,2.31,12.331,0.1006,1894
2230,Kepler-37 d,2.0,2.03,39.7922622,0.2109,770
2231,GJ 3634 b,8.4,2.83,2.64561,0.0287,1895
2232,Kepler-14 b,2669.66,12.733,6.790123,0.0771,1896
2233,CoRoT-18 b,1102.82,14.68,1.9000693,0.0295,1897
2234,Kepler-15 b,209.76,10.76,4.942782,0.05714,1898
2235,KOI-55 b,0.44,0.759,0.240104,0.006,1707
2236,PSR J1719-1438 b,382.8,,0.090706293,0.0044,1899
2237,CoRoT-14 b,2415.4,12.22,1.51214,0.027,1900
2238,HD 11964 b,,14.1,1945.0,3.16,1807
2239,HAT-P-4 b,213.255,14.28,3.056536,0.04438,1901
2240,OGLE-TR-10 b,197.046,14.011,3.101278,0.0434,1902
2241,OGLE-TR-113 b,400.449,12.251,1.4324752,0.02289,1903
2242,HD 192310 b,,4.27,74.72,0.32,1904
2243,OGLE-2014-BLG-1760L b,295.898246917,13.8,,1.887,1905
2244,OGLE-2013-BLG-0132L b,92.0,11.6,,3.6,1906
2245,Kepler-277 b,87.3,2.92,17.324,0.14168,1907
2246,KMT-2017-BLG-1194L b,3.54,1.7,,1.78,1908
2247,KMT-2017-BLG-2331L b,171.0,14.2,,2.14,1909
2248,HD 41004 A b,,13.2,963.0,,1910
2249,OGLE-2019-BLG-0299L b,1976.89269154,12.7,,2.8,1911
2250,Kepler-476 b,,3.08,14.00640607,0.1126,1912
2251,KMT-2021-BLG-2294L b,22.24798849,5.02,,1.15,1913
2252,KMT-2022-BLG-1013L b,98.52680617,12.1,,1.38,1914
2253,Kepler-247 d,50.0,4.5,20.4737,0.14081,568
2254,Kepler-1976 b,,12.21,4.959319244,0.0565,1915
2255,WASP-155 b,276.828542497,13.45077684,3.110413,0.043,1916
2256,KMT-2019-BLG-0414L b,1452.47581999,12.9,,1.16,1917
2257,HD 62509 b,,13.3,589.64,1.64,1918
2258,Kepler-65 b,2.4,1.42,2.15491,0.035,26
2259,RR Cae b,,13.0,4343.5,5.3,1919
2260,WASP-65 b,492.62,12.464,2.3114243,0.0334,1920
2261,Kepler-30 c,640.0,12.3,60.323105,0.3,910
2262,Kepler-38 b,122.0,4.3,105.599,0.4632,1921
2263,WASP-8 c,,12.5,4323.0,5.28,1922
2264,ROXs 42 B b,2860.0,12.5,,157.0,1923
2265,WASP-1 b,271.415,16.623,2.5199454,0.03889,1924
2266,Kepler-50 c,8.2,2.17,9.37647,0.087,1925
2267,BD+15 2940 b,,13.7,137.48,0.539,1926
2268,Kepler-87 b,324.2,13.49,114.73635,0.481,1927
2269,WASP-75 b,340.06,14.235,2.484193,0.0375,1928
2270,Kepler-87 c,6.4,6.14,191.2318,0.676,1927
2271,HD 40307 b,1188.996070587,,4.3123,0.0468,1929
2272,WTS-1 b,1274.44,16.7,3.352057,0.047,1930
2273,HD 40307 c,1868.513204753,,9.6184,0.0799,1929
2274,CoRoT-26 b,165.26,14.12,4.20474,0.0526,1931
2275,91 Aqr b,,13.1,181.4,0.7,1932
2276,tau Gem b,,12.1,305.5,1.17,1933
2277,HAT-P-42 b,331.801,14.348,4.641878,0.0575,1934
2278,Kepler-56 c,181.0,9.8,21.40239,0.1652,1935
2279,HD 40307 d,1775.389481502,,20.432,0.1321,1929
2280,HD 40307 f,,2.13,51.76,0.247,1929
2281,Kepler-186 e,,1.27,22.407704,0.11,1704
2282,Kepler-186 c,,1.25,7.267302,0.0451,1704
2283,GJ 163 c,,2.5,25.63058,0.1254,1936
2284,GJ 163 d,,5.92,603.95116,1.0304,1936
2285,Kepler-56 b,22.1,6.51,10.5016,0.1028,1935
2286,HD 208527 b,,12.5,875.5,2.1,1937
2287,HD 40307 g,,2.56,197.8,0.6,1929
2288,Kepler-186 d,,1.4,13.342996,0.0781,1704
2289,GU Psc b,3591.3,14.179,,2000.0,1938
2290,HIP 63242 b,,12.5,124.6,0.565,1939
2291,Kepler-11 b,1.9,1.8,10.3039,0.091,1004
2292,KOI-351 f,,2.88,124.9144,0.48,496
2293,CoRoT-1 b,327.35,16.7,1.5089557,0.02752,1940
2294,HAT-P-45 b,283.492,15.984,3.128992,0.0452,1941
2295,HAT-P-44 b,111.871,13.922,4.301219,0.0507,1942
2296,Kepler-11 e,8.0,4.19,31.9996,0.195,1004
2297,HD 95086 b,1589.0,12.9,,55.7,1943
2298,BD-06 1339 b,1523.033726344,,3.8728,0.0428,1944
2299,HD 103774 b,,13.3,5.8881,0.07,1945
2300,HAT-P-44 c,,13.0,872.2,1.752,1942
2301,HATS-5 b,75.323,10.223,4.763387,0.0542,1946
2302,Kepler-11 g,25.0,3.33,118.3807,0.466,1004
2303,KOI-351 e,,2.66,91.93913,0.42,496
2304,KOI-351 c,,1.19,8.719375,0.089,496
2305,HD 109271 b,,4.31,7.8543,0.079,1947
2306,HD 109271 c,,5.27,30.93,0.196,1947
2307,bet Cnc b,,12.6,605.2,1.7,1948
2308,mu Leo b,,13.3,357.8,1.1,1949
2309,Kepler-11 c,2.9,2.87,13.0241,0.107,1004
2310,OGLE-2012-BLG-0358L b,588.0,13.4,,0.87,1950
2311,HD 166724 b,1207.7479466,13.0,5144.0,5.42,1951
2312,WASP-64 b,403.945,14.247,1.5732918,0.02648,1952
2313,Kepler-67 b,,2.94,15.7259,0.1171,1953
2314,GJ 667 C c,,1.77,28.14,0.125,1437
2315,HAT-P-38 b,84.857,9.247,4.640382,0.0523,1954
2316,OGLE-2011-BLG-0251L b,170.0,14.2,,2.72,1955
2317,PH1 b,169.0,6.18,138.317,0.652,1956
2318,Kepler-415 b,119.9,1.21,4.176,0.0426,1957
2319,Kepler-338 c,,2.34,24.310856,0.172,567
2320,WASP-126 b,90.3,10.51358773,3.28883,0.0449,1958
2321,Kepler-1544 b,,1.78,168.811174,0.54465,1959
2322,GJ 667 C e,,1.45,62.24,0.213,1437
2323,HD 207832 c,,14.0,1155.7,2.112,76
2324,HAT-P-39 b,190.372,17.609,3.54387,0.0509,1960
2325,HD 150706 b,772.32302901,13.3,5894.0,6.7,1961
2326,HIP 57274 d,,14.2,431.7,1.01,1096
2327,Kepler-82 e,254.02,2.47,5.902206,0.063,566
2328,Kepler-417 c,,2.69,15.943,0.1194,1894
2329,CoRoT-2 b,1102.82,16.432,1.7429935,0.02798,1962
2330,TOI-1272 b,24.1,4.26,3.3159765,0.041,1963
2331,Kepler-82 f,20.9,4.84,75.732,0.3395,566
2332,TOI-1883 b,13.7,5.65,4.508,0.0423,1964
2333,Oph 11 b,4449.62,12.3,7300000.0,243.0,1965
2334,Kepler-338 d,,3.0,44.431014,0.257,567
2335,Kepler-418 b,349.6112477,13.45,86.67856,0.39249,1966
2336,DP Leo b,1995.88832,12.7,10220.0,8.19,1967
2337,Kepler-58 b,35.5,2.78,10.2184954,0.09291,1274
2338,Kepler-59 c,3.81,1.98,17.9801235,0.13114,1968
2339,Kepler-130 c,,2.9,27.50868,0.178,1289
2340,CoRoT-27 b,3302.11,11.287,3.57532,0.0476,1969
2341,HIP 105854 b,,12.6,184.2,0.81,1970
2342,Kapteyn c,,2.54,121.54,0.311,1971
2343,2MASS J01225093-2439505 b,7786.5,11.209,,52.0,1972
2344,Kepler-63 b,120.0,6.11,9.4341505,0.08,1973
2345,Kepler-53 c,36.0,3.17,38.5583038,0.22091,1974
2346,Kepler-54 c,0.7,1.23,12.0717249,0.0809,1975
2347,Kepler-83 c,2.03,2.36,20.09,0.11796,1976
2348,Kepler-81 b,17.2,2.42,5.955,0.0522,529
2349,Kepler-55 c,69.8,2.21,42.1516418,0.2095,1551
2350,Kepler-59 b,4.1,1.1,11.8681707,0.09943,1968
2351,HD 82943 b,534.25,13.5,441.47,1.18306,1977
2352,HD 154857 c,,13.2,3452.0,5.36,1978
2353,Kepler-62 d,14.0,1.95,18.16406,0.12,140
2354,Kepler-62 b,9.0,1.31,5.714932,0.0553,140
2355,Kepler-83 b,2.94,2.83,9.77,0.07295,1976
2356,POTS-1 b,734.16,10.548,3.1606296,0.03734,1979
2357,Kepler-54 b,0.98,2.1,8.0109434,0.0619,1975
2358,Kepler-55 b,43.0,2.43,27.9481449,0.1593,1551
2359,HD 82943 c,622.603,13.4,220.078,0.74345,1977
2360,Kepler-413 b,67.0,4.347,66.262,0.3553,1980
2361,Kepler-61 b,,2.15,59.87756,0.24861,1981
2362,HAT-P-27 b,197.05,11.43,3.039577,0.04,1982
2363,Qatar-4 b,1938.763,12.722215,1.8053564,0.02803,1983
2364,WTS-2 b,355.9696,15.277867,1.0187068,0.01855,1984
2365,HD 4203 c,,13.3,6700.0,6.95,1985
2366,Kepler-193 c,,2.75,50.697494,0.286,1986
2367,Kepler-207 b,,1.57,1.611865,0.029,595
2368,Kepler-313 b,,2.53,14.970418,0.125,1987
2369,Kepler-120 c,,1.53,12.794585,0.088,889
2370,Kepler-238 e,169.7,5.6,23.654,0.17286,599
2371,Kepler-328 b,28.5,2.3,34.921,0.2199,1988
2372,Kepler-280 b,,1.45,2.139542,0.032,1989
2373,Kepler-275 c,,3.38,16.088134,0.132,1990
2374,Kepler-214 b,,2.61,15.660544,0.13,1991
2375,Kepler-219 c,,3.58,22.714613,0.165,1170
2376,Kepler-331 b,,1.82,8.457496,0.065,652
2377,Kepler-340 c,,3.37,22.824669,0.178,1291
2378,TOI-4438 b,4.11,2.4,7.446295,0.0523,1992
2379,Kepler-293 b,,3.07,19.254196,0.144,1993
2380,Kepler-291 b,,2.16,3.546511,0.047,1994
2381,Kepler-224 d,,2.3,11.349393,0.089,1656
2382,Kepler-124 c,,1.75,13.821375,0.1,623
2383,DMPP-7 b,,9.78,4.92666,0.0607,1995
2384,HD 127195 b,,14.0,534.5,,1735
2385,Kepler-111 b,,1.58,3.341815,0.046,1996
2386,Kepler-148 c,,3.6,4.180043,0.05,1997
2387,Kepler-179 b,,1.64,2.735926,0.036,1998
2388,Kepler-290 c,,2.7,36.77031,0.205,1999
2389,Kepler-302 c,,12.45,127.282184,0.503,1748
2390,Kepler-226 b,24.0,1.55,3.940997,0.047,2000
2391,Kepler-333 b,28.2,1.32,12.551158,0.087,2001
2392,Kepler-343 b,,2.41,8.96855,0.088,2002
2393,Kepler-197 d,,1.22,15.677563,0.119,484
2394,TOI-762 A b,79.774930157,8.33948164,3.4716826,0.03418,2003
2395,Kepler-125 b,,2.37,4.164389,0.041,2004
2396,Kepler-306 c,,2.35,7.240193,0.067,1024
2397,Kepler-53 d,166.503,2.12,9.751962,0.091,1974
2398,Kepler-238 d,23.1,3.07,13.233549,0.115,599
2399,Kepler-127 d,,2.64,48.630408,0.28,2005
2400,Kepler-222 c,,4.64,10.08881,0.091,2006
2401,Kepler-257 d,,4.95,24.664551,0.16,958
2402,Kepler-308 b,,2.12,9.694928,0.09,2007
2403,Kepler-310 c,,3.38,56.47542,0.281,1473
2404,Kepler-242 c,,2.0,14.496481,0.109,204
2405,Kepler-241 c,,2.57,36.065978,0.189,2008
2406,Kepler-351 c,11.1,3.19,57.24809,0.287,994
2407,Kepler-341 c,,1.7,8.01041,0.08,1065
2408,Kepler-166 c,,2.38,34.260281,0.195,2009
2409,Kepler-108 c,,8.18,190.323494,0.721,2010
2410,Kepler-311 b,,1.7,9.176092,0.087,2011
2411,Kepler-276 b,731.209,2.87,14.12841,0.119,1802
2412,Kepler-254 c,3.2,2.15,12.412183,0.105,2012
2413,Kepler-268 c,,3.38,83.446393,0.391,2013
2414,Kepler-321 c,,2.32,13.093921,0.11,2014
2415,Kepler-349 b,94.5,1.9,5.929778,0.065,602
2416,Kepler-108 b,,8.65,49.183921,0.292,2010
2417,Kepler-264 b,,3.33,40.806231,0.249,1059
2418,Kepler-279 b,4180.93,3.62,12.309681,0.112,536
2419,Kepler-286 c,,1.37,3.468095,0.042,2015
2420,Kepler-171 c,,2.56,11.463462,0.098,2016
2421,Kepler-238 b,3305.02,1.73,2.090876,0.034,599
2422,Kepler-329 c,,1.93,18.684737,0.113,2017
2423,Kepler-345 c,2.2,1.2,9.387427,0.077,1390
2424,Kepler-263 b,,2.67,16.568087,0.12,2018
2425,Kepler-268 b,,2.55,25.934138,0.18,2013
2426,Kepler-287 b,83.0,2.33,20.342199,0.145,2019
2427,Kepler-290 b,,2.25,14.589347,0.11,1999
2428,TOI-4409 b,14.937935129,7.44,92.491789,,2020
2429,Kepler-148 b,,1.8,1.729366,0.028,1997
2430,HD 13908 c,,12.8,931.0,2.03,2021
2431,HD 159243 b,,13.7,12.62,0.11,2022
2432,Kepler-292 d,,2.23,7.055679,0.068,1622
2433,Kepler-297 c,42.1,6.54,74.920137,0.336,840
2434,Kepler-150 e,,3.12,30.826557,0.189,2023
2435,Kepler-178 c,,2.88,20.552802,0.142,1583
2436,HD 73526 c,,13.3,379.1,1.03,699
2437,HD 106906 b,3496.0,12.4,,650.0,2024
2438,Kepler-267 b,37.9,1.98,3.353728,0.037,2025
2439,Kepler-273 b,,1.5,2.936532,0.037,2026
2440,Kepler-306 b,,1.52,4.646186,0.05,1024
2441,Kepler-309 c,,2.51,105.356383,0.401,2027
2442,Kepler-207 c,,1.5,3.071571,0.044,595
2443,Kepler-224 b,,1.39,3.132924,0.038,1656
2444,Kepler-265 c,,2.63,17.028937,0.127,2028
2445,Kepler-269 b,,2.47,5.326718,0.061,873
2446,Kepler-119 c,,0.92,4.125103,0.049,2029
2447,Kepler-130 b,,1.02,8.457458,0.079,1289
2448,Kepler-235 e,,2.22,46.183669,0.213,491
2449,Kepler-228 b,,1.53,2.566546,0.038,1483
2450,Kepler-305 b,10.5,3.6,5.487,0.05746,2030
2451,Kepler-277 c,64.2,3.36,33.006,0.21781,1907
2452,Kepler-301 b,,1.35,2.508553,0.036,2031
2453,Kepler-300 c,,2.25,40.714955,0.232,2032
2454,Kepler-133 b,,1.76,8.129976,0.083,2033
2455,Kepler-152 c,,2.39,88.255055,0.356,2034
2456,TIC 46432937 b,1017.0509024,13.31626907,1.44044527,0.02065,2035
2457,Kepler-138 e,0.43,0.797,38.23,0.1803,771
2458,Kepler-299 c,,2.65,6.885875,0.07,2036
2459,Kepler-298 b,,1.96,10.475464,0.08,2037
2460,Kepler-157 b,,1.32,1.732342,0.028,2038
2461,Kepler-162 b,,1.26,6.919798,0.069,2039
2462,Kepler-249 d,,1.57,15.368459,0.097,1678
2463,Kepler-254 d,,2.5,18.746477,0.139,2012
2464,Kepler-114 c,2.8,1.6,8.041,0.06482,43
2465,Kepler-145 b,37.1,2.65,22.951,0.17308,1167
2466,Kepler-295 b,,1.22,12.645164,0.099,1068
2467,Kepler-288 c,,2.85,19.305772,0.14,2040
2468,Kepler-286 d,,1.33,5.914323,0.061,2015
2469,Kepler-312 c,,3.15,19.747412,0.153,1514
2470,Kepler-287 c,66.0,3.26,44.851896,0.246,2019
2471,Kepler-285 b,,1.34,2.633867,0.036,2041
2472,Kepler-178 d,,3.95,96.678988,0.397,1583
2473,Kepler-183 b,,2.06,5.687945,0.064,2042
2474,Kepler-315 b,,3.77,96.101141,0.402,2043
2475,Kepler-316 c,,1.16,6.827766,0.058,2044
2476,Kepler-284 b,,2.24,12.699149,0.104,2045
2477,Kepler-281 c,161.124,5.31,36.337373,0.215,2046
2478,Kepler-85 d,8.69679,1.2,17.91323,0.13,504
2479,Kepler-353 b,,0.89,5.795278,0.051,2047
2480,Kepler-372 c,,2.09,20.053763,0.154,880
2481,Kepler-374 c,,1.1,3.282807,0.042,2048
2482,Kepler-151 c,,2.09,24.674612,0.16,593
2483,Kepler-386 c,,1.58,25.193458,0.155,2049
2484,Kepler-213 c,,2.34,4.822962,0.057,2050
2485,Kepler-211 b,,1.26,4.138575,0.048,57
2486,Kepler-355 b,,1.46,11.03189,0.102,2051
2487,Kepler-356 b,,1.57,4.612696,0.057,2052
2488,Kepler-355 c,,2.71,25.762294,0.179,2051
2489,Kepler-356 c,,1.81,13.121632,0.115,2052
2490,Kepler-387 b,,1.03,6.791636,0.068,2053
2491,Kepler-388 b,,0.81,3.173315,0.036,2054
2492,Kepler-404 b,,1.27,11.829851,0.102,1275
2493,Kepler-221 d,3.61,2.73,10.04156,0.087,2055
2494,Kepler-357 b,,1.84,6.475434,0.063,1200
2495,Kepler-358 b,,2.72,34.060467,0.21,2056
2496,Kepler-376 c,,1.79,14.172327,0.115,2057
2497,Kepler-378 b,,0.75,16.092361,0.112,2058
2498,Kepler-389 b,,1.51,3.244107,0.041,978
2499,Kepler-118 b,,1.96,7.518496,0.073,1233
2500,Kepler-359 b,,3.53,25.563222,0.178,2059
2501,Kepler-363 c,66.4,1.69,7.542427,0.079,1559
2502,Kepler-379 c,,2.29,62.784697,0.326,1638
2503,Kepler-112 c,,2.4,28.574263,0.172,2060
2504,Kepler-163 b,,1.05,7.810937,0.078,1832
2505,Kepler-390 b,,0.82,6.738088,0.065,2061
2506,Kepler-52 d,88.8775,1.95,36.445171,0.182,1510
2507,Kepler-231 b,35.4,1.73,10.065275,0.074,2062
2508,Kepler-357 d,,3.43,49.499875,0.246,1200
2509,Kepler-358 c,,2.85,83.488369,0.381,2056
2510,Kepler-139 b,7.0,2.94,15.771044,0.127,1158
2511,Kepler-172 d,,2.25,14.627119,0.118,585
2512,Kepler-237 b,,1.41,4.715106,0.05,2063
2513,Kepler-235 c,,1.28,7.824904,0.065,491
2514,Kepler-363 b,,1.16,3.614568,0.048,1559
2515,Kepler-272 b,78.0,1.43,2.971353,0.038,2064
2516,Kepler-353 c,,1.38,8.410894,0.065,2047
2517,Kepler-359 c,2.9,4.3,57.68802,0.307,2059
2518,Kepler-173 b,,1.29,4.263742,0.048,2065
2519,Kepler-175 c,,3.1,34.035257,0.213,2066
2520,Kepler-141 c,,1.41,7.010606,0.067,2067
2521,Kepler-239 c,,2.51,56.228098,0.268,2068
2522,Kepler-367 c,,1.2,53.578637,0.253,2069
2523,Kepler-143 c,,3.37,27.082511,0.181,2070
2524,Kepler-360 b,,1.65,3.289672,0.044,2071
2525,Kepler-49 e,1.03815,1.56,18.596108,0.116,151
2526,Kepler-140 b,,1.61,3.25427,0.045,2072
2527,Kepler-392 b,,1.0,5.341853,0.059,2073
2528,Kepler-122 b,,2.34,5.766193,0.064,1742
2529,Kepler-243 c,,1.99,20.026218,0.142,2074
2530,Kepler-374 d,,1.31,5.028219,0.056,2048
2531,Kepler-375 b,,1.45,12.125934,0.101,2075
2532,Kepler-116 c,,2.3,13.07163,0.116,1324
2533,Kepler-280 c,,2.01,4.807091,0.056,1989
2534,TOI-3053 b,270.15414595,13.56286665,2.9919987,0.039,2076
2535,Kepler-133 c,,2.84,31.517586,0.204,2033
2536,Kepler-246 c,,1.5,11.187161,0.095,2077
2537,Kepler-251 e,,2.77,99.640161,0.404,553
2538,Kepler-326 c,17.4,1.4,4.580358,0.051,738
2539,K2-24 b,20.6,5.638,20.8895961,0.1673,1205
2540,Kepler-281 b,324.0,2.82,14.646008,0.117,2046
2541,Kepler-288 b,,1.67,6.097326,0.065,2040
2542,Kepler-393 b,,1.29,9.182417,0.091,2078
2543,Kepler-394 b,,1.6,8.005013,0.083,2079
2544,Kepler-26 e,,2.41,46.827915,0.22,2080
2545,Kepler-255 b,,1.55,5.714606,0.063,749
2546,Kepler-344 b,,2.61,21.963945,0.153,1407
2547,Kepler-342 b,,2.25,15.170318,0.128,2081
2548,Kepler-291 c,,1.88,5.700786,0.065,1994
2549,Kepler-293 c,,3.83,54.155743,0.286,1993
2550,Kepler-189 b,,1.21,10.399931,0.088,1364
2551,Kepler-191 c,,1.86,17.738506,0.128,1053
2552,Kepler-258 c,,3.61,33.653079,0.193,205
2553,Kepler-337 c,,2.05,9.693201,0.093,2082
2554,Kepler-298 c,,1.93,22.92881,0.136,2037
2555,Kepler-300 b,,1.67,10.446347,0.094,2032
2556,Kepler-137 b,,1.47,8.436387,0.077,1721
2557,Kepler-261 c,,2.0,24.570858,0.156,2083
2558,Kepler-265 b,,1.86,6.846262,0.069,2028
2559,Kepler-339 b,,1.42,4.977656,0.055,2084
2560,Kepler-325 b,,2.91,4.544439,0.053,1813
2561,Kepler-126 b,,1.52,10.495711,0.099,730
2562,Kepler-380 b,,1.19,3.930821,0.05,2085
2563,Kepler-397 c,,6.18,135.498527,0.48,2086
2564,Kepler-411 b,25.6,2.401,3.005156,0.0375,948
2565,TOI-2095 c,7.4,1.33,28.17232,0.137,2087
2566,Kepler-416 d,,1.61,3.07644709,0.0407,913
2567,TOI-4504 b,140.0,2.65,2.4261516,0.0338,1328
2568,Kepler-46 c,119.499,13.5,57.011,0.2799,772
2569,Kepler-188 b,,1.68,2.061897,0.032,2088
2570,Kepler-362 c,,1.45,37.866281,0.207,2089
2571,Kepler-136 c,,1.99,16.399235,0.133,2090
2572,Kepler-381 c,,1.12,13.391635,0.117,1230
2573,Kepler-398 b,,0.93,4.081423,0.044,243
2574,Kepler-136 b,19.8,2.05,11.5789,0.106,2090
2575,Kepler-272 d,,2.25,10.937304,0.091,2064
2576,Kepler-206 d,,1.19,23.44281,0.163,1600
2577,Kepler-141 b,,0.69,3.107675,0.039,2067
2578,Kepler-399 d,,1.89,58.034616,0.261,195
2579,Kepler-400 b,,1.65,9.024389,0.087,2091
2580,Kepler-366 b,,1.46,3.281959,0.045,1446
2581,Kepler-367 b,,1.3,37.815724,0.201,2069
2582,Kepler-135 b,,1.81,6.00253,0.067,697
2583,Kepler-383 b,,1.32,12.904532,0.095,2092
2584,Kepler-401 b,,1.71,14.383035,0.122,1255
2585,Kepler-402 c,,1.56,6.124821,0.068,2093
2586,Kepler-351 b,4.8,3.06,37.054919,0.214,994
2587,Kepler-350 b,16.9,1.85,11.189562,0.104,524
2588,Kepler-369 c,,1.41,14.871572,0.094,2094
2589,Kepler-371 b,,1.89,34.763278,0.2,548
2590,Kepler-147 b,,1.53,12.610584,0.113,2095
2591,Kepler-132 d,,1.55,18.010199,0.136,149
2592,Kepler-200 c,,1.59,10.222157,0.09,2096
2593,Kepler-215 e,,1.75,68.16101,0.314,1251
2594,Kepler-347 c,,1.75,27.320871,0.183,2097
2595,Kepler-202 b,,1.63,4.069427,0.045,2098
2596,Kepler-84 f,,2.2,44.552169,0.25,883
2597,Kepler-310 b,,1.19,13.930698,0.111,1473
2598,Kepler-270 c,,1.77,25.262887,0.18,2099
2599,Kepler-24 d,293.959,1.67,4.244384,0.051,1266
2600,Kepler-217 c,,1.85,8.586004,0.089,2100
2601,Kepler-220 e,,1.33,45.902733,0.226,2101
2602,Kepler-313 c,,2.57,32.273273,0.208,1987
2603,Kepler-311 c,,1.43,19.738286,0.145,2011
2604,Kepler-282 c,,1.2,13.638723,0.106,1461
2605,Kepler-286 e,,1.77,29.221289,0.176,2015
2606,Kepler-204 b,,2.53,14.400974,0.117,2102
2607,Kepler-359 d,2.7,4.01,77.095691,0.372,2059
2608,Kepler-314 b,,0.83,2.461069,0.035,2103
2609,Kepler-316 b,,1.06,2.240508,0.027,2044
2610,Kepler-288 d,,2.67,56.633742,0.287,2040
2611,Kepler-149 b,,4.21,29.198943,0.184,2104
2612,Kepler-372 b,,1.36,6.849692,0.075,880
2613,Kepler-205 b,,1.51,2.75564,0.032,2105
2614,Kepler-361 b,,1.45,8.486616,0.086,918
2615,Kepler-317 c,,1.72,8.77501,0.083,2106
2616,Kepler-319 d,,2.29,31.781925,0.191,1826
2617,Kepler-295 d,,1.36,33.884054,0.192,1068
2618,Kepler-308 c,,2.16,15.38231,0.123,2007
2619,Kepler-234 b,,3.7,2.711506,0.04,2107
2620,Kepler-378 c,,0.7,28.906009,0.166,2058
2621,Kepler-321 b,,1.77,4.915379,0.057,2014
2622,Kepler-322 b,,1.01,1.653888,0.027,193
2623,Kepler-397 b,,2.46,22.250949,0.144,2086
2624,Kepler-198 b,,2.82,17.790037,0.131,177
2625,Kepler-386 b,,1.39,12.31043,0.096,2049
2626,Kepler-206 c,,1.77,13.137471,0.111,1600
2627,Kepler-173 c,,2.43,8.005777,0.074,2065
2628,Kepler-250 b,,1.13,4.148141,0.048,1577
2629,Kepler-325 c,,2.54,12.762172,0.105,1813
2630,Kepler-157 c,,2.24,13.5405,0.11,2038
2631,Kepler-392 c,,1.1,10.423118,0.093,2073
2632,Kepler-365 c,,1.64,17.784129,0.137,1728
2633,Kepler-243 b,,2.45,5.715442,0.062,2074
2634,Kepler-402 e,,1.46,11.242861,0.102,2093
2635,Kepler-402 d,,1.38,8.921099,0.087,2093
2636,Kepler-147 c,,2.43,33.416423,0.216,2095
2637,Kepler-183 c,35.7,2.27,11.637071,0.103,2042
2638,Kepler-244 b,,2.76,4.311792,0.05,1765
2639,Kepler-209 b,,2.26,16.087845,0.122,2108
2640,Kepler-127 b,,1.4,14.435889,0.125,2005
2641,Kepler-403 c,,1.75,54.280749,0.297,1717
2642,Kepler-376 b,,1.07,4.920199,0.057,2057
2643,Kepler-331 c,,1.84,17.28111,0.105,652
2644,Kepler-256 e,,2.35,10.681572,0.096,942
2645,Kepler-209 c,,3.1,41.749882,0.231,2108
2646,Kepler-229 d,,3.85,41.194912,0.22,2109
2647,Kepler-237 c,,2.08,8.103636,0.071,2063
2648,Kepler-383 c,,1.24,31.200751,0.172,2092
2649,Kepler-333 c,,1.11,24.08821,0.135,2001
2650,Kepler-334 d,,1.41,25.09849,0.168,37
2651,Kepler-156 c,,2.55,15.906801,0.117,238
2652,Kepler-405 c,,4.66,29.726682,0.188,1176
2653,Kepler-274 c,,1.84,33.197861,0.204,604
2654,Kepler-315 c,,4.15,265.469335,0.791,2043
2655,Kepler-387 c,,0.89,11.837549,0.098,2053
2656,Kepler-388 c,,0.86,13.297004,0.093,2054
2657,Kepler-337 b,,1.54,3.292781,0.045,2082
2658,Kepler-134 c,,1.26,10.105785,0.092,230
2659,Kepler-140 c,,1.8,91.353282,0.414,2072
2660,Kepler-159 b,,2.38,10.139623,0.082,2110
2661,Kepler-320 c,,1.37,17.934937,0.142,2111
2662,Kepler-292 c,,1.47,3.715335,0.045,1622
2663,Kepler-82 b,12.15,4.07,26.44,0.1683,566
2664,Kepler-122 c,,5.87,12.465988,0.108,1742
2665,Kepler-149 c,,1.61,55.328328,0.281,2104
2666,Kepler-164 b,,1.41,5.03503,0.058,1429
2667,Kepler-320 b,,1.14,8.371554,0.085,2111
2668,Kepler-338 e,8.5,1.56,9.341,0.08979,567
2669,Kepler-395 b,,1.03,7.054346,0.061,794
2670,Kepler-341 d,,1.85,27.666313,0.182,1065
2671,Kepler-341 e,,1.99,42.473269,0.242,1065
2672,Kepler-169 b,,1.13,3.250619,0.04,1052
2673,Kepler-169 f,,2.58,87.090195,0.359,1052
2674,Kepler-332 c,,1.09,15.995622,0.114,2112
2675,Kepler-143 b,,2.41,16.007583,0.127,2070
2676,Kepler-299 b,,1.32,2.927128,0.04,2036
2677,Kepler-301 c,,1.35,5.419026,0.06,2031
2678,Kepler-342 d,,2.49,39.459357,0.242,2081
2679,Kepler-233 c,,2.71,60.418955,0.287,2113
2680,Kepler-171 d,,1.89,39.595519,0.223,2016
2681,HD 60779 b,14.19,3.246,29.986175,0.1922,1088
2682,Kepler-335 c,,3.07,67.844469,0.356,2114
2683,Kepler-332 d,,1.18,34.21154,0.189,2112
2684,Kepler-262 b,,1.36,13.060855,0.108,2115
2685,Kepler-263 c,,2.47,47.332773,0.242,2018
2686,Kepler-191 b,,1.34,9.939632,0.087,1053
2687,Kepler-197 e,,0.91,25.209715,0.164,484
2688,Kepler-200 b,,2.13,8.594805,0.08,2096
2689,Kepler-201 b,,2.46,25.672083,0.175,2116
2690,Kepler-84 e,,2.6,27.434389,0.181,883
2691,Kepler-265 e,,2.59,67.831024,0.319,2028
2692,Kepler-24 e,26.2118,2.78,18.998355,0.138,1266
2693,Kepler-441 b,,1.64,207.2482,0.64,2117
2694,Kepler-253 c,,2.65,10.281951,0.089,2118
2695,Kepler-214 c,,2.13,28.7798,0.194,1991
2696,Kepler-170 c,,2.86,16.665863,0.131,1342
2697,Kepler-205 c,,1.64,20.306546,0.122,2105
2698,CoRoT-22 b,12.2,4.88,9.75598,0.092,2119
2699,Kepler-437 b,,2.14,66.65062,0.288,2120
2700,Kepler-192 b,,2.74,9.926746,0.09,963
2701,Kepler-254 b,,3.87,5.826662,0.064,2012
2702,Kepler-196 c,,2.24,47.427737,0.24,972
2703,Kepler-101 b,51.1,5.77,3.4876812,0.0474,515
2704,Kepler-439 b,,2.24,178.1396,0.563,2121
2705,Kepler-256 c,,2.15,3.38802,0.045,942
2706,Kepler-216 c,,3.04,17.406669,0.136,2122
2707,Kepler-184 c,8.8,1.97,20.303005,0.141,842
2708,KIC 10001893 d,,,0.81161,,2123
2709,KIC 10001893 b,,,0.2197,,2123
2710,HD 113538 c,,13.8,1818.0,2.44,2124
2711,HD 30669 b,,14.3,1684.0,2.69,2125
2712,Kepler-217 b,,2.23,5.374943,0.065,2100
2713,Kepler-83 d,4.1,1.94,5.169796,0.051,1976
2714,Kepler-253 d,,3.17,18.119869,0.13,2118
2715,Kepler-424 c,,12.7,223.3,0.73,2126
2716,Kepler-422 b,136.66,12.89,7.8914483,0.082,2127
2717,Kepler-445 c,,2.51,4.871229,0.0301,820
2718,Kepler-446 b,,1.5,1.565409,0.0182,1805
2719,Kepler-259 b,,2.8,8.115317,0.079,2128
2720,Kepler-193 b,,2.39,11.38848,0.106,1986
2721,Kepler-215 b,,1.62,9.360672,0.084,1251
2722,Kepler-192 c,,2.79,21.2234,0.15,963
2723,Kepler-426 b,108.06,12.22,3.21751883,0.0414,2129
2724,Kepler-424 b,327.35,9.98,3.3118644,0.044,2126
2725,Kepler-427 b,92.17,13.79,10.290994,0.091,2130
2726,HD 103720 b,,14.1,4.5557,0.0498,2131
2727,Kepler-434 b,908.96,12.67,12.8747099,0.1143,2132
2728,Kepler-221 c,9.3,2.93,5.690586,0.059,2055
2729,Kepler-222 b,,3.16,3.936981,0.048,2006
2730,Kepler-94 c,3126.0,12.5,820.3,1.596806621,2133
2731,Kepler-48 e,657.0,13.4,982.0,1.898274748,441
2732,Kepler-428 b,403.63,12.11,3.52563254,0.0433,2134
2733,Kepler-425 b,79.45,10.962,3.79701816,0.0464,2135
2734,Kepler-224 c,,3.12,5.925003,0.058,1656
2735,Kepler-407 c,4000.0,12.3,3000.0,3.27090369,1591
2736,Kepler-106 c,10.44,2.5,13.5708,0.10987,115
2737,TYC 1422-614-1 b,,13.3,198.4,0.69,2136
2738,TYC 1422-614-1 c,,12.5,559.3,1.37,2136
2739,Kepler-445 b,,1.58,2.984151,0.0217,820
2740,Kepler-446 d,,1.35,5.148921,0.0403,1805
2741,Kepler-164 c,,2.73,10.945723,0.097,1429
2742,Kepler-165 b,,2.32,8.180848,0.072,2137
2743,OGLE-2005-BLG-071L b,1200.0,13.0,,3.6,2138
2744,OGLE-2008-BLG-092L b,57.0,8.74,,15.0,2139
2745,Kepler-246 b,,2.34,4.60182,0.052,2077
2746,Kepler-226 c,45.2,2.27,5.349555,0.058,2000
2747,Kepler-227 b,,3.11,9.488015,0.09,2140
2748,Kepler-113 b,11.7,1.82,4.754,0.05123,2141
2749,Kepler-48 d,7.93,2.04,42.8961,0.23302,441
2750,Qatar-2 b,792.635,14.056,1.33711647,0.02153,2142
2751,Kepler-117 c,584.78,12.341,50.790391,0.2804,2143
2752,Kepler-161 b,2.63,2.12,4.921355,0.054,2144
2753,Kepler-153 b,,2.92,18.870227,0.129,847
2754,Kepler-229 c,,4.92,16.068638,0.117,2109
2755,Kepler-100 d,3.0,1.61,35.3331,0.21747,1074
2756,Kepler-98 b,3.55,1.99,1.54168,0.02614,2145
2757,Kepler-117 b,29.875,8.059,18.7959228,0.1445,2143
2758,Kepler-430 b,,3.25,35.968,0.2244,2146
2759,Kepler-230 b,,4.26,32.625555,0.191,470
2760,Kepler-166 b,,2.27,7.650254,0.072,2009
2761,Kepler-131 b,16.13,2.41,16.092,0.12789,464
2762,Kepler-406 b,6.35,1.43,2.42629,0.03599,923
2763,Kepler-249 c,,1.51,7.113702,0.058,1678
2764,Kepler-162 c,,3.03,19.446355,0.137,2039
2765,Kepler-180 c,,3.01,41.885775,0.229,1380
2766,Kepler-182 c,,3.43,20.684342,0.157,2147
2767,HD 10180 c,2741.587838782,,5.75969,0.06412,2148
2768,Kepler-82 c,13.9,5.34,51.54,0.2626,566
2769,Kepler-174 b,,1.96,13.98179,0.1,737
2770,Kepler-176 c,1.33,2.6,12.759712,0.102,860
2771,Kepler-96 b,8.46,2.67,16.2385,0.1261,2149
2772,Kepler-48 b,3.94,1.88,4.778,0.05394,441
2773,HD 10180 d,3295.88058059,,16.357,0.12859,2148
2774,HD 10180 e,,5.39,49.748,0.2699,2148
2775,Kepler-55 d,,1.59,2.211099,0.029,1551
2776,Kepler-187 c,,2.67,10.640263,0.099,45
2777,Kepler-233 b,,2.43,8.472382,0.077,2113
2778,Kepler-234 c,,3.51,7.21205,0.077,2107
2779,MOA-2011-BLG-322L b,3690.0,12.4,,4.3,2150
2780,CoRoT-24 b,5.7,3.7,5.1134,0.056,2151
2781,HD 10180 h,,9.4,2205.0,3.381,2148
2782,Kepler-440 b,,1.86,101.11141,0.242,2152
2783,Kepler-251 c,,2.77,16.514043,0.122,553
2784,Kepler-146 c,,3.13,76.732171,0.364,2153
2785,Kepler-150 d,,2.79,12.56093,0.104,2023
2786,OGLE-2008-BLG-355L b,1500.0,12.9,,1.7,2154
2787,CoRoT-24 c,28.0,5.0,11.759,0.098,2151
2788,Kepler-186 f,,1.17,129.9441,0.432,1704
2789,Kepler-252 c,,2.15,10.848463,0.08,2155
2790,Kepler-213 b,,1.62,2.46236,0.036,2050
2791,Kepler-159 c,,3.41,43.595792,0.218,2110
2792,Kepler-202 c,,1.85,16.282493,0.113,2098
2793,HD 35759 b,,13.0,82.467,0.389,2156
2794,Kepler-477 b,,2.07,11.11990653,0.0911,2157
2795,HD 67087 c,,12.9,2374.0,3.86,2158
2796,Kepler-6 b,212.31044,14.616536,3.2346996,0.04852,2159
2797,HD 220842 b,,13.1,218.47,0.74,2160
2798,HIP 65407 c,,13.9,67.3,0.316,2161
2799,Kepler-505 b,,2.6,27.52197994,0.1445,2162
2800,CoRoT-29 b,270.1555,10.0881,2.85057,0.0386,2163
2801,tau Boo b,1891.0,12.8,3.3124568,0.049,2164
2802,Kepler-412 b,299.07803,15.031269,1.7208604,0.02897,2165
2803,HD 141399 b,,14.3,94.44,0.415,628
2804,HD 141399 c,,13.6,201.99,0.689,628
2805,Kepler-754 b,,2.01,14.5596237,0.116,2166
2806,Kepler-753 b,,1.91,5.747725012,0.054,2167
2807,HAT-P-54 b,241.5508,10.581296,3.799847,0.04117,2168
2808,TrES-5 b,568.9157,13.383546,1.48224686,0.02459,2169
2809,KOI-13 b,2949.4624,16.948008,1.763588,0.03641,2170
2810,WASP-42 b,167.49641,12.576498,4.9816819,0.0561,2171
2811,Kepler-766 b,,3.39,6.10027804,0.066,2172
2812,Kepler-771 b,,1.82,8.73485836,0.0843,2173
2813,HD 100546 b,2701.5414595,77.3421,,53.0,2174
2814,Kepler-432 c,,13.3,406.2,,2175
2815,Kepler-76 b,638.8383,15.24424,1.5449298,0.0274,2176
2816,OGLE-2003-BLG-235L b,830.0,13.2,,4.3,2177
2817,Kepler-765 b,,2.43,27.6655226,0.1754,2178
2818,Kepler-432 b,1719.4603,12.834305,52.501129,0.301,2175
2819,Kepler-5 b,670.93913,15.984034,3.5484657,0.0538,2179
2820,Kepler-7 b,140.16303,18.180998,4.8854892,0.06067,2180
2821,HIP 74890 b,,13.3,822.3,2.1,2181
2822,K2-29 b,232.0159,13.33871,3.2588321,0.04217,2182
2823,Kepler-767 b,,6.64,161.5280101,0.5874,2183
2824,Kepler-773 b,,1.43,3.749100061,0.04682,2184
2825,Kepler-774 b,,3.17,11.0895723,0.1082,2185
2826,2MASS J02192210-3925225 b,4417.837,16.14096,,156.0,2186
2827,HD 7924 d,1568.165360138,,24.451,0.1551,2187
2828,WASP-41 c,,13.1,421.0,1.07,2188
2829,HAT-P-50 b,429.0705,14.437192,3.1220109,0.0453,2189
2830,HD 133131 A b,,13.6,649.0,1.44,2190
2831,HATS-17 b,425.25654,8.709393,16.254611,0.1308,2191
2832,Kepler-772 b,,1.82,12.99207337,0.11153,2192
2833,Kepler-769 b,,2.92,7.42608998,0.0778,2193
2834,Kepler-449 c,,2.764,33.6727,0.1979,2194
2835,HD 133131 A c,,14.3,3568.0,4.49,2190
2836,WASP-92 b,255.85315,16.376349,2.1746742,0.0348,2195
2837,Kepler-762 b,,12.68,3.770552098,0.0493,2196
2838,Kepler-781 b,,2.89,13.2140732,0.1019,2197
2839,Kepler-92 d,,2.067,49.3568,0.28682,1542
2840,Kepler-449 b,,2.056,12.58242,0.1027,2194
2841,HD 175607 b,2456.177929296,,29.01,,2198
2842,HD 1461 c,,2.23,13.5052,0.1117,1122
2843,WASP-93 b,467.2101,17.900773,2.7325321,0.04211,2199
2844,HD 128311 c,1204.25787,13.0,921.538,1.74,815
2845,alf Tau b,,12.7,628.96,1.46,2200
2846,Kepler-450 d,17.6,0.837,7.51464,0.0827,618
2847,OGLE-2005-BLG-169L b,14.1,3.84,,3.5,2201
2848,WASP-46 b,607.0553,13.159366,1.43036763,0.02335,2202
2849,HD 60532 b,,13.8,201.9,0.77,2203
2850,HD 60532 c,,13.3,600.1,1.6,2203
2851,OGLE-2013-BLG-0102L b,4100.0,12.3,,0.8,2204
2852,Kepler-41 b,177.98,14.46,1.8555582,0.03101,2205
2853,HIP 107773 b,,13.4,144.3,0.72,2206
2854,HATS-8 b,43.86054,9.785457,3.583893,0.04667,2207
2855,LkCa 15 b,,,,14.7,2208
2856,LkCa 15 c,,,,18.6,2208
2857,Qatar-1 b,411.27202,12.811887,1.4200242,0.02332,2209
2858,HAT-P-66 b,248.86089,17.82231,2.972086,0.04363,2210
2859,Kepler-75 b,3209.9,11.77,8.8849116,0.0818,2211
2860,Kepler-453 b,16.0,6.204,240.503,0.7903,2212
2861,WASP-89 b,1875.197,11.65736,3.3564227,0.0427,2213
2862,KIC 3558849 b,,6.9,1322.3,,2214
2863,KIC 8540376 c,,2.4,75.2,,2215
2864,OGLE-2007-BLG-349L AB c,80.0,10.7,2557.0,2.59,2216
2865,Kepler-56 d,,12.8,1002.0,2.16,1935
2866,Kepler-444 b,,0.403,3.6001053,0.04178,572
2867,K2-6 b,,2.5,30.94191,0.1898,2217
2868,HD 42618 b,,3.89,149.61,0.554,2218
2869,OGLE-2012-BLG-0950L b,35.0,6.56,,2.6,2219
2870,Kepler-444 e,0.1,0.546,7.743493,0.0696,572
2871,K2-15 b,,2.48,11.8104,0.091,2220
2872,K2-14 b,,4.81,8.36802,0.0627,2221
2873,K2-17 b,,2.23,17.96753,0.119,2222
2874,K2-9 b,,2.25,18.4498,0.091,2223
2875,WASP-36 b,750.39663,14.874343,1.53736596,0.02677,2224
2876,Kepler-26 b,5.12,2.78,12.28,0.08551,2080
2877,HATS-13 b,172.58169,13.585308,3.0440499,0.04057,2225
2878,HATS-14 b,340.39593,11.646151,2.7667641,0.03815,2226
2879,WASP-90 b,200.2329,18.27067,3.916243,0.0562,2227
2880,HD 5583 b,,12.8,139.35,0.53,2228
2881,Kepler-26 c,6.2,2.72,17.2559,0.10725,2080
2882,Kepler-447 b,435.41,18.49,7.79430132,0.0769,2229
2883,OGLE-2011-BLG-0265L b,280.0,13.9,,1.89,2230
2884,HD 130322 b,,13.7,10.70871,0.0925,2231
2885,OGLE-2012-BLG-0563L b,120.0,13.6,,0.74,2232
2886,Kepler-296 d,,2.09,19.850291,0.118,581
2887,Pr0211 c,,12.6,4850.0,5.5,2233
2888,BD+15 2375 b,,13.8,153.22,0.576,2234
2889,Kepler-60 d,4.16,1.99,11.8981,0.10203,503
2890,HD 1666 b,,12.7,270.0,0.94,2235
2891,HD 67087 b,,13.1,352.2,1.08,2158
2892,Kepler-296 e,,1.53,34.14211,0.169,581
2893,Kepler-872 b,,1.99,2.578855068,0.0362,2236
2894,Kepler-871 b,,3.74,22.0459018,0.1572,2237
2895,Kepler-603 c,,6.5,127.9075774,0.53439,2238
2896,Kepler-908 b,,1.22,1.340597468,0.02526,2239
2897,Kepler-499 b,,2.17,5.632528453,0.0598,2240
2898,Kepler-801 b,,2.0,11.41928253,0.0795,2241
2899,Kepler-799 b,,6.88,133.4605235,0.5167,2242
2900,Kepler-870 b,,2.78,21.3587621,0.1539,2243
2901,Kepler-869 b,,3.61,40.4287755,0.2244,2244
2902,Kepler-907 b,,1.2,15.86621821,0.1225,2245
2903,Kepler-912 b,,2.8,2.534756273,0.0339,2246
2904,Kepler-797 b,,2.17,27.07237711,0.181,2247
2905,Kepler-867 b,,4.64,150.242127,0.5375,2248
2906,Kepler-868 b,,2.05,5.03251791,0.0575,2249
2907,Kepler-866 b,,1.63,2.617032536,0.0331,2250
2908,Kepler-913 b,,2.06,10.29672521,0.1009,2251
2909,Kepler-910 b,,0.82,2.364369015,0.03752,2252
2910,Kepler-847 b,,1.18,2.343231895,0.0315,2253
2911,Kepler-846 b,,2.48,19.80792185,0.1399,2254
2912,Kepler-795 b,,1.68,29.6193421,0.1803,2255
2913,Kepler-794 b,,2.11,11.13125132,0.10036,2256
2914,Kepler-865 b,,2.49,14.16399294,0.1057,2257
2915,Kepler-909 b,,1.47,13.93290318,0.11873,2258
2916,Kepler-916 b,,1.76,32.2968798,0.1885,2259
2917,Kepler-845 b,,2.04,0.927859821,0.01668,2260
2918,Kepler-844 b,,1.68,2.613020856,0.0298,2261
2919,Kepler-792 b,,1.96,11.30119217,0.0988,2262
2920,Kepler-791 b,,3.05,14.5539759,0.1256,2263
2921,Kepler-862 b,,2.21,3.148664534,0.039,2264
2922,Kepler-861 b,,2.28,3.949631375,0.0463,2265
2923,Kepler-930 b,,2.13,71.4517775,0.34593,2266
2924,Kepler-842 b,,1.6,1.21956827,0.0204,2267
2925,Kepler-841 b,,5.23,124.4198398,0.479,2268
2926,Kepler-790 b,,2.18,13.73469807,0.101,2269
2927,Kepler-788 b,,2.55,8.39846269,0.0835,2270
2928,Kepler-860 b,,3.24,5.101379454,0.058,2271
2929,Kepler-924 b,,3.07,61.0370117,0.31318,2272
2930,Kepler-923 b,,1.38,6.93366476,0.07592,2273
2931,Kepler-838 b,,2.73,15.74957994,0.1266,2274
2932,Kepler-837 b,,2.56,16.56059504,0.1144,2275
2933,Kepler-787 b,,1.28,0.928310498,0.0159,2276
2934,Kepler-465 b,,2.95,9.940672466,0.09195,2277
2935,Kepler-856 b,,9.3,8.027680595,0.0787,2278
2936,Kepler-890 b,,8.89,52.75875577,0.2944,2279
2937,Kepler-927 b,,1.72,9.1149903,0.0866,2280
2938,Kepler-926 b,,2.31,52.0688601,0.2739,2281
2939,Kepler-892 b,,2.81,13.7521072,0.1015,2282
2940,Kepler-933 b,,2.46,14.20443009,0.1041,2283
2941,Kepler-826 b,,1.25,4.48758907,0.05202,2284
2942,Kepler-830 b,,1.7,11.29695137,0.1033,2285
2943,Kepler-829 b,,2.11,6.88337562,0.0678,2286
2944,Kepler-895 b,,1.54,2.806242328,0.0328,2287
2945,Kepler-743 b,,1.21,3.179262921,0.04166,2288
2946,Kepler-823 b,,1.57,4.16809082,0.0507,2289
2947,Kepler-487 c,,2.68,38.6519976,0.21864,2290
2948,Kepler-898 b,,1.49,5.8706191,0.0545,2291
2949,Kepler-899 b,,2.68,19.17891293,0.1392,2292
2950,Kepler-747 b,,5.27,35.61760587,0.1916,2293
2951,Kepler-821 b,,1.31,1.92279873,0.029,2294
2952,Kepler-498 b,,3.03,9.61375356,0.0897,2295
2953,Kepler-887 b,,1.84,20.42228798,0.15431,523
2954,Kepler-901 b,,1.37,3.517494394,0.0378,2296
2955,Kepler-900 b,,2.08,6.9913086,0.0679,2297
2956,Kepler-751 b,,2.46,17.44490636,0.1263,2298
2957,Kepler-755 b,,1.76,1.269090374,0.02156,862
2958,Kepler-820 b,,6.09,127.8338098,0.56004,2299
2959,Kepler-817 b,,9.03,3.990106229,0.0493,2300
2960,Kepler-886 b,,1.52,6.24146367,0.06428,2301
2961,Kepler-885 b,,2.5,18.11472949,0.14403,2302
2962,Kepler-904 b,,1.77,3.021668632,0.0417,2303
2963,Kepler-905 b,,1.41,5.082746517,0.05689,2304
2964,Kepler-756 b,,1.12,1.224866322,0.0219,2305
2965,Kepler-757 b,,1.36,1.022678821,0.019,2306
2966,Kepler-815 b,,4.11,8.57503552,0.09473,2307
2967,Kepler-852 b,,2.54,44.9309804,0.27967,2308
2968,Kepler-883 b,,1.78,12.98495573,0.10288,2309
2969,Kepler-509 b,,2.49,41.74600392,0.23702,2310
2970,Kepler-466 c,,1.25,3.709213846,0.04658,1516
2971,Kepler-502 b,,4.77,4.28686431,0.0535,2311
2972,Kepler-758 b,,2.48,12.1097104,0.10754,619
2973,Kepler-813 b,,2.14,19.12947337,0.1439,2312
2974,Kepler-811 b,,2.7,23.58447697,0.15911,2313
2975,Kepler-882 b,,1.23,3.989539666,0.04741,2314
2976,Kepler-880 b,,2.66,7.71468975,0.0915,2315
2977,Kepler-474 b,,3.06,5.660672935,0.06092,2316
2978,Kepler-760 b,,3.06,8.70419416,0.08087,1375
2979,Kepler-810 b,,1.93,4.59725385,0.055,2317
2980,Kepler-809 b,,3.01,55.63934,0.2901,2318
2981,Kepler-877 b,,2.12,18.45847097,0.1301,2319
2982,Kepler-750 c,,1.62,4.08899022,0.05009,2320
2983,Kepler-255 d,,1.32,1.045622658,0.0192,749
2984,Kepler-775 b,,1.19,0.974868926,0.01834,2321
2985,Kepler-500 b,,2.58,8.508324398,0.08361,2322
2986,Kepler-808 b,,1.46,0.631332353,0.01314,2323
2987,Kepler-875 b,,2.9,27.5073799,0.1771,2324
2988,Kepler-732 c,,1.27,0.893041236,0.0143,1589
2989,Kepler-777 b,,1.47,5.72812599,0.0519,2325
2990,Kepler-779 b,,0.92,7.09714223,0.0533,2326
2991,Kepler-804 b,,1.94,14.37457351,0.11287,2327
2992,Kepler-803 b,,3.79,50.28638192,0.26721,2328
2993,Kepler-1049 b,,0.95,3.273460736,0.0349,2329
2994,Kepler-969 b,,2.07,34.1731714,0.19726,2330
2995,Kepler-1137 b,,2.2,23.9210791,0.1871,2331
2996,Kepler-975 b,,1.48,1.970342457,0.02898,2332
2997,Kepler-995 b,,2.7,28.26731672,0.1701,2333
2998,Kepler-1054 b,,2.63,4.30655689,0.05542,2334
2999,Kepler-1033 b,,2.51,7.56052806,0.0761,2335
3000,Kepler-1040 b,,2.08,201.1214,0.67249,2336
3001,Kepler-1138 b,,1.7,3.17060005,0.0415,2337
3002,Kepler-1139 b,,1.19,0.813166719,0.01664,2338
3003,Kepler-1060 b,,2.38,46.8779367,0.2495,2339
3004,Kepler-1003 b,,1.78,3.554856915,0.04333,2340
3005,Kepler-1055 b,,1.23,2.295036233,0.0335,2341
3006,Kepler-998 b,,2.32,5.65377733,0.0626,2342
3007,Kepler-1017 b,,1.99,7.23400469,0.07196,2343
3008,Kepler-974 b,,1.57,4.194496514,0.0419,2344
3009,Kepler-1045 b,,2.69,26.41045478,0.1616,2345
3010,Kepler-980 b,,2.67,11.55102504,0.09993,2346
3011,Kepler-991 b,,2.54,82.5342519,0.3104,2347
3012,Kepler-1072 b,,1.58,1.569066502,0.02742,2348
3013,Kepler-490 b,,11.65,3.268695154,0.0453,2349
3014,Kepler-1018 b,,2.58,49.1013514,0.253,2350
3015,Kepler-1004 b,,6.28,5.28789787,0.06791,2351
3016,Kepler-997 b,,1.36,2.707306716,0.04022,2352
3017,Kepler-1151 b,,2.22,65.6478424,0.3197,2353
3018,Kepler-1064 b,,1.55,16.54080322,0.1183,2354
3019,Kepler-971 b,,2.13,9.59070716,0.08679,2355
3020,Kepler-1051 b,,3.4,25.96200249,0.18395,2356
3021,Kepler-1007 b,,1.44,5.185002073,0.048,2357
3022,Kepler-968 b,,2.0,3.692983728,0.0389,1131
3023,Kepler-1145 b,,1.4,3.97076766,0.0443,2358
3024,Kepler-1147 b,,2.61,10.62784997,0.0961,2359
3025,Kepler-1029 b,,1.26,4.417696479,0.047,2360
3026,Kepler-996 b,,1.98,3.770590584,0.0474,2361
3027,Kepler-966 b,,4.13,99.747622,0.3907,2362
3028,Kepler-1047 b,,2.09,56.1886887,0.29871,2363
3029,Kepler-1149 b,,1.44,3.73089898,0.0473,2364
3030,Kepler-1148 b,,1.69,1.104463509,0.0188,2365
3031,Kepler-1057 b,,3.36,14.08827448,0.1138,2366
3032,Kepler-1059 b,,1.73,3.764191048,0.044,2367
3033,Kepler-965 b,,3.38,134.2527298,0.50998,2368
3034,Kepler-999 b,,2.34,5.991857017,0.06918,2369
3035,Kepler-1112 b,,3.02,14.36267939,0.1239,2370
3036,Kepler-952 b,,7.65,130.3546919,0.5183,2371
3037,Kepler-479 b,,2.12,12.49341307,0.09636,2372
3038,Kepler-934 b,,2.09,55.6738309,0.2658,2373
3039,Kepler-977 b,,2.62,26.85328322,0.162,2374
3040,Kepler-1021 b,,2.33,13.47469571,0.1034,2375
3041,Kepler-979 b,,2.72,8.0880135,0.0753,2376
3042,Kepler-982 b,,2.25,15.7738221,0.1277,2377
3043,Kepler-936 b,,1.45,10.56134221,0.0954,2378
3044,Kepler-938 b,,2.22,52.6298417,0.2689,2379
3045,Kepler-1006 b,,1.54,19.76172042,0.1464,2380
3046,Kepler-1009 b,,2.17,11.35011917,0.0796,2381
3047,Kepler-976 b,,3.96,105.9564148,0.4217,2382
3048,Kepler-1052 b,,2.93,34.8538276,0.20988,1599
3049,Kepler-1120 b,,1.38,2.949029052,0.0369,2383
3050,Kepler-1123 b,,1.67,4.33946454,0.0497,2384
3051,Kepler-940 b,,3.34,59.6225257,0.3059,2385
3052,Kepler-1035 b,,1.17,2.714077555,0.03883,2386
3053,Kepler-1027 b,,0.89,1.907805199,0.02911,2387
3054,Kepler-986 b,,2.36,56.4349938,0.29131,2388
3055,Kepler-1011 b,,2.87,5.753221974,0.0633,2389
3056,Kepler-1068 b,,3.63,16.92344113,0.13038,2390
3057,Kepler-917 b,,1.91,2.970414375,0.0378,2391
3058,Kepler-918 b,,1.74,4.85386933,0.0569,2392
3059,Kepler-978 b,,2.99,49.6221509,0.2726,2393
3060,Kepler-1002 b,,1.71,4.336429331,0.0564,2394
3061,Kepler-493 b,,15.13,3.003876581,0.0439,2395
3062,Kepler-1128 b,,3.65,61.6178167,0.302,2396
3063,Kepler-920 b,,2.42,6.53192704,0.065,1452
3064,Kepler-919 b,,2.25,11.04603384,0.0981,2397
3065,Kepler-921 b,,2.87,51.300634,0.2716,2398
3066,Kepler-1015 b,,3.55,16.00494214,0.1345,2399
3067,Kepler-1005 b,,1.5,6.49801525,0.06717,2400
3068,Kepler-972 b,,4.65,7.03932553,0.0734,2401
3069,Kepler-1130 b,,0.8,5.45298175,0.05963,614
3070,Kepler-1131 b,,1.59,3.53232449,0.0459,2402
3071,Kepler-1025 b,,1.98,37.3229493,0.21607,2403
3072,Kepler-497 b,,6.04,3.573203671,0.0457,2404
3073,Kepler-994 b,,1.6,1.151166506,0.0177,2405
3074,Kepler-1132 b,,2.35,62.8916228,0.2881,2406
3075,Kepler-1069 b,,1.6,23.8990296,0.16587,2407
3076,Kepler-1034 b,,2.26,12.12400943,0.0965,2408
3077,Kepler-944 b,,2.63,43.3167737,0.2288,2409
3078,Kepler-942 b,,2.13,44.96417488,0.22737,2410
3079,Kepler-946 b,,1.93,11.79162572,0.1002,2411
3080,HD 50554 c,5.3,1.31,5.969362,0.0652,178
3081,Kepler-992 b,,1.62,20.16034462,0.13372,2412
3082,Kepler-1134 b,,2.64,17.13263989,0.1242,2413
3083,Kepler-1135 b,,1.85,76.957857,0.3436,2414
3084,Kepler-951 b,,5.59,71.52530845,0.3091,2415
3085,Kepler-967 b,,2.35,13.22713379,0.1027,2416
3086,Kepler-1013 b,,2.15,18.93054959,0.137,2417
3087,Kepler-1233 b,,2.6,45.1263042,0.263,2418
3088,Kepler-1234 b,,2.81,11.94014029,0.096,2419
3089,Kepler-523 b,,1.96,5.835983111,0.06159,2420
3090,Gl 725 B c,,1.66,37.9,0.139,2421
3091,Kepler-1180 b,,1.99,16.8601286,0.1246,2422
3092,Kepler-1181 b,,1.57,4.89337519,0.0621,2423
3093,Kepler-1189 b,,1.77,3.78858982,0.0467,2424
3094,Kepler-1236 b,,2.14,31.0571618,0.1803,2425
3095,Kepler-1235 b,,0.79,4.16055856,0.04836,2426
3096,Kepler-518 b,,2.11,8.512035877,0.07996,2427
3097,Kepler-1276 b,,1.19,12.5720095,0.10863,2428
3098,Kepler-1277 b,,1.6,40.8365012,0.21857,2429
3099,Kepler-1182 b,,2.41,11.17394617,0.0981,2430
3100,Kepler-549 b,11.0,2.57,42.9495649,0.23236,2431
3101,Kepler-1237 b,,2.86,84.5733226,0.3778,2432
3102,Kepler-1279 b,,1.75,23.4774101,0.1785,2433
3103,Kepler-1280 b,,1.87,66.5579057,0.33982,2434
3104,Kepler-1076 b,,0.8,6.14727918,0.0611,2435
3105,Kepler-1077 b,,2.77,34.3511874,0.2101,2436
3106,Kepler-1193 b,,1.32,2.832652134,0.04004,2437
3107,Kepler-1194 b,,1.51,16.22371307,0.1212,2438
3108,Kepler-1238 b,,1.93,4.14787559,0.0541,2439
3109,Kepler-1282 b,,1.55,2.131946513,0.0335,2440
3110,Kepler-1078 b,,1.9,3.00725242,0.0388,2441
3111,Kepler-1079 b,,1.63,13.24503188,0.1092,2442
3112,Kepler-1242 b,,2.26,13.62798432,0.1039,2443
3113,Kepler-1243 b,,1.75,16.8320729,0.1256,2444
3114,Kepler-1081 b,,1.01,3.856918547,0.04662,2445
3115,Kepler-1199 b,,1.15,15.0447198,0.11309,2446
3116,Kepler-1202 b,,2.94,28.6851324,0.179,2447
3117,Kepler-519 b,,2.1,24.3078946,0.15932,2448
3118,Kepler-1284 b,,1.21,0.664073806,0.0143,2449
3119,Kepler-1083 b,,3.36,33.4177993,0.1899,2450
3120,Kepler-1203 b,,1.06,0.588000765,0.0114,2451
3121,Kepler-1204 b,,3.05,85.7350285,0.3877,2452
3122,Kepler-1246 b,,1.36,11.32271513,0.0848,2453
3123,Kepler-1289 b,,1.52,7.99019627,0.0785,2454
3124,Kepler-1087 b,,0.61,0.693842855,0.01554,2455
3125,Kepler-1086 b,,2.44,18.78425728,0.1198,2456
3126,Kepler-1088 b,,1.42,23.12748644,0.16163,2457
3127,Kepler-1206 b,,1.64,1.216997663,0.0201,2458
3128,Kepler-1205 b,,1.41,1.078390352,0.0196,2459
3129,Kepler-1249 b,,2.38,24.3347127,0.167,2460
3130,Kepler-1250 b,,1.92,2.607543834,0.0393,2461
3131,Kepler-1293 b,,0.97,5.57654784,0.06763,2462
3132,Kepler-513 b,,2.2,28.86235584,0.1779,2463
3133,Kepler-1092 b,,2.07,58.6017925,0.2996,2464
3134,Kepler-1209 b,,1.51,25.369116,0.17515,2465
3135,Kepler-1252 b,,1.67,15.0540329,0.1078,2466
3136,Kepler-1253 b,,1.33,68.8861915,0.31444,2467
3137,Kepler-1156 b,,1.32,11.89520511,0.09704,2468
3138,Kepler-1155 b,,2.03,33.469743,0.2006,2469
3139,Kepler-1093 b,,1.95,25.0824626,0.17543,2470
3140,Kepler-1094 b,,3.18,78.1000231,0.3625,2471
3141,Kepler-1213 b,,1.19,5.34982412,0.06026,2472
3142,Kepler-1255 b,,2.32,36.2919336,0.2226,2473
3143,Kepler-1256 b,,1.49,12.4127754,0.10733,2474
3144,Kepler-1160 b,,2.14,7.97034958,0.0755,2475
3145,Kepler-1158 b,,2.34,13.5396293,0.12643,2476
3146,Kepler-1097 b,,3.26,187.747029,0.5791,2477
3147,Kepler-1095 b,,1.21,4.27103091,0.0514,2478
3148,Kepler-1217 b,,1.99,2.032325072,0.0326,2479
3149,Kepler-1216 b,,1.39,4.37034536,0.0519,2480
3150,Kepler-1257 b,,1.52,2.668313762,0.0376,2481
3151,Kepler-1260 b,,1.77,19.1187753,0.1444,2482
3152,Kepler-1163 b,,1.03,6.11786898,0.06868,2483
3153,Kepler-1100 b,,1.75,6.42200058,0.06745,2484
3154,Kepler-1098 b,,1.3,2.543072855,0.0358,2485
3155,Kepler-1261 b,,2.26,48.4308991,0.239,2486
3156,Kepler-1166 b,,1.69,33.2406882,0.1975,2487
3157,Kepler-1167 b,,1.71,1.003933739,0.0175,2488
3158,Kepler-1103 b,,2.27,19.79191978,0.15336,2489
3159,Kepler-1221 b,,1.88,12.00096042,0.0906,2490
3160,Kepler-522 b,,6.91,38.58422849,0.25029,2491
3161,Kepler-1264 b,,1.18,0.968526023,0.01839,2492
3162,Kepler-1169 b,,0.94,6.11009134,0.06931,2493
3163,Kepler-1168 b,,2.5,55.8226539,0.2663,2494
3164,Kepler-1106 b,,1.65,1.252752174,0.0239,2495
3165,Kepler-1226 b,,1.45,17.2923453,0.13945,2496
3166,Kepler-1266 b,,2.58,28.474748,0.16431,2497
3167,Kepler-1268 b,,2.03,40.9903986,0.2383,2498
3168,Kepler-1171 b,,2.56,1.44259224,0.0284,2499
3169,Kepler-1172 b,,3.2,26.0204423,0.168,2500
3170,Kepler-1109 b,,2.19,37.6467384,0.2466,2501
3171,Kepler-1110 b,,2.66,9.69312032,0.0754,2502
3172,Kepler-1229 b,,1.4,86.828989,0.3006,2503
3173,Kepler-436 c,,2.33,16.79713874,0.11452,2504
3174,Kepler-1270 b,,3.32,6.03356196,0.07045,2505
3175,Kepler-804 c,,1.14,9.65185017,0.08654,2327
3176,Kepler-1230 b,,2.71,9.95661537,0.0921,2506
3177,Kepler-1271 b,,1.48,3.0255955,0.04233,2507
3178,Kepler-1273 b,,2.49,28.625653,0.1857,2508
3179,Kepler-1177 b,,1.9,106.247547,0.4301,2509
3180,Kepler-1179 b,,1.32,2.685057492,0.03497,2510
3181,Kepler-1152 b,,0.87,1.646801908,0.0223,2511
3182,Kepler-1186 b,,2.23,16.07677615,0.1281,2512
3183,Kepler-535 b,,2.36,4.903321551,0.06011,2513
3184,Kepler-1411 b,,2.82,86.1150888,0.4001,2514
3185,Kepler-1413 b,,1.82,13.1829642,0.1066,2515
3186,Kepler-1317 b,,1.56,0.568874427,0.0128,2516
3187,Kepler-1318 b,,3.11,213.257663,0.6085,2517
3188,Kepler-1362 b,,2.6,136.205626,0.4626,2518
3189,Kepler-536 b,,3.1,1.827082299,0.02835,2519
3190,Kepler-1415 b,,1.29,0.63642408,0.01416,2520
3191,Kepler-1320 b,,1.7,0.868386528,0.0163,2521
3192,Kepler-1321 b,,4.92,11.12830484,0.0781,2522
3193,Kepler-1366 b,,1.43,2.164570968,0.0273,2523
3194,Kepler-903 c,,2.53,62.9228557,0.30249,2524
3195,Kepler-758 e,,1.53,8.1934719,0.0829,619
3196,Kepler-1417 b,,1.0,20.3505213,0.14062,2525
3197,Kepler-1322 b,,1.61,0.962867382,0.0183,1259
3198,Kepler-525 b,,2.63,18.68404933,0.14386,2526
3199,Kepler-722 c,,2.82,105.144749,0.4471,2527
3200,Kepler-1422 b,,2.02,18.6051942,0.1499,2528
3201,Kepler-1327 b,,1.8,14.88801098,0.11151,2529
3202,Kepler-1368 b,,1.65,0.675649486,0.0153,2530
3203,Kepler-769 c,,1.79,15.9870174,0.1297,2193
3204,Kepler-770 c,,1.2,1.475322314,0.0309,13
3205,Kepler-1430 b,,1.18,2.46050993,0.0304,2531
3206,Kepler-1431 b,,1.47,5.86601526,0.0648,2532
3207,Kepler-1328 b,,0.98,4.52158888,0.052,2533
3208,Kepler-1329 b,,2.17,9.33646594,0.0747,2534
3209,Kepler-527 b,,2.84,13.28535633,0.11646,2535
3210,Kepler-1371 b,,0.73,3.4462039,0.04214,2536
3211,Kepler-770 d,,1.4,4.15244722,0.0616,13
3212,Kepler-896 b,,2.53,144.547396,0.56378,2537
3213,Kepler-1427 b,,1.1,0.968972376,0.0197,2538
3214,Kepler-1332 b,,1.37,11.87456832,0.09915,2539
3215,Kepler-1330 b,,1.65,10.10769068,0.0889,2540
3216,Kepler-1373 b,,1.16,1.29123275,0.02598,2541
3217,Kepler-1374 b,,2.29,10.65276707,0.0918,2542
3218,Kepler-1311 c,,1.22,2.53573424,0.03753,728
3219,Kepler-1428 b,,1.64,10.67607169,0.11051,2543
3220,Kepler-1429 b,,1.29,4.48487493,0.055,2544
3221,Kepler-1335 b,,1.45,6.26406846,0.0615,2545
3222,Kepler-528 b,,2.08,19.78297415,0.14219,2546
3223,Kepler-1321 c,,2.4,2.226491086,0.0267,2522
3224,Kepler-1433 b,,1.56,4.13592271,0.0516,2547
3225,Kepler-1337 b,,2.41,24.4002549,0.1441,2548
3226,Kepler-1339 b,,0.71,1.341555127,0.02356,2549
3227,Kepler-1377 b,,1.25,0.740928422,0.0153,2550
3228,Kepler-1378 b,,2.2,11.95398936,0.0885,2551
3229,Kepler-1370 c,,1.27,7.44142113,0.08084,2552
3230,Kepler-1295 b,,1.55,3.81371974,0.0464,2553
3231,Kepler-1296 b,,0.91,8.3839865,0.0896,2554
3232,Kepler-1341 b,,2.99,132.9968322,0.47267,2555
3233,Kepler-529 b,,1.86,1.980357663,0.0309,1370
3234,Kepler-1380 b,,1.43,10.3108245,0.0917,2556
3235,Kepler-1391 b,,1.68,54.4092333,0.30045,2557
3236,Kepler-1392 b,,1.96,15.1410397,0.1189,2558
3237,Kepler-1297 b,,0.97,1.68189002,0.0283,2559
3238,Kepler-1343 b,,1.93,3.35183158,0.0449,2560
3239,Kepler-1344 b,,1.84,4.7683049,0.05501,2561
3240,Kepler-1383 b,,1.41,13.9093583,0.11397,2562
3241,Kepler-1381 b,,2.25,25.3842686,0.1728,2563
3242,Kepler-1393 b,,0.8,2.44357812,0.0337,2564
3243,Kepler-1300 b,,1.37,22.2419092,0.16005,2565
3244,Kepler-616 c,,3.41,90.4113556,0.4024,627
3245,Kepler-1347 b,,1.03,14.00947528,0.104,2566
3246,Kepler-1345 b,,2.36,44.6169557,0.26412,2567
3247,Kepler-1385 b,,0.85,2.88879862,0.04262,2568
3248,Kepler-1384 b,,1.94,15.36262753,0.1126,2569
3249,Kepler-1397 b,,1.72,47.449955,0.25861,2570
3250,Kepler-1398 b,,0.9,2.78815679,0.03909,2571
3251,Kepler-1396 b,,2.07,18.2206421,0.1406,2572
3252,Kepler-1302 b,,1.43,8.83922659,0.0795,2573
3253,Kepler-1304 b,,2.29,16.1288853,0.1202,2574
3254,Kepler-1350 b,,2.52,4.4968604,0.0413,2575
3255,Kepler-1348 b,,1.94,27.5722742,0.1834,2576
3256,Kepler-1387 b,,0.93,2.279526656,0.031,2577
3257,Kepler-1398 c,,1.03,4.13827595,0.05087,2571
3258,Kepler-1400 b,,1.62,9.06689421,0.0771,2578
3259,Kepler-1307 b,,2.47,18.01621096,0.1369,2579
3260,Kepler-1351 b,,0.65,0.916140768,0.0156,2580
3261,Kepler-521 b,,3.18,22.20813214,0.17116,2581
3262,Kepler-1390 b,,1.18,6.48021673,0.0662,2582
3263,Kepler-531 b,,2.78,29.88485741,0.17446,2583
3264,Kepler-1389 b,,1.77,99.2530951,0.38249,2584
3265,Kepler-1401 b,,1.68,11.20066445,0.0975,2585
3266,Kepler-1402 b,,0.76,2.03387914,0.0322,2586
3267,Kepler-1308 b,,0.52,2.104338119,0.025,2587
3268,Kepler-1309 b,,2.37,28.8432647,0.1679,2588
3269,Kepler-1352 b,,0.89,1.877882748,0.02883,2589
3270,Kepler-1353 b,,1.8,24.7543966,0.153,2590
3271,Kepler-532 b,,2.57,12.92491623,0.10151,2591
3272,Kepler-1403 b,,2.14,5.19492202,0.064,2592
3273,Kepler-1405 b,,3.96,28.2274184,0.1778,2593
3274,Kepler-1310 b,,1.44,0.679336272,0.01452,2594
3275,Kepler-1312 b,,2.1,5.448325286,0.06053,2595
3276,Kepler-517 b,,2.67,60.92832271,0.28682,2596
3277,Kepler-1356 b,,1.53,0.634002937,0.0136,2597
3278,Kepler-1354 b,,2.97,76.613377,0.3521,2598
3279,Kepler-1050 c,,1.48,21.1284569,0.15264,2599
3280,Kepler-1407 b,,2.25,20.0711504,0.1502,2600
3281,Kepler-1313 b,,1.76,3.833091178,0.04619,2601
3282,Kepler-1359 b,,2.83,59.4970952,0.26657,2602
3283,Kepler-1360 b,,3.4,40.5286413,0.2866,2603
3284,Kepler-1611 b,,0.81,5.1762429,0.0586,2604
3285,Kepler-1463 b,,1.86,25.15864,0.1694,2605
3286,Kepler-1543 b,,2.71,6.96710269,0.0867,2606
3287,Kepler-1578 b,,1.04,1.450886907,0.0252,2607
3288,Kepler-626 b,,2.29,14.48585199,0.10913,2608
3289,Kepler-1465 b,,1.77,31.8277111,0.1939,2609
3290,Kepler-1466 b,,1.55,31.1750448,0.17981,2610
3291,Kepler-1546 b,,3.13,19.5974971,0.1366,2611
3292,Kepler-1548 b,,2.64,124.828679,0.4679,2612
3293,Kepler-1613 b,,2.08,1.5184299,0.02755,2613
3294,Kepler-1468 c,,1.15,3.54553021,0.0466,2614
3295,Kepler-1582 b,,1.49,4.83817712,0.0316,2615
3296,Kepler-1469 b,,2.8,21.8635301,0.1466,2616
3297,Kepler-633 b,,1.63,8.50340718,0.08185,2617
3298,Kepler-1550 b,,3.02,225.582809,0.7681,2618
3299,Kepler-1552 b,,2.47,184.771853,0.6011,2619
3300,Kepler-1584 b,,1.61,13.3997099,0.1168,2620
3301,Kepler-556 b,,2.24,11.72292176,0.09833,2621
3302,Kepler-629 b,,1.38,7.2385854,0.07107,2622
3303,Kepler-630 b,,3.18,161.4743937,0.56201,2623
3304,Kepler-1470 b,,1.07,16.2950903,0.116,2624
3305,Kepler-1475 b,,2.92,82.177374,0.373,2625
3306,Kepler-1476 b,,1.67,10.35863224,0.0932,2626
3307,Kepler-154 f,,1.5,9.91935684,0.08832,1636
3308,Kepler-1165 b,,1.55,9.478522,0.0914,2627
3309,Kepler-1587 b,,1.33,9.4060467,0.08747,2628
3310,Kepler-579 b,,2.0,9.66857723,0.0854,2629
3311,Kepler-1619 b,,0.76,23.6225913,0.15413,2630
3312,Kepler-132 e,,1.18,110.2869374,0.43927,149
3313,Kepler-1471 b,,1.41,3.63899398,0.0453,2631
3314,Kepler-1554 b,,2.9,198.088774,0.59527,2632
3315,Kepler-541 b,,3.36,5.08005848,0.06447,2633
3316,Kepler-1589 b,,1.09,0.991665274,0.0205,2634
3317,Kepler-686 b,,12.15,1.594745463,0.0258,2635
3318,Kepler-1473 b,,1.19,14.4273551,0.11606,2636
3319,Kepler-1472 b,,1.9,38.1312831,0.2322,2637
3320,Kepler-1474 b,,2.16,36.4333452,0.2108,2638
3321,Kepler-1556 b,,1.96,8.82713457,0.0829,2639
3322,Kepler-542 b,,1.57,13.14497566,0.10703,2640
3323,Kepler-1592 b,,1.54,3.05710069,0.04,2641
3324,Kepler-1623 b,,1.31,4.36128348,0.0518,2642
3325,Kepler-1622 b,,1.47,10.8118737,0.10136,2643
3326,Kepler-631 b,,2.9,17.97979059,0.14017,2644
3327,Kepler-1477 b,,1.18,11.55530021,0.0911,2645
3328,Kepler-1478 b,,1.73,26.0840594,0.1681,2646
3329,Kepler-1558 b,,0.68,3.50470358,0.04278,2647
3330,Kepler-1557 b,,1.53,3.74032496,0.049,2648
3331,Kepler-544 b,,2.12,21.41616926,0.15482,2649
3332,Kepler-1442 b,,3.93,81.4162941,0.40814,2650
3333,Kepler-1435 b,,0.86,4.45343281,0.05456,2651
3334,Kepler-1559 b,,0.72,0.971915428,0.01835,2652
3335,Kepler-1596 b,,1.9,66.373379,0.3237,2653
3336,Kepler-403 d,,1.42,13.61159129,0.12178,1717
3337,Kepler-1443 b,,0.97,2.41811321,0.03783,2654
3338,Kepler-1438 b,,0.94,2.31942009,0.0346,2655
3339,Kepler-1562 b,,3.55,64.2737752,0.3308,2656
3340,Kepler-1561 b,,1.09,1.005207007,0.0194,2657
3341,Kepler-1598 b,,0.95,4.34195123,0.05207,2658
3342,Kepler-1445 b,,0.96,10.60052251,0.09587,2659
3343,Kepler-511 b,,6.35,296.637865,0.85672,456
3344,Kepler-1564 b,,1.47,18.0540381,0.1327,2660
3345,Kepler-1563 b,,0.75,3.43276598,0.0442,2661
3346,Kepler-1565 b,,1.19,1.538188437,0.0241,2662
3347,Kepler-1602 b,,1.34,11.17931605,0.09744,2663
3348,Kepler-1448 b,,1.61,12.27065865,0.1058,2664
3349,Kepler-1449 b,,1.68,13.2274528,0.1176,2665
3350,Kepler-1566 b,,0.79,0.539915238,0.01198,2666
3351,Kepler-1567 b,,2.73,153.979578,0.552,2667
3352,Kepler-597 b,,2.37,13.02365861,0.10916,2668
3353,Kepler-1603 b,,1.29,2.27163926,0.0351,2669
3354,Kepler-1450 b,,1.71,54.5094166,0.2401,2670
3355,Kepler-1451 b,,3.35,35.622233,0.2101,2671
3356,Kepler-603 d,,1.32,6.2171292,0.07117,2238
3357,Kepler-605 c,,0.86,2.358951515,0.03336,2672
3358,Kepler-1568 b,,1.3,20.925392,0.15157,2673
3359,Kepler-1606 b,,2.07,196.435224,0.6421,2674
3360,Kepler-1452 b,,2.7,42.913751,0.25764,2675
3361,Kepler-1571 b,,1.52,3.38555488,0.04287,2676
3362,Kepler-1570 b,,1.07,26.548955,0.16699,2677
3363,Kepler-1572 b,,0.94,5.49548621,0.05838,2678
3364,Kepler-1607 b,,0.92,13.6473676,0.11978,2679
3365,Kepler-1609 b,,2.22,114.34219,0.4679,2680
3366,Kepler-1457 b,,1.99,51.1110243,0.26391,2681
3367,Kepler-1458 b,,2.76,47.9872764,0.24869,2682
3368,Kepler-217 d,,1.32,3.88689525,0.0534,2100
3369,Kepler-625 c,,1.05,4.1653651,0.05379,493
3370,Kepler-653 c,,0.78,0.900376476,0.01855,2683
3371,Kepler-1575 b,,1.31,2.55314213,0.0366,2684
3372,Kepler-578 b,,2.0,1.616883696,0.0266,2685
3373,Kepler-1461 b,,2.03,29.3494775,0.1715,2686
3374,Kepler-1541 b,,1.16,8.40691199,0.07555,2687
3375,Kepler-1576 b,,1.04,6.98471973,0.07211,2688
3376,Kepler-603 b,,2.65,21.05358596,0.16052,2238
3377,Kepler-640 b,,2.56,22.24813967,0.15418,2689
3378,Kepler-722 b,,2.63,4.093573252,0.0514,2527
3379,Kepler-634 b,,1.89,5.16950177,0.05765,2690
3380,Kepler-701 b,,2.84,10.35533177,0.0895,2691
3381,Kepler-709 b,,2.92,16.08524954,0.1173,2692
3382,Kepler-1625 b,,6.06,287.378949,0.87762,2693
3383,Kepler-1501 b,,1.56,14.5564533,0.11592,2694
3384,Kepler-1500 b,,1.2,15.0330105,0.1236,2695
3385,Kepler-1522 b,,1.73,1.847889171,0.0288,2696
3386,Kepler-702 b,,9.17,10.526294063,0.088,2697
3387,Kepler-641 b,,1.85,9.48961571,0.0895,2698
3388,Kepler-1626 b,,2.02,4.13962966,0.0537,2699
3389,Kepler-609 b,,3.35,6.521210666,0.0682,2700
3390,Kepler-724 b,,3.29,3.314946338,0.0433,2701
3391,Kepler-1504 b,,2.13,82.304003,0.3704,2702
3392,Kepler-1505 b,,0.93,30.8609366,0.18298,2703
3393,Kepler-1524 b,,3.54,70.9674603,0.3392,2704
3394,Kepler-495 b,,5.23,3.413036221,0.0427,2705
3395,Kepler-710 b,,1.88,4.347285527,0.0524,2706
3396,Kepler-540 b,,2.71,172.7049784,0.58822,2707
3397,Kepler-1644 b,,1.88,21.0907758,0.142,2708
3398,Kepler-1507 b,,0.84,16.0506213,0.11946,2709
3399,Kepler-1506 b,,1.32,14.0329154,0.1168,2710
3400,Kepler-1086 c,,2.94,161.5163345,0.503,2456
3401,Kepler-604 b,,2.59,25.85501786,0.1735,2711
3402,Kepler-1627 b,,3.69,7.20283653,0.0643,2712
3403,Kepler-1510 b,,3.36,84.703921,0.4089,2713
3404,Kepler-1511 b,,1.68,23.2382792,0.1753,2714
3405,Kepler-1526 b,,2.43,3.908632005,0.0418,2715
3406,Kepler-643 b,321.0083,10.16,16.33889626,0.13485,2716
3407,Kepler-642 b,,2.9,4.41745855,0.05631,2717
3408,Kepler-711 b,,3.41,23.58914398,0.1429,2718
3409,Kepler-726 b,,3.26,21.80451088,0.1406,2719
3410,Kepler-401 d,,2.27,184.256405,0.66886,1255
3411,Kepler-1512 b,,1.18,20.35972599,0.13693,2720
3412,Kepler-1528 b,,1.46,1.791110205,0.0296,2721
3413,Kepler-1529 b,,2.1,5.33905686,0.0525,2722
3414,Kepler-1388 d,,2.86,20.9568158,0.126,32
3415,Kepler-622 b,,2.13,14.28226676,0.0978,2723
3416,Kepler-1530 b,,1.64,2.5904434,0.03553,2724
3417,Kepler-1530 c,,1.65,5.3227406,0.05744,2724
3418,Kepler-1632 b,,2.47,448.303558,0.6762,2725
3419,Kepler-1631 b,,1.35,4.09513932,0.0511,2726
3420,Kepler-1534 b,,1.89,5.71668872,0.0599,2727
3421,Kepler-1531 b,,1.11,1.138543376,0.02204,2728
3422,Kepler-1093 c,,1.96,89.722292,0.41037,2470
3423,Kepler-714 b,,9.67,8.098887986,0.0832,2729
3424,Kepler-1633 b,,1.58,186.404271,0.3875,2730
3425,Kepler-713 b,,2.48,7.411141,0.0748,2731
3426,Kepler-1480 b,,1.67,22.12679948,0.1525,2732
3427,Kepler-1479 b,,1.83,14.53261362,0.11341,2733
3428,Kepler-1481 b,,1.23,5.94220998,0.059,2734
3429,Kepler-990 c,,1.53,0.538354308,0.01232,1283
3430,Kepler-969 c,,0.99,1.682934604,0.0265,2330
3431,Kepler-489 b,,7.72,17.276296119,0.12109,2735
3432,Kepler-1532 b,,1.35,1.093663559,0.0206,2736
3433,Kepler-605 b,,1.44,3.383538066,0.04244,2672
3434,Kepler-1635 b,,3.64,469.63111,1.12664,2737
3435,Kepler-1483 b,,1.52,9.5085156,0.0958,2738
3436,Kepler-545 b,,2.69,13.24934059,0.11248,2739
3437,Kepler-636 b,,4.45,16.080661147,0.1185,2740
3438,Kepler-1016 c,,3.68,105.6551369,0.43519,222
3439,Kepler-1535 b,,2.55,138.9442,0.5329,2741
3440,Kepler-600 b,,2.9,23.67517607,0.1536,2742
3441,Kepler-717 b,,2.42,4.40840023,0.052,2743
3442,Kepler-1485 b,,1.47,19.9157725,0.14732,2744
3443,Kepler-1484 b,,2.11,30.4549136,0.1939,2745
3444,Kepler-1486 b,,2.32,54.6495759,0.2846,2746
3445,Kepler-342 e,,0.88,1.644224613,0.02909,2081
3446,Kepler-582 b,,3.68,18.49235668,0.1254,2747
3447,Kepler-1129 c,,2.73,76.5369586,0.35367,472
3448,Kepler-1538 b,,2.82,175.138819,0.6095,2748
3449,Kepler-644 b,,3.15,3.173917103,0.04641,2749
3450,Kepler-1487 b,,2.13,7.31946363,0.0898,989
3451,Kepler-581 b,,2.63,40.6069821,0.2259,2750
3452,Kepler-1516 b,,1.75,7.25931979,0.0718,2751
3453,Kepler-1047 c,,0.99,3.18897601,0.04413,2363
3454,Kepler-1409 b,,1.04,0.764864926,0.01553,2752
3455,Kepler-585 b,,2.83,2.752359753,0.03841,2753
3456,Kepler-1488 b,,1.86,39.8189932,0.24153,2754
3457,Kepler-697 b,,4.13,3.709870645,0.0471,2755
3458,Kepler-1425 b,,0.94,14.4541302,0.11435,2756
3459,Kepler-1350 c,,1.73,1.766789062,0.0222,2575
3460,Kepler-719 b,,8.52,5.007317779,0.0556,2757
3461,Kepler-1491 b,,1.51,16.5861762,0.127,2758
3462,Kepler-1492 b,,1.49,16.75255007,0.1262,2759
3463,Kepler-698 b,,3.68,16.32976218,0.1255,2760
3464,Kepler-1454 b,,1.88,47.0319479,0.2447,2761
3465,Kepler-460 c,,5.52,220.1303357,0.75318,588
3466,Kepler-720 b,,8.41,4.708326542,0.0539,2762
3467,Kepler-547 b,,4.0,6.010384289,0.058,2763
3468,Kepler-1494 b,,3.07,91.080482,0.3982,2764
3469,Kepler-1520 b,,5.77,0.653553572,0.0129,2765
3470,Kepler-1065 c,,1.6,2.37030743,0.0344,807
3471,Kepler-707 b,,1.33,2.237492751,0.0325,2766
3472,Kepler-602 b,,2.09,15.28469497,0.1224,2767
3473,Kepler-606 b,,3.31,24.31575992,0.17,2768
3474,Kepler-721 b,,2.64,5.392025388,0.0583,2769
3475,Kepler-937 c,,2.67,153.343364,0.5545,38
3476,Kepler-638 b,,1.83,6.07972888,0.06695,2770
3477,Kepler-1073 c,,1.64,4.02582254,0.0483,1837
3478,MOA-2010-BLG-353L b,86.0,11.1,,1.72,2771
3479,HATS-30 b,224.38798,13.170575,3.1743516,0.04354,2772
3480,K2-84 c,,2.03,27.86,0.1768,2773
3481,K2-88 b,,1.23,4.6122,0.0345,2774
3482,Kepler-615 b,,1.74,10.35584657,0.085,2775
3483,Kepler-506 b,,2.73,6.8834055,0.07437,2776
3484,Kepler-668 b,,2.7,8.35390639,0.0768,2777
3485,Kepler-669 b,,4.83,4.125546869,0.0529,2778
3486,HATS-15 b,689.6911,12.385945,1.74748753,0.02712,2779
3487,HATS-16 b,1039.3041,14.5717,2.686502,0.03744,2780
3488,K2-89 b,,0.615,1.096026,0.01462,2781
3489,K2-91 b,,1.1,1.419549,0.0164,2782
3490,Kepler-737 b,,1.96,28.59915399,0.1422,2783
3491,Kepler-670 b,,13.18,2.816504852,0.0383,2784
3492,Kepler-671 b,,2.69,4.280958588,0.0503,2785
3493,K2-5 c,,2.26,10.93241,0.0818,2786
3494,K2-5 b,,1.91,5.73594,0.0532,2786
3495,Kepler-223 c,5.1,3.44,9.84564,0.09117,2787
3496,WASP-98 b,293.03926,12.823096,2.96264036,0.03762,2788
3497,Kepler-223 b,7.4,2.99,7.38449,0.07525,2787
3498,Kepler-672 b,,2.5,38.3774623,0.2163,2789
3499,Kepler-571 b,,2.64,4.798599388,0.0546,2790
3500,K2-16 b,,2.02,7.6188,0.0667,2791
3501,K2-16 c,,2.54,19.07863,0.1229,2791
3502,K2-8 c,,2.41,5.06416,0.0532,1054
3503,Kepler-223 d,8.0,5.24,14.78869,0.11956,2787
3504,Kepler-653 b,,1.95,14.70748976,0.11945,2683
3505,Kepler-742 b,,3.24,8.360868238,0.0744,2792
3506,Kepler-673 b,,6.54,3.728731093,0.0455,2793
3507,Kepler-154 d,,3.84,20.54981883,0.14354,1636
3508,HD 87646 b,,12.4,13.481,0.117,2794
3509,Kepler-80 e,4.13,1.6,4.64489,0.0491,1182
3510,Kepler-654 b,,2.07,13.72465129,0.11664,2795
3511,Kepler-148 d,,8.68,51.84688575,0.2607,1997
3512,Kepler-676 b,,3.04,11.59822172,0.0798,2796
3513,OGLE-2012-BLG-0026L b,46.1,7.72,,4.0,2797
3514,WASP-85 A b,402.05495,13.89916,2.6556777,0.039,2798
3515,Kepler-80 f,4459.73,1.21,0.9867873,0.0175,1182
3516,Kepler-656 b,,3.12,1.260259094,0.02231,1033
3517,Kepler-655 b,,2.71,46.4063358,0.25697,2799
3518,Kepler-678 b,,5.14,7.27503724,0.0732,2800
3519,Kepler-572 b,,2.58,17.20523483,0.1192,2801
3520,WASP-114 b,562.24127,15.008851,1.5487743,0.02851,2802
3521,WASP-113 b,150.96925,15.793481,4.54216874538,0.05885,2803
3522,HD 59686 A b,,12.7,299.36,1.086,2804
3523,Kepler-679 b,,3.01,12.39358604,0.0983,2805
3524,Kepler-680 b,,2.42,3.689926291,0.0469,2806
3525,K2-47 b,,1.89,31.6372,0.1779,2807
3526,K2-48 b,,2.24,20.5065,0.1344,2808
3527,Kepler-617 b,,1.32,1.682696148,0.0219,2809
3528,Kepler-588 b,,2.63,4.221625357,0.052,2810
3529,Kepler-573 b,,2.79,22.18329658,0.14527,2811
3530,Kepler-681 b,,3.08,26.39435646,0.1635,2812
3531,K2-49 b,,1.93,2.77065,0.0309,2813
3532,K2-58 b,,2.68,7.05254,0.0692,2814
3533,Kepler-1600 b,,3.13,386.370548,0.98141,2815
3534,Kepler-727 b,,2.53,5.154484417,0.0546,2816
3535,Kepler-589 b,,2.27,16.54964934,0.1196,1570
3536,Kepler-660 b,,2.57,9.27358194,0.0759,2817
3537,K2-58 c,,1.62,2.53726,0.035,2814
3538,K2-58 d,,1.71,22.8827,0.1517,2814
3539,Kepler-560 b,,1.72,18.47764449,0.0899,2818
3540,Kepler-550 b,,4.42,8.600104109,0.0747,2819
3541,Kepler-496 b,,2.32,8.30864937,0.0747,2820
3542,KELT-10 b,215.80657,15.681391,4.1662739,0.0525,2821
3543,Kepler-712 c,,4.85,226.89047,0.66479,1309
3544,K2-59 c,,2.3,11.2954,0.0905,2822
3545,K2-59 b,,2.41,20.6921,0.1354,2822
3546,Kepler-650 b,,2.96,3.032145588,0.0421,2823
3547,Kepler-728 b,,3.34,5.743477265,0.0625,2824
3548,Kepler-663 b,,2.6,4.99678284,0.0559,2825
3549,Kepler-1629 b,,0.77,3.87595807,0.0485,2826
3550,K2-64 b,,2.07,6.53044,0.0619,2827
3551,K2-63 b,,3.22,20.257,0.1627,954
3552,Kepler-729 b,,3.58,3.166353714,0.0432,2828
3553,Kepler-487 b,,11.42,15.358768403,0.11819,2290
3554,Kepler-618 b,,2.6,3.595769645,0.0449,2829
3555,WASP-129 b,317.83,10.42437,5.748145,0.0628,2830
3556,WASP-133 b,368.6828,13.56289,2.176423,0.0345,2831
3557,K2-69 b,,2.32,7.06599,0.0591,2832
3558,K2-68 b,,1.58,8.05428,0.0708,2833
3559,Kepler-590 b,,4.02,5.85296257,0.0647,2834
3560,Kepler-664 b,,2.66,2.525593315,0.0374,2835
3561,MOA-2013-BLG-605L b,3.24,1.62,,0.93,2836
3562,K2-75 b,,2.67,7.8142,0.081,2837
3563,K2-71 b,,2.15,6.98541,0.0559,2838
3564,Kepler-591 b,,3.39,81.1694299,0.3554,2839
3565,HATS-25 b,194.82979,14.12334,4.2986432,0.05163,2840
3566,HATS-26 b,206.5895,19.61575,3.3023881,0.04735,2841
3567,K2-80 b,,2.01,19.0918,0.135,21
3568,K2-75 c,,2.77,18.311,0.1429,2837
3569,Kepler-736 b,,2.93,3.60147201,0.0428,2842
3570,Kepler-735 b,,2.95,11.51516988,0.0965,2843
3571,Kepler-569 b,,3.16,34.18890521,0.19784,2844
3572,Kepler-592 b,,2.39,2.820192408,0.0397,2845
3573,HATS-27 b,168.4499,16.8135,4.637038,0.0611,2846
3574,K2-83 c,,1.483,9.99767,0.07131,2847
3575,K2-84 b,,2.41,6.4215,0.0665,2773
3576,Kepler-562 b,,5.21,18.009314436,0.1333,2848
3577,Kepler-651 b,,2.37,21.38521506,0.14078,2849
3578,Kepler-593 b,,2.87,21.21708973,0.1508,2850
3579,Kepler-570 b,,2.45,4.301662003,0.0497,2851
3580,MOA-2016-BLG-227L b,890.0,13.2,,1.39,2852
3581,Kepler-1650 b,,0.96,1.53818001,0.0167,2853
3582,K2-178 b,,3.55790985,8.747818,,2854
3583,K2-72 c,,1.16,15.189034,0.078,1174
3584,WASP-53 b,677.61356,12.038466,3.3098443,0.04101,141
3585,K2-60 b,135.39558,7.655747,3.00265,0.045,2855
3586,Kepler-1651 b,,1.84,9.87863917,0.0692,2856
3587,BD+03 2562 b,,12.7,481.9,1.3,2857
3588,K2-72 e,,1.29,24.158868,0.106,1174
3589,K2-72 d,,1.01,7.760178,0.05,1174
3590,K2-81 b,,1.97,6.102325,0.059,2858
3591,WASP-81 b,231.69807,16.017661,2.7164762,0.03908,2859
3592,HD 177565 b,,4.0,44.505,0.246,2860
3593,MOA-2012-BLG-505L b,6.7,2.48,,0.9,2861
3594,K2-201 c,,3.28568401,22.779878,,2862
3595,K2-201 b,,1.40006712,1.05979,,2862
3596,GJ 1148 b,,11.9,41.38,0.166,1592
3597,HD 17674 b,,13.9,623.8,1.42,2863
3598,HATS-22 b,870.8542,10.682177,4.7228124,0.05025,2864
3599,TYC 4282-00605-1 b,,12.4,101.54,0.422,2865
3600,K2-206 b,,2.79522879,18.294549,,2866
3601,K2-207 b,,2.60585269,12.48749,,2867
3602,K2-132 b,155.7367,14.5717,9.1751,0.0916,2868
3603,WASP-153 b,123.9537,17.37395,3.332609,0.048,2869
3604,HATS-23 b,467.2101,20.84874,2.1605156,0.03397,2870
3605,HD 219134 b,4.74,1.602,3.092926,0.03876,741
3606,HD 40956 b,,13.2,578.6,1.4,2871
3607,Ross 128 b,,1.11,9.8658,0.0496,2872
3608,K2-219 b,,1.34762583,3.901287,,1613
3609,OGLE-2013-BLG-1721L b,200.0,14.1,,2.6,2873
3610,HD 34445 c,,8.42,214.67,0.7181,2874
3611,HD 219134 d,16.17,1.61,46.859,0.237,741
3612,HD 219134 f,7.3,1.31,22.717,0.1463,741
3613,OGLE-2016-BLG-1190L b,4253.0,12.3,1220.0,2.17,2875
3614,HD 113996 b,,12.7,610.2,1.6,2876
3615,K2-213 b,,1.51398464,8.13087,,2877
3616,K2-215 b,,2.12381238,8.269648,,2878
3617,HD 34445 d,,6.07,117.87,0.4817,2874
3618,HD 34445 g,,13.6,5700.0,6.36,2874
3619,Kepler-20 g,,4.71,34.94,0.2055,816
3620,NGC 2682 Sand 978 b,,13.3,511.21,,2879
3621,Kepler-80 g,0.065,1.13,14.64558,,1182
3622,K2-217 b,,3.57854073,14.074524,,2880
3623,K2-218 b,,2.56948149,8.679885,,2881
3624,GJ 3293 c,,4.87,122.6196,0.36175,2882
3625,GJ 3293 b,,5.19,30.5987,0.14339,2882
3626,Wolf 1061 b,,1.21,4.8869,0.0375,2883
3627,K2-80 d,,2.55211506,28.867253,,21
3628,Kepler-1652 b,,1.6,38.09722,0.1654,2884
3629,Wolf 1061 c,,1.66,17.8719,0.089,2883
3630,PSR J2322-2650 b,,13.9,0.322963997,0.0102,2885
3631,HATS-50 b,123.9537,12.66617,3.8297015,0.05046,2886
3632,tau Cet f,,1.81,636.13,1.334,592
3633,WASP-91 b,425.8922,11.54527,2.798581,0.037,2887
3634,HD 9174 b,,13.7,1179.0,2.2,2888
3635,HD 68402 b,2510.8444153,12.6,1103.0,2.18,2889
3636,GJ 3138 b,,1.18,1.22003,0.0197,2890
3637,MOA-2012-BLG-006L b,2700.0,12.6,,10.2,2891
3638,WASP-105 b,572.094,10.76064,7.87288,0.075,2892
3639,HD 147873 c,,13.3,491.54,1.36,1655
3640,HD 128356 b,,13.9,298.2,0.87,2893
3641,GJ 3138 d,,3.23,257.8,0.698,2890
3642,TYC 3318-01333-1 b,,13.1,562.0,1.414,2894
3643,GJ 625 b,,1.49,14.628,0.078361,2895
3644,GJ 3323 c,,1.32,40.54,0.1264,1449
3645,BD+48 740 b,,13.5,733.0,1.7,2896
3646,K2-21 b,,1.84,9.325038,0.076,2897
3647,K2-4 b,,2.1,10.003417,0.078,2898
3648,K2-21 c,,2.49,15.50192,0.107,2897
3649,WASP-141 b,854.9627,13.56289,3.310651,0.0469,2899
3650,K2-31 b,563.83042,11.88154,1.25785,0.022,2900
3651,GJ 3293 e,,1.63,13.2543,0.08208,2882
3652,GJ 3293 d,,2.67,48.1345,0.19394,2882
3653,K2-149 b,,1.64,11.332,0.083,2901
3654,KELT-21 b,1242.7153,17.777474,3.6127647,0.05224,2902
3655,K2-125 b,,2.18,21.750264,0.121,2903
3656,V830 Tau b,222.481,14.0,4.927,0.057,2904
3657,HATS-31 b,279.6904,18.38276,3.37796,0.0478,2905
3658,Kepler-150 f,,3.64,637.2093,1.24,2023
3659,Qatar-3 b,1369.8473,12.285064,2.5079204,0.03783,2906
3660,K2-160 b,,3.17824034,3.705871,,2907
3661,K2-128 b,,1.42,5.675819,0.056,2908
3662,KELT-18 b,375.0394,17.59813,2.8717518,0.0455,2909
3663,K2-163 b,,2.46610713,6.673117,,2910
3664,K2-165 b,,1.27443657,2.354992,,2911
3665,K2-35 c,,1.93,5.608352,0.055,2912
3666,HATS-35 b,388.38826,16.409976,1.8209993,0.03199,2913
3667,OGLE-2016-BLG-1195L b,1.43,1.11,,1.16,2914
3668,K2-175 b,,2.03803688,9.525988,,2915
3669,K2-165 c,,1.55409035,4.382745,,2911
3670,K2-116 b,,0.69,4.655411,0.048,2916
3671,K2-102 b,,1.3,9.915615,,2917
3672,XO-6 b,1398.452,23.20263,3.7650007,0.0815,2918
3673,HD 6434 b,,14.2,21.998,0.14,2919
3674,HD 68988 b,,13.4,6.27711,0.07,2920
3675,HD 220074 b,,12.2,672.09998,1.6,2921
3676,WASP-58 b,308.2951,16.02887,5.01718,0.0562,2922
3677,K2-231 b,,2.5,13.841901,,2923
3678,HATS-39 b,200.2329,17.59813,4.5776348,0.06007,2924
3679,HD 137388 b,,9.32,330.0,0.89,2925
3680,HD 13931 b,889.9195396,13.2,4218.0,5.15,2926
3681,HD 7199 b,3639.13526015,,615.0,1.36,2927
3682,HD 75289 b,,14.2,3.50927,0.05,2928
3683,WASP-72 b,731.009,14.45961,2.21673,0.03711,2929
3684,HATS-40 b,505.3497,17.71022,3.2642736,0.04997,2930
3685,HATS-41 b,3082.951,14.90797,4.193649,0.0583,2931
3686,HD 142022 A b,1433.40611557,12.9,1928.0,2.93,2932
3687,HD 145377 b,,12.8,103.95,0.45,2933
3688,HD 76700 b,,9.6,3.97097,0.05,2934
3689,HD 82886 b,,13.3,705.0,1.58,2935
3690,HD 24040 b,1589.142035,12.9,3668.0,4.92,2936
3691,HD 222155 b,581.62598481,13.4,3999.0,5.14,2937
3692,HD 158996 b,,12.3,820.2,2.1,2938
3693,KPS-1 b,346.4347,11.54527,1.706291,0.0269,2939
3694,HD 154672 b,,12.8,163.94,0.6,2940
3695,KELT-6 b,165.2716,14.5717,7.8457,0.07939,2941
3696,HAT-P-49 b,699.226,17.82231,2.69155,0.04378,2942
3697,K2-155 c,,2.6,13.85,0.0946,2943
3698,HD 158038 b,,13.5,521.0,1.5,2944
3699,HR 810 b,1970.5361234,12.7,302.79999,0.92,2945
3700,BD-13 2130 b,,12.5,714.29999,1.66,2946
3701,HD 285507 b,,13.8,6.0881,0.06,2947
3702,WASP-117 b,95.349,11.88154,10.02165,0.09459,2948
3703,K2-155 d,,1.9,40.718,0.1937,2943
3704,HD 16175 b,1875.1876013,12.8,990.0,2.12,2949
3705,HD 16141 b,,10.9,75.523,0.36,2950
3706,WASP-11 b,251.0857,12.44199,3.72247,0.0435,2951
3707,WASP-13 b,114.4188,13.67498,4.35301,0.05362,2952
3708,WASP-95 b,457.6752,13.78707,2.18467,0.03416,2953
3709,WASP-97 b,432.2488,12.77826,2.07276,0.03303,2954
3710,11 UMi b,,12.3,516.21997,1.53,2955
3711,BD-08 2823 b,2948.494131739,,5.6,0.06,1859
3712,HD 1690 b,,12.5,533.0,1.36,2956
3713,WASP-14 b,2809.6172,15.46842,2.24375,0.037,2957
3714,WASP-101 b,162.0933,16.02887,3.58572,0.05057,2958
3715,BD-10 3166 b,,14.1,3.48777,0.04,2959
3716,GJ 86 b,,12.9,15.76491,0.11,2960
3717,WASP-22 b,212.9461,13.78707,3.53269,0.047,2961
3718,HD 95127 b,,12.4,482.0,1.28,2962
3719,WASP-82 b,371.8611,18.15858,2.70579,0.0447,2963
3720,HD 204941 b,,10.1,1733.0,2.55,2964
3721,WASP-29 b,73.1009,8.63093,3.92273,0.0457,2965
3722,WASP-26 b,270.1555,13.56289,2.7566,0.04,2966
3723,K2-164 b,,3.24925008,17.355066,,2967
3724,K2-169 b,,1.27328671,6.380803,,2968
3725,HAT-P-22 b,785.0401,12.89035,3.21222,0.0414,2969
3726,HAT-P-24 b,238.3725,14.5717,3.35524,0.04651,2970
3727,HD 212301 b,,14.2,2.24571,0.03,2971
3728,WASP-38 b,1093.3352,13.78707,6.87188,0.07522,2972
3729,K2-170 b,,1.41817537,7.576544,,674
3730,K2-171 b,,2.68657205,5.628466,,2973
3731,HAT-P-29 b,279.6904,13.11453,5.72319,0.0667,2974
3732,HD 213240 b,1655.88600047,12.8,882.70001,1.89,2975
3733,HD 215497 b,1588.824206593,,3.93404,0.05,2976
3734,WASP-41 b,270.1555,12.3299,3.0524,0.04022,2188
3735,WASP-48 b,254.264,16.8135,2.14363,0.03444,2977
3736,K2-172 b,,1.66608079,14.316941,,2978
3737,K2-172 c,,3.20569097,29.62682,,2978
3738,K2-190 b,,1.35673729,10.098858,,1801
3739,HAT-P-5 b,311.4734,13.56289,2.78849,0.04073,2979
3740,HAT-P-6 b,419.5356,16.58932,3.85298,0.05239,2980
3741,HD 218566 b,,9.32,225.7,0.69,2981
3742,HD 240237 b,,12.2,745.70001,1.92,2982
3743,XO-1 b,263.7989,12.77826,3.94153,0.0488,2983
3744,XO-4 b,451.3186,14.01125,4.12508,0.05524,2984
3745,K2-191 b,,1.57889322,2.858646,,2985
3746,K2-200 b,,1.3643987,2.849883,,2986
3747,HD 101930 b,,10.6,70.46,0.3,2987
3748,HD 2638 b,,14.3,3.4442,0.04,2988
3749,HD 30562 b,467.20775829,13.6,1157.0,2.34,2989
3750,KELT-2 A b,540.311,15.13215,4.11379,0.05497,2990
3751,Pr0201 b,,14.2,4.4264,0.06,2991
3752,K2-173 b,,1.60826194,5.868699,,2992
3753,HD 102195 b,,14.2,4.11377,0.05,2993
3754,HD 102117 b,,8.47,20.8133,0.15,2994
3755,HD 330075 b,,14.3,3.38773,0.04,2995
3756,HD 34445 b,,13.9,1049.0,2.07,2874
3757,HD 77338 b,15.9,4.12,5.7361,0.06,2996
3758,HAT-P-40 b,152.5584,17.03768,4.45724,0.0608,2997
3759,HD 215152 c,468.796900325,,7.28243,0.067393,693
3760,HD 215152 d,770.416058568,,10.86499,0.08799,693
3761,HD 103197 b,,5.83,47.84,0.25,2998
3762,HD 108874 b,,13.6,394.48123,1.04,2999
3763,HD 40979 b,,12.9,264.14999,0.85,3000
3764,HD 4203 b,,13.3,431.88,1.17,1985
3765,WASP-49 b,117.5971,12.44199,2.78174,0.0379,3001
3766,UKIRT-2017-BLG-001L b,407.0,13.7,,4.18,3002
3767,HD 121504 b,,13.6,63.33,0.33,3003
3768,HD 47186 b,,5.02,4.0845,0.05,1862
3769,WASP-66 b,746.9005,15.6926,4.08605,0.0546,3004
3770,WASP-67 b,136.6669,12.89035,4.61442,0.05179,3005
3771,K2-197 b,,2.56,8.357881,0.0806,3006
3772,HD 185269 b,,13.8,6.83776,0.077,3007
3773,HD 181342 b,,13.2,564.1,1.592,3008
3774,K2-240 b,,2.0,6.034,0.0513,1083
3775,CoRoT-20 c,,12.2,1675.0,2.9,1138
3776,HD 89345 b,34.9613,7.39794,11.8143,0.1066,3009
3777,WASP-158 b,886.7457,11.99363,3.656333,0.0517,3010
3778,HD 200964 b,,13.5,606.3,1.565,1606
3779,K2-238 b,273.3338,14.5717,3.20466,0.046,3011
3780,WASP-162 b,1652.716,11.209,9.62468,0.0871,3012
3781,WASP-168 b,133.4886,16.8135,4.153658,0.0519,3013
3782,HD 28678 b,,13.5,380.2,1.18,3014
3783,HD 30856 b,,13.5,847.0,1.85,3015
3784,OGLE-2014-BLG-1722L c,83.7,11.0,,1.7,3016
3785,K2-244 b,,1.75,21.06884,0.1418,3017
3786,K2-266 b,,3.3,0.658524,0.01306,3018
3787,K2-266 c,,0.705,7.814,0.0679,3018
3788,WASP-173 A b,1172.7927,13.4508,1.38665318,0.0248,3019
3789,OGLE-2011-BLG-0173L b,60.0,9.01,,8.0,3020
3790,HD 5319 b,,13.5,637.1,1.57,3021
3791,K2-159 b,,2.26,12.42205,0.1013,3022
3792,K2-266 e,14.3,2.73,19.482,0.1249,3018
3793,K2-266 d,8.9,2.93,14.697,0.1035,3018
3794,WASP-147 b,87.40325,12.498035,4.60273,0.0549,3023
3795,WASP-160 B b,88.35674,12.21781,3.7684952,0.0452,3024
3796,HD 95089 c,,13.1,1785.0,3.33,1783
3797,K2-166 b,,2.19,8.52695,0.0858,1818
3798,HATS-36 b,1022.14128,12.92,4.175186,0.0523,3025
3799,WASP-165 b,209.13214,14.12334,3.465509,0.04823,3026
3800,HD 96063 b,,13.7,362.5,1.11,3027
3801,K2-228 b,,1.21,2.69828,0.0338,3028
3802,K2-283 b,,3.52,1.921036,0.0291,3029
3803,K2-151 b,,1.49,3.835476,0.0373,3030
3804,K2-281 b,,8.18,8.687721,0.0773,3031
3805,K2-216 b,8.0,1.75,2.1748,0.028,3032
3806,HD 5319 c,,13.8,872.2,1.93,3021
3807,K2-230 b,,1.96,2.86041,0.0409,3033
3808,K2-188 b,,1.35,1.742169,0.0289,3034
3809,GJ 96 b,,4.67,73.94,0.291,3035
3810,KMT-2016-BLG-1820L b,1450.0,12.9,,1.08,3036
3811,HD 94834 b,,13.7,1576.0,2.74,3037
3812,K2-153 b,,2.0,7.51574,0.0614,3038
3813,HATS-11 b,263.7989,18.03,3.619188,0.0507,3039
3814,KMT-2016-BLG-2142L b,4923.0,12.2,,0.83,3040
3815,MOA-2015-BLG-337L b,33.7,6.42,,0.24,3041
3816,K2-241 b,,2.55,26.8199,0.1567,3042
3817,K2-117 c,,2.06,5.444017,0.0492,3043
3818,K2-284 b,,2.78,4.795069,0.04771,3044
3819,MOA-2016-BLG-319L b,200.0,14.1,,0.95,3045
3820,HD 12648 b,,13.4,133.60001,0.54,3046
3821,K2-243 b,,2.17,11.54182,0.1087,3047
3822,K2-117 b,,2.03,1.2916,0.0189,3043
3823,K2-312 c,,12.8,871.32,1.882,55
3824,K2-245 b,,4.34,11.89307,0.0959,3048
3825,K2-270 c,,2.95,4.400028,0.0497,1546
3826,HATS-59 b,256.17098,12.621334,5.416081,0.06112,1842
3827,KELT-15 b,416.3573,19.50366,3.32944,0.04613,3049
3828,K2-247 b,,2.12,2.25021,0.0304,1044
3829,EPIC 211945201 b,11.0,5.76,19.49221,0.1493,3050
3830,CoRoT-21 b,718.2958,14.5717,2.72474,0.0417,3051
3831,70 Vir b,2380.45,12.6,116.688,0.481,3052
3832,K2-39 b,28.6047,6.27704,4.60543,0.05708,3053
3833,K2-248 b,,2.57,7.17256,0.0699,3054
3834,K2-276 b,,3.77,18.718269,0.1291,3055
3835,HD 102956 b,,13.8,6.4947,0.0807,3056
3836,HD 108863 b,,13.3,437.7,1.32,3057
3837,HATS-7 b,38.1396,6.310667,3.185315,0.04012,3058
3838,K2-252 b,,1.74,13.81513,0.1041,3059
3839,K2-188 c,,2.83,7.810253,0.0785,3034
3840,HD 131496 b,,13.4,896.0,2.01,3060
3841,HD 1502 b,,13.2,428.5,1.262,3061
3842,NGTS-3 A b,756.4354,16.58932,1.6753728,0.023,3062
3843,K2-254 b,,1.63,4.09639,0.0448,3063
3844,K2-192 b,,1.52,4.162817,0.049,3064
3845,K2-239 c,,1.0,7.775,0.0576,3065
3846,K2-258 b,,3.0,19.0921,0.149,3066
3847,HD 70642 b,1239.5307873,13.0,2124.54,3.318,3067
3848,HATS-69 b,183.38791,10.592505,2.2252577,0.03211,3068
3849,HD 202696 b,634.38868,,517.8,1.566,3069
3850,HD 202696 c,592.43512,,946.6,2.342,3069
3851,KMT-2017-BLG-1038L b,640.0,13.4,,1.8,3070
3852,HD 117618 b,,8.59,25.8,0.18,3071
3853,NGTS-4 b,20.6,3.18,1.3373508,0.019,3072
3854,K2-295 b,106.47305,10.054473,4.024867,0.0451,3073
3855,HIP 79098 AB b,6515.515,12.1,,345.0,3074
3856,Kepler-730 b,,12.3299,6.491682808,0.0694,3075
3857,K2-133 c,,1.603,4.86784,0.04341,3076
3858,K2-133 d,,2.003,11.02454,0.07487,3076
3859,HAT-P-25 b,180.84527,12.722215,3.65281514,0.0466,3077
3860,HD 89744 b,,12.6,256.78,0.917,3078
3861,HD 65216 c,,13.4,5370.0,5.75,720
3862,K2-133 e,,1.73,26.5841,0.1346,3076
3863,EPIC 201497682 b,,0.692,2.13174,,3079
3864,OGLE-2015-BLG-1670L b,17.9,4.42,,2.62,3080
3865,K2-290 c,246.00042,11.276254,48.36685,0.305,671
3866,HAT-P-34 b,1058.3739,13.417173,5.452654,0.06774,3081
3867,EPIC 201754305 d,,1.03,2.71578,,2791
3868,EPIC 201833600 c,,1.0,3.96151,,1470
3869,HAT-P-36 b,587.413406,14.313893,1.32734683,0.0241,3082
3870,K2-52 b,,18.0,3.535055,0.054,3083
3871,K2-53 b,,2.6,12.20772,0.098,3084
3872,K2-293 b,,2.45,13.1225,,3085
3873,TOI-172 b,1722.6386,10.816685,9.47725,0.0914,3086
3874,EPIC 206024342 b,,1.7,4.50756,,1319
3875,EPIC 206032309 b,,1.01,2.87814,,3087
3876,HAT-P-9 b,238.05467,15.614137,3.92281072,0.05287,3088
3877,HATS-24 b,718.2958,15.636555,1.3484978,0.0238,3089
3878,K2-90 b,,2.6,13.733314,0.096,1041
3879,K2-294 b,,1.66,2.50387,,3090
3880,GJ 685 b,,2.95,24.16,0.1344,3091
3881,EPIC 206317286 b,,0.96,1.58252,,3092
3882,K2-308 b,,9.916,3.38628,,3093
3883,Kepler-9 c,29.9,8.08,38.9853,0.227,106
3884,K2-124 b,,2.9,6.413651,0.049,3094
3885,HD 92788 b,,13.0,325.803,0.97,3095
3886,Kepler-25 c,15.2,5.217,12.7207,0.1117,3096
3887,WASP-33 b,665.21819,17.855937,1.21987,0.0239,3097
3888,HD 134060 c,,5.91,1291.5646,2.3928,3098
3889,WASP-177 b,161.45764,17.71022,3.071722,0.03957,3099
3890,WASP-181 b,95.03117,13.271456,4.5195064,0.05427,3100
3891,Kepler-25 b,8.7,2.748,6.238297,0.0695,3096
3892,WASP-161 b,791.3967,12.811887,5.4060425,0.0673,3101
3893,WASP-163 b,594.3421,13.473218,1.6096884,0.0266,3102
3894,HD 20781 b,,1.21,5.3135,0.0529,3103
3895,HD 20003 b,,3.43,11.8482,0.0974,1222
3896,Kepler-47 c,3.17,4.65,303.227,0.9638,1778
3897,Gl 49 b,,2.24,13.8508,0.0905,3104
3898,HD 21693 b,,2.8,22.6786,0.1455,3105
3899,HD 20781 c,,2.17,13.8905,0.1004,3103
3900,Kepler-47 d,19.02,7.04,187.366,0.6992,1778
3901,LSPM J2116+0234 b,,3.71,14.4399,0.0876,3106
3902,K2-285 e,10.7,1.95,14.76289,0.18041,1303
3903,K2-285 d,6.5,2.48,10.45582,0.1178,1303
3904,HD 31527 b,,3.22,16.5535,0.1254,190
3905,HD 31527 d,,3.46,271.6737,0.8098,190
3906,HD 21749 c,3.7,0.892,7.78993,0.0695,3107
3907,HD 114729 b,,13.9,1121.79,2.067,3108
3908,K2-286 b,,2.1,27.359,0.1768,3109
3909,Qatar-9 b,378.2177,11.309881,1.540731,0.0234,3110
3910,HD 126525 b,,10.3,960.41,1.837,3111
3911,HD 117207 b,669.346625142,13.4,2621.75,3.787,3112
3912,HD 143361 b,1382.55357045,12.9,1039.15,1.988,3113
3913,K2-288 B b,,1.9,31.393463,0.164,3114
3914,HATS-60 b,210.40346,12.923977,3.560829,0.04708,3115
3915,HD 20781 e,,3.83,85.5073,0.3374,3103
3916,HD 45184 c,,2.91,13.1354,0.11,3116
3917,HD 152079 b,,13.2,2918.92,4.187,3117
3918,HATS-62 b,56.89157,11.825495,3.2768837,0.04163,3118
3919,HATS-63 b,305.1168,13.529263,3.0566527,0.04026,3119
3920,HATS-70 b,4100.007,15.513256,1.8882378,0.03632,3120
3921,K2-264 b,,2.231,5.840002,0.05023,1836
3922,KMT-2016-BLG-1107L b,1043.0,13.1,,0.342,3121
3923,HD 103949 b,,3.35,120.878,0.439,3122
3924,HIP 35173 b,,3.61,41.516,0.217,3123
3925,HD 23127 b,,13.5,1211.17,2.37,3124
3926,HD 25171 b,,13.9,1802.29,2.971,3125
3927,HATS-65 b,260.93843,16.824709,3.105161,0.04497,3126
3928,HATS-66 b,1694.0339,15.815899,3.1414391,0.04714,3127
3929,HD 1397 b,131.89945,11.500434,11.53533,0.1097,3128
3930,HD 64114 b,,4.41,45.791,0.246,3129
3931,HD 206255 b,,6.47,96.045,0.461,3130
3932,HD 38801 b,,12.5,685.25,1.623,3131
3933,HATS-67 b,460.8535,18.887165,1.6091788,0.03032,3132
3934,HATS-68 b,410.0007,13.809488,3.5862202,0.05071,3133
3935,Gl 378 b,,3.66,3.822,0.039435,3134
3936,WASP-190 b,317.83,12.89035,5.367753,0.0663,3135
3937,Kepler-1610 c,,2.09,44.9851885,0.2323,839
3938,XO-7 b,225.34147,15.389957,2.8641424,0.04421,3136
3939,HATS-55 b,292.72143,14.022459,4.2042001,0.05412,3137
3940,Kepler-1996 c,,2.81,92.7297248,0.3608,1803
3941,Kepler-1988 b,,1.53,11.49500229,0.1038,3138
3942,TOI-813 b,,6.71,83.8911,0.423,3139
3943,GJ 433 b,,2.33,7.3705,0.062,3140
3944,HATS-58 A b,327.3649,12.273855,4.2180896,0.05798,3141
3945,HR 5183 b,1052.01202717,13.1,27000.0,18.0,3142
3946,Kepler-1991 b,,1.47,13.26079792,0.1065,729
3947,Kepler-1471 c,,1.88,11.6044881,0.0981,2631
3948,GJ 180 b,,2.43,17.133,0.092,559
3949,WASP-169 b,178.30263,14.616536,5.6114118,0.0681,3143
3950,Kepler-1998 b,,0.6,3.03267135,0.0405,3144
3951,Kepler-164 e,,4.24,94.886902,0.4025,1429
3952,Kepler-1994 b,,0.51,4.61225043,0.053,3145
3953,Kepler-1984 b,,6.81,1.992812339,0.0238,3146
3954,GJ 433 d,,2.14,36.059,0.178,3140
3955,GJ 3082 b,,2.79,11.949,0.079,3147
3956,WASP-175 b,314.6517,13.540472,3.0652907,0.04403,3148
3957,Kepler-619 d,,4.17,11.67894236,0.1021,1580
3958,Kepler-1126 c,,1.45,199.66876,0.6193,217
3959,EPIC 249893012 b,8.75,1.95,3.5951,0.047,3149
3960,Kepler-1661 b,17.0,3.87,175.06,0.633,3150
3961,OGLE-2016-BLG-1067L b,140.0,14.3,,1.7,3151
3962,Kepler-1987 c,,1.33,3.64830183,0.0427,462
3963,Kepler-1985 b,,2.27,3.42064689,0.0426,3152
3964,Kepler-1987 b,,1.23,2.345863002,0.0318,462
3965,Kepler-1801 c,,2.91,116.583183,0.4572,3153
3966,EPIC 249893012 c,14.67,3.67,15.624,0.13,3149
3967,EPIC 249893012 d,10.18,3.94,35.747,0.22,3149
3968,WASP-180 A b,286.047,13.89916,3.409264,0.048,3154
3969,WASP-2 b,295.89973,12.116929,2.152175,0.03144,3155
3970,Kepler-949 c,,2.97,20.99757968,0.1394,133
3971,Kepler-311 d,,2.05,232.040326,0.7326,2011
3972,WASP-44 b,276.5121,12.3299,2.423804,0.03453,3156
3973,WASP-45 b,306.38812,10.603714,3.126089,0.03963,3157
3974,Kepler-1834 c,,1.22,0.766691517,0.015,3158
3975,HATS-47 b,117.27927,12.520453,3.9228038,0.04269,3159
3976,GJ 15 A c,,6.67,7600.0,5.4,1343
3977,Kepler-763 c,,1.42,4.09667624,0.0466,1601
3978,Kepler-347 d,,3.04,85.517344,0.3802,2097
3979,EPIC 248847494 b,4131.79,12.44199,3650.0,4.5,3160
3980,WASP-184 b,181.1631,14.90797,5.1817,0.0627,3161
3981,WASP-185 b,311.4734,14.01125,9.38755,0.0904,3162
3982,Kepler-290 d,,0.86,0.764017553,0.0154,1999
3983,Kepler-549 d,,4.2,24.61480613,0.1575,2431
3984,KMT-2017-BLG-0165L b,34.0,6.45,,3.45,3163
3985,Kepler-865 c,,0.89,6.20920207,0.061,2257
3986,TOI-150.01,797.7533,14.067295,5.857487,0.07037,3164
3987,GJ 682 c,,2.89,57.32,0.176,3165
3988,OGLE-2015-BLG-1649L b,807.0,13.2,,2.07,3166
3989,Kepler-2000 c,,1.57,20.6180348,0.1228,3167
3990,Kepler-448 c,6992.26,12.0,2500.0,4.2,181
3991,MOA-bin-29 b,190.0,14.1,,0.48,3168
3992,TOI-4562 c,1833.86990839,12.8,3990.0,5.219,1224
3993,HD 50554 d,10.4,1.41,28.0694,0.1831,178
3994,HD 97048 b,794.575,13.3,,130.0,3169
3995,7 CMa b,,13.4,735.1,1.758,3170
3996,Kepler-1983 b,,2.33,7.32851947,0.0689,3171
3997,NGTS-8 b,295.5819,12.21781,2.4997,0.035,3172
3998,EPIC 205950854 c,,1.31,8.050722,,3173
3999,7 CMa c,,13.9,996.0,2.153,3170
4000,Kepler-1990 c,,0.98,4.06844957,0.0504,1512
4001,HD 220197 b,,9.32,1728.0,2.729,3174
4002,K2-43 c,,2.42,2.198884,,3
4003,Kepler-763 d,,1.67,6.50327035,0.0634,1601
4004,Kepler-1162 c,,1.81,59.284064,0.2832,3175
4005,HD 213885 b,8.83,1.745,1.008035,0.02012,3176
4006,Kepler-896 c,,3.15,29.5422566,0.1792,2537
4007,Kepler-1982 b,,0.77,3.82315697,0.0511,3177
4008,HD 213885 c,,4.71,4.78503,0.056798,3176
4009,HAT-P-69 b,1137.8314,18.786284,4.7869491,0.06555,3178
4010,Kepler-2000 b,,2.73,6.383159135,0.0562,3167
4011,TOI-763 c,9.32,2.63,12.2737,0.1011,3179
4012,TOI-905 b,211.99261,13.125739,3.739494,0.04666,3180
4013,TOI-564 b,464.98529,11.43318,1.651144,0.02734,3181
4014,Kepler-29 b,5.0,2.55,10.33974,0.08482,3182
4015,Kepler-1674 b,,3.2057749,62.5611,0.3017,3183
4016,Kepler-1675 b,,3.12483349,63.0382,0.32185,3184
4017,HD 108236 b,,1.615,3.795963,0.04527,246
4018,HD 164922 c,,3.66,75.74,0.341,3185
4019,KMT-2019-BLG-0842L b,10.28,3.19,,3.31,3186
4020,HD 108236 e,,3.083,19.590025,0.1367,246
4021,WASP-150 b,2688.8418,11.99363,5.644207,0.0694,3187
4022,NGTS-13 b,1538.2972,12.800678,4.119027,0.0549,3188
4023,MOA-2009-BLG-319L b,67.3,9.64,,2.03,3189
4024,Kepler-1685 b,,2.57673985,20.4905,0.1485,3190
4025,Kepler-1686 b,,1.42553017,9.30987,0.08827,3191
4026,KMT-2016-BLG-2397L b,836.0,13.2,,3.64,3192
4027,OGLE-2017-BLG-0604L b,160.0,14.2,,4.06,3193
4028,OGLE-2017-BLG-1375L b,3585.0,12.4,,3.04,3194
4029,NGTS-14 A b,29.24036,4.976796,3.5357173,0.0403,3195
4030,HD 13808 b,,3.35,14.1815,0.10519,1290
4031,OGLE-2015-BLG-1771L b,138.0,14.3,,0.85,3196
4032,OGLE-2018-BLG-1700L b,1400.0,12.9,,2.8,3197
4033,Kepler-1687 b,,1.65623882,5.77954,0.0532,3198
4034,Kepler-1689 b,,0.94678642,8.483,0.0784,3199
4035,Kepler-462 b,53.9,3.0,84.6866,0.4172,3200
4036,HD 4760 b,,12.3,434.0,1.14,3201
4037,HD 110113 c,,2.11384817,6.744,0.068,3202
4038,HD 96992 b,,13.7,514.0,1.24,3203
4039,KMT-2018-BLG-1292L b,1400.0,12.9,,6.03,3204
4040,OGLE-2012-BLG-0838L b,53.1,8.39,,4.43,3205
4041,Kepler-1691 b,,1.83470985,3.8482,0.0495,3206
4042,Kepler-1692 b,,1.11177184,5.95966,0.0646,3207
4043,EPIC 201170410.02,,1.047,6.7987,0.0349,3208
4044,Kepler-160 d,100.0,,30.0,0.17,213
4045,Kepler-160 c,,3.76,13.699429,0.1192,213
4046,Kepler-1694 b,,1.17986031,3.89526,0.0449,3209
4047,Kepler-716 c,,1.39281536,3.96999,0.04548,1223
4048,EPIC 201757695.02,,0.90819,2.0478,0.0296,3210
4049,HD 110082 b,,3.2,10.18271,0.113,3211
4050,Kepler-1664 b,,3.03320653,14.3868,0.1137,3212
4051,Kepler-1001 c,,1.57799279,9.18186,0.08296,3213
4052,TOI-954 b,55.30242,9.550068,3.6849729,0.04963,3214
4053,K2-329 b,82.6358,8.675766,12.4551225,0.1016,3215
4054,HATS-49 b,112.19399,8.574885,4.1480467,0.04515,3216
4055,TYC 8998-760-1 c,1906.98,12.3299,,320.0,1661
4056,Wendelstein-1 b,188.15536,11.5609626,2.663416,0.0282,3217
4057,MOA-2013-BLG-220L b,871.0,13.2,,3.03,3218
4058,KMT-2016-BLG-1836L b,700.0,13.3,,3.5,3219
4059,OGLE-2013-BLG-0911L b,3020.0,12.5,,0.39,3220
4060,BD-11 4672 c,,4.04,74.2,0.3,3221
4061,BD-11 4672 b,,14.1,1634.0,2.36,3221
4062,HIP 65 A b,1021.18779,22.75427,0.9809734,0.01782,3222
4063,TOI-481 b,486.2799,11.09691,10.33111,0.097,3223
4064,TIC 237913194 b,617.22586,12.520453,15.168865,0.1207,3224
4065,OGLE-2016-BLG-1227L b,250.0,13.9,,3.4,3225
4066,TOI-157 b,375.0394,14.414774,2.0845435,0.03138,3226
4067,TOI-169 b,251.40353,12.172974,2.2554477,0.03524,3227
4068,Kepler-1700 b,,2.90129941,234.239,0.76094,3228
4069,Kepler-1666 b,,2.88273782,25.8476,0.1761,777
4070,Gl 686 b,,2.46,15.53,0.091,3229
4071,HD 180617 b,,3.53,105.911,0.343,3230
4072,HD 158259 e,,2.34,7.951,,1097
4073,HD 158259 c,,2.23,3.432,,1097
4074,HATS-37 A b,31.46517,6.792654,4.3315366,0.04913,3231
4075,GJ 687 b,,4.32,38.142,0.163,3232
4076,GJ 2056 b,,4.17,69.971,0.283,3233
4077,TOI-237 b,,1.44,5.436098,0.0341,3234
4078,HD 216520 c,,3.03,154.43,0.528,3235
4079,CoRoT-30 b,921.707,11.309881,9.06005,0.0844,3236
4080,CoRoT-31 b,266.9772,16.36514,4.62941,0.0586,3237
4081,HIP 38594 b,,2.77,60.722,0.256,1166
4082,WASP-186 b,1341.2426,12.44199,5.026799,0.06,3238
4083,Kepler-29 c,4.5,2.34,13.28613,0.10027,3182
4084,Kepler-783 c,,2.33153725,7.05395,0.06903,189
4085,Kepler-1667 b,,2.98385261,83.5781,0.35905,3239
4086,HIP 4845 b,,3.89,34.15,0.176,3240
4087,HIP 48714 b,,5.11,17.818,0.112,3241
4088,TOI-251 b,317.83,2.74,4.93777,0.05741,3242
4089,HAT-P-68 b,230.10892,12.016048,2.29840551,0.02996,3243
4090,Kepler-177 b,5.84,3.5,36.8601,0.21101,3244
4091,Kepler-36 b,3.83,1.498,13.86825,0.11419,3245
4092,KOI-1783.01,71.0,8.86,134.4628,0.52661,3246
4093,Kepler-1668 b,,4.34764405,15.434,0.124,3247
4094,Kepler-598 c,,3.02420941,86.4945,0.36672,717
4095,KMT-2019-BLG-1953L b,200.0,14.1,,,3248
4096,Kepler-1514 c,,1.1758241,10.514181,0.0997,3249
4097,KOI-1783.02,15.0,5.44,284.215,0.86695,3246
4098,HD 156668 c,,6.17,811.3,1.57,3250
4099,HD 211403 b,,12.8,223.8,0.768,3251
4100,K2-344 b,,1.59,3.35585,,3252
4101,HD 24040 c,,9.35,515.4,1.3,2936
4102,HD 3765 b,,8.56,1211.0,2.108,3253
4103,HD 213472 b,,13.1,17000.0,13.0,3254
4104,K2-348 c,,2.67,12.550171,,3255
4105,CD Cet b,,1.82,2.2907,0.0185,3256
4106,G 264-012 b,,1.39,2.30538,0.02279,1481
4107,K2-352 d,,2.23,14.871387,,1208
4108,K2-339 b,,1.92,19.507428,,3257
4109,K2-282 b,,2.5,4.169783,0.0499,3258
4110,K2-156 b,,1.1,0.813143,0.0149,3259
4111,TOI-257 b,43.860320166,7.16253867,18.38818,0.1528,3260
4112,HAT-P-58 b,118.232167404,14.93036229,4.0138379,0.04994,3261
4113,HAT-P-59 b,489.45574678,12.58768533,4.1419771,0.05064,3262
4114,K2-268 d,,1.49,4.528598,,1234
4115,TOI-269 b,8.8,2.77,3.6977104,0.0345,3263
4116,K2-268 f,,2.23,26.27057,,1234
4117,K2-187 b,,1.2,0.77401,0.0164,1139
4118,K2-210 b,,0.86,0.57023,,3264
4119,K2-32 b,15.0,5.299,8.992,0.0795,3265
4120,K2-32 e,2.1,1.212,4.34934,0.04899,3265
4121,HAT-P-64 b,184.34047606,19.08889413,4.007232,0.05387,3266
4122,Kepler-129 c,43.0,2.52,82.2,0.39,977
4123,K2-331 b,,1.79,9.398977,,3267
4124,EPIC 228836835 b,,1.1,0.728113,,3268
4125,K2-32 c,8.1,3.134,20.66093,0.13843,3265
4126,K2-32 d,6.7,3.484,31.71701,0.18422,3265
4127,KIC 10068024 b,,13.4,2.073549,,3269
4128,K2-350 b,,1.54,4.163873,,3270
4129,K2-353 b,,5.55,15.466805,,3271
4130,K2-137 b,158.915,0.64,0.179719,0.0058,3272
4131,EPIC 206042996 b,,1.7,5.2986,,722
4132,NGTS-15 b,238.689133657,12.32987877,3.27623,0.0441,3273
4133,K2-354 b,,1.56,3.793306,,3274
4134,K2-330 b,,2.77,13.774798,,3275
4135,TOI-1333 b,753.2571,15.647764,4.720219,0.0626,3276
4136,HD 238090 b,,2.52,13.671,0.0932,3277
4137,NGTS-18 b,129.991818463,13.56286665,3.05125,0.0448,3278
4138,HD 136352 b,4.72,1.664,11.57797,0.0964,1817
4139,K2-336 b,,1.22,21.194733,,3279
4140,GJ 414 A b,,2.63,50.8,0.2324,3280
4141,BD+55 362 b,,14.0,265.59,0.78,3281
4142,HD 136352 d,8.82,2.562,107.245,0.425,1817
4143,K2-337 b,,2.62,16.273563,,3282
4144,K2-138 c,6.31,2.299,3.56004,0.04461,814
4145,KOI-1831 d,2.23,1.13,34.169,0.19924,830
4146,K2-340 b,,3.36,29.740451,,3283
4147,K2-138 d,7.92,2.39,5.40479,0.05893,814
4148,K2-138 e,12.97,3.39,8.26146,0.0782,814
4149,EPIC 212297394 c,,2.27,5.213965,,1544
4150,K2-138 f,1.63,2.904,12.75758,0.10447,814
4151,K2-100 b,21.8,3.88,1.6739035,0.0301,3284
4152,TOI-2202 c,117.278682183,13.4,24.6744,0.15544,1597
4153,KMT-2019-BLG-1715L b,813.64072192,13.2,,3.32,3285
4154,K2-349 b,,1.38,9.032178,,3286
4155,K2-350 c,,2.74,19.991944,,3270
4156,K2-351 b,,2.54,7.806164,,3287
4157,GJ 740 b,,1.53,2.37756,0.029,3288
4158,HD 60292 b,,12.7,495.4,1.5,3289
4159,KMT-2018-BLG-1025L b,6.059,2.34,,1.305,3290
4160,K2-185 b,,1.15,10.616384,,3291
4161,EPIC 212587672 c,,2.32,23.228555,,3292
4162,HD 221420 b,7278.2705203,12.0,10090.0,10.15,3293
4163,K2-185 c,,2.39,52.713494,,3291
4164,TOI-1201 b,6.28,2.415,2.4919863,0.0287,3294
4165,HD 136925 b,,13.9,4540.0,5.13,3295
4166,HD 109286 b,,13.2,520.1,1.259,3296
4167,Kepler-1771 b,,4.05537256,88.64399719,0.3815,3297
4168,Kepler-1786 b,,3.16305828,78.5460968,0.35722,3298
4169,Kepler-1834 b,,1.4593834,4.603010178,0.04911,3158
4170,TOI-559 b,1910.14872607,12.22899794,6.9839095,0.0723,3299
4171,Kepler-418 c,,5.22108654,12.21829987,0.10632,1966
4172,Kepler-1801 b,,2.70926154,10.44089985,0.0915,3153
4173,Kepler-1838 b,,1.66049425,12.14680004,0.11082,3300
4174,Kepler-1839 b,,1.9493759,5.056759834,0.0583,3301
4175,TOI-530 b,127.1313628,9.30345398,6.387597,0.052,3302
4176,Kepler-1749 b,,1.61301783,14.53409958,0.0956,3303
4177,Kepler-1841 b,,1.48912557,25.88599968,0.1606,3304
4178,Kepler-1842 b,,2.35388681,14.02639961,0.116,3305
4179,HAT-P-43 b,210.395,13.63,3.3326414,0.0444,3306
4180,Kepler-1742 b,,2.1782413,49.47819901,0.2587,3307
4181,Kepler-1743 b,,1.59887007,7.649710178,0.084,3308
4182,Kepler-1741 b,,1.273,2.757590055,0.0296,3309
4183,Kepler-1810 b,,3.91815325,101.1330032,0.4137,3310
4184,Kepler-1812 b,,2.3249424,7.165219784,0.0765,3311
4185,Kepler-1845 b,,2.43836702,11.60649967,0.0885,3312
4186,Kepler-1716 b,,2.4247685,35.58100128,0.18836,3313
4187,K2-95 b,,3.31,10.1346454,0.0525,3314
4188,Kepler-1746 b,,8.93504475,321.2120056,0.94082,3315
4189,Kepler-1745 b,,1.92872921,3.016190052,0.0408,3316
4190,Kepler-1814 b,,2.36961357,2.935359955,0.03765,3317
4191,Kepler-1813 b,,1.413,2.818160057,0.0364,3318
4192,Kepler-1815 b,,2.7489262,12.19139957,0.0984,3319
4193,Kepler-1856 b,,1.73447868,1.302000046,0.0215,3320
4194,K2-101 b,,2.0,14.6762429,0.1124,3321
4195,Kepler-1669 c,,1.90120972,1.609320045,0.0228,1067
4196,Kepler-1165 c,,3.36093385,29.96870041,0.1969,2627
4197,Kepler-1816 b,,1.9679397,91.50099945,0.35647,3322
4198,Kepler-1847 b,,2.74516914,11.12969971,0.0989,3323
4199,K2-355 b,,2.25,5.7385647,0.0632,3324
4200,K2-356 b,,2.29,21.0267366,0.1599,3325
4201,Kepler-1757 b,,2.94660251,19.65640068,0.1335,3326
4202,Kepler-1758 b,,2.57059831,9.977210045,0.0919,3327
4203,Kepler-1819 b,,3.90351256,16.48690033,0.1337,3328
4204,Kepler-1817 b,,2.27349126,44.29919815,0.2348,3329
4205,K2-357 b,,3.72,16.3488637,0.145,3330
4206,K2-358 b,,2.68,11.2510285,0.0863,3331
4207,Kepler-1731 b,,2.93295657,21.76129913,0.1399,3332
4208,Kepler-1762 b,,2.76022913,29.53910065,0.204,3333
4209,Kepler-1820 b,,3.11883067,31.03249931,0.1964,3334
4210,Kepler-1821 b,,2.59248115,16.45809937,0.1244,3335
4211,Kepler-1788 b,,2.37850461,2.800120115,0.0343,3336
4212,Kepler-1859 b,,1.58313575,2.729599953,0.0394,589
4213,Kepler-1860 b,,1.13863767,12.73719978,0.10625,3337
4214,K2-184 b,,1.47,16.9780102,0.1685,3338
4215,Kepler-1712 b,,2.28372556,13.81499958,0.0903,3339
4216,Kepler-1763 b,,1.14651332,1.480280042,0.0257,3340
4217,Kepler-1764 b,,4.55527871,70.46829987,0.3512,3341
4218,Kepler-1790 b,,3.1446145,31.58889961,0.20989,3342
4219,Kepler-1791 b,,3.12103321,7.720860004,0.0761,3343
4220,EPIC 220554210 c,,1.6,0.70531,,3258
4221,K2-273 b,,3.05,11.7195663,0.0729,3344
4222,K2-104 b,,1.79,1.9741954,0.0242,3345
4223,Kepler-1792 b,,2.51990972,4.1957798,0.0488,3346
4224,Kepler-1090 c,,3.29265785,42.42720032,0.22622,1463
4225,EPIC 220492298 b,,0.99,0.762406,,3347
4226,EPIC 206024342 c,,1.4,0.911724,,1319
4227,Kepler-1760 b,,2.28995546,38.3260994,0.2084,3348
4228,Kepler-1777 b,,2.13189678,12.18420029,0.10301,3349
4229,K2-275 c,,2.21,8.4388385,0.0881,3350
4230,K2-275 b,,2.34,3.2809626,0.0277,3350
4231,Kepler-1775 b,,3.64762153,85.65399933,0.39565,3351
4232,Kepler-1797 b,,3.05774442,23.3593998,0.1637,3352
4233,Kepler-1798 b,,2.30911251,16.85589981,0.1082,3353
4234,TIC 172900988 b,942.0,11.25,200.452,0.90281,3354
4235,HD 93385 d,,2.89,45.85,0.2565,466
4236,OGLE-2018-BLG-0567L b,101.70509024,12.3,,2.72,3355
4237,OGLE-2018-BLG-0962L b,425.89006538,13.6,,3.59,3356
4238,Kepler-487 d,,2.77513568,2.418390036,0.03445,2290
4239,Kepler-1822 b,,2.64755943,22.13339996,0.1416,3357
4240,Kepler-1823 b,,2.0861268,21.10339928,0.15332,3358
4241,HD 96700 c,,1.69,19.88,0.141,1247
4242,HD 96700 d,,3.61,103.5,0.424,1247
4243,TOI-2257 b,,2.194,35.189346,0.145,3359
4244,Kepler-1769 b,,4.465,89.1934967,0.40598,3360
4245,Kepler-1778 b,,3.01665969,10.08740044,0.0956,3361
4246,Kepler-1824 b,,2.38127597,95.61100006,0.4267,3362
4247,HD 189567 b,,2.85,14.288,0.111,3363
4248,HD 189567 c,,2.54,33.688,0.197,3363
4249,HD 137496 c,,12.6,479.9,1.2163,3364
4250,Kepler-1782 b,,2.22927435,5.756229877,0.05825,3365
4251,Kepler-1784 b,,2.79936489,13.59049988,0.1072,3366
4252,Kepler-1828 b,,2.11598626,10.2737999,0.0924,3367
4253,Kepler-1829 b,,2.47887001,5.186719894,0.0559,3368
4254,Kepler-1776 b,,2.61157023,35.01190186,0.2093,3369
4255,Kepler-1709 b,,3.12424875,65.70459747,0.32704,3370
4256,Kepler-1833 b,,1.30027362,6.892129898,0.07545,3371
4257,TOI-3362 b,1598.359058803,12.80065596,18.09547,0.153,3372
4258,Kepler-1738 b,,2.82472883,7.674630165,0.0781,3373
4259,Kepler-1739 b,,2.43056832,7.343709946,0.0697,3374
4260,Kepler-1924 b,,2.65446572,15.33170033,0.1216,3375
4261,Kepler-1925 b,,3.00177922,46.71640015,0.2588,3376
4262,HATS-76 b,835.570882003,12.09449018,1.9416423,0.02658,3377
4263,Kepler-1130 d,,0.64472273,4.272250175,0.05068,614
4264,Kepler-1802 c,,2.322,33.13610077,0.1748,1070
4265,Kepler-1942 b,,2.1170287,4.626049995,0.0516,3378
4266,Kepler-1943 b,,1.54869189,4.850180149,0.05975,3379
4267,Kepler-1927 b,,3.40627075,73.75039673,0.38733,3380
4268,Kepler-1722 b,,2.86719266,9.178569794,0.0819,3381
4269,HD 69123 b,982.08977763,13.1,1193.3,2.482,3382
4270,Kepler-1266 c,,1.68023962,4.86631012,0.0506,2497
4271,Kepler-394 d,,1.50066814,5.613580227,0.05904,2079
4272,Kepler-1944 b,,2.75971163,9.842579842,0.0918,3383
4273,Kepler-1945 b,,1.289,6.080039978,0.0597,3384
4274,Kepler-1946 b,,2.48812698,3.035190105,0.0394,3385
4275,Kepler-1929 b,,3.07250761,59.36249924,0.30883,3386
4276,Kepler-913 c,,3.8580709,5.939119816,0.0699,2251
4277,Kepler-324 e,235.014,2.03862444,13.97939968,0.10972,830
4278,Kepler-1727 b,,3.17321625,9.029299736,0.0796,3387
4279,Kepler-1931 b,,2.65323514,38.5760994,0.23329,3388
4280,Kepler-1530 d,,3.27870115,9.20761013,0.08276,2724
4281,Kepler-1932 b,,1.51482218,0.524177015,0.0123,3389
4282,YZ Cet b,,0.913,2.02087,0.01634,3390
4283,YZ Cet c,,1.05,3.05989,0.02156,3390
4284,Kepler-281 d,654.0,5.93747806,148.2720032,0.5456,2046
4285,Kepler-495 c,,1.21936414,5.896609783,0.0614,2705
4286,Kepler-501 c,,1.68119739,3.622760057,0.0467,799
4287,Kepler-196 d,,2.66065673,122.0800018,0.4545,972
4288,Kepler-1950 b,,1.52696349,10.77690029,0.0871,3391
4289,Kepler-1899 b,,1.55098292,4.095779896,0.0457,3392
4290,Kepler-1869 b,,1.11955354,8.167360306,0.07976,1621
4291,Kepler-1312 c,,1.02732734,1.116119981,0.02103,2595
4292,Kepler-1952 b,,1.23923346,27.21080017,0.1724,3393
4293,Kepler-1728 b,,2.95501875,4.782999992,0.0535,3394
4294,Kepler-1926 b,,2.31495961,42.87770081,0.2197,3395
4295,Kepler-1729 b,,3.89404186,4.220970154,0.0418,3396
4296,Kepler-1972 b,2.02,0.802,7.54425,0.08006,3397
4297,Kepler-1321 d,,2.62843782,5.720920086,0.0501,2522
4298,Kepler-1600 c,,1.94206512,7.298049927,0.06961,2815
4299,Kepler-1954 b,,1.80235934,5.883430004,0.0625,3398
4300,Kepler-1730 b,,4.48524519,13.81019974,0.1131,3399
4301,Kepler-1721 b,,3.11856756,4.592380047,0.0519,3400
4302,Kepler-1887 b,,2.92454357,19.94750023,0.1421,3401
4303,Kepler-1958 b,,2.05124311,9.328619957,0.0856,3402
4304,Kepler-1726 b,,2.50861954,18.39629936,0.12794,3403
4305,Kepler-1723 b,,2.88046569,39.75289917,0.2249,3404
4306,Kepler-1705 b,4.47,2.03,9.03502,0.08,3405
4307,OGLE-2019-BLG-0960L b,2.5,1.39,,1.9,3406
4308,Kepler-1890 b,,0.86867375,4.820590019,0.05712,3407
4309,Kepler-1892 b,,1.83707938,6.331230164,0.0633,3408
4310,Kepler-1959 b,,1.14315727,6.38669014,0.0617,3409
4311,Kepler-1960 b,,1.30749704,2.297940016,0.0354,3410
4312,Kepler-457 d,,2.98467257,10.6906004,0.0996,2215
4313,Kepler-633 c,,2.296,23.78319931,0.16246,2617
4314,Kepler-1861 b,,2.20677414,40.0306015,0.24082,3411
4315,Kepler-1863 b,,2.26309256,44.99760056,0.23678,3412
4316,Kepler-1895 b,,2.11934728,6.070290089,0.0615,3413
4317,Kepler-1911 b,,1.011,5.990799904,0.0636,3414
4318,Kepler-1865 b,,1.57686072,2.524009943,0.0344,3415
4319,Kepler-1866 b,,2.08215108,11.66009998,0.1016,3416
4320,Kepler-1897 b,,2.81407954,24.22030067,0.1546,3417
4321,Kepler-1896 b,,3.09935997,44.87020111,0.2529,3418
4322,Kepler-1967 b,,0.73022577,7.281690121,0.06686,3419
4323,b Cen AB b,3464.3296363,12.4,1790000.0,556.0,3420
4324,OGLE-2018-BLG-0532L b,6.228,2.37,,1.064,3421
4325,Kepler-1867 b,,1.15985997,9.887359619,0.0872,3422
4326,Kepler-1868 b,,3.14950109,211.0339966,0.62348,3423
4327,Kepler-1903 b,,2.28642395,17.0678997,0.1321,3424
4328,Kepler-1969 b,,1.68161001,6.647520065,0.0717,3425
4329,Kepler-1968 b,,1.50004034,7.281099796,0.0696,3426
4330,Kepler-1871 b,,2.42172881,1.952700019,0.0308,3427
4331,Kepler-1872 b,,2.38421141,3.825910091,0.0465,3428
4332,Kepler-1906 b,,2.77615754,7.362689972,0.0738,3429
4333,Kepler-1907 b,,0.86973029,5.652450085,0.05444,3430
4334,Kepler-1913 b,,1.51852059,14.1960001,0.1209,3431
4335,HD 79181 b,,14.1,273.1,0.9,3432
4336,HD 10975 b,,14.3,283.8,0.95,3433
4337,HD 99283 b,,13.8,310.4,1.08,3434
4338,Kepler-1873 b,,1.62573811,0.558842003,0.0128,3435
4339,Kepler-1874 b,,2.21110724,56.57320023,0.2633,3436
4340,Kepler-1909 b,,1.09217411,2.391609907,0.0306,3437
4341,Kepler-1717 b,,2.98929758,30.65279961,0.2014,3438
4342,Kepler-1917 b,,1.88971288,12.90240002,0.103,3439
4343,Kepler-1918 b,,2.29763023,47.0564003,0.2524,3440
4344,ups Leo b,,14.2,385.2,1.18,3441
4345,HD 219139 b,,14.0,275.5,0.94,3442
4346,Kepler-616 d,,2.653,51.06740189,0.2749,627
4347,Kepler-534 c,,1.227,7.378689766,0.0761,582
4348,Kepler-1919 b,,2.62390658,37.88660049,0.2107,3443
4349,Kepler-1488 c,,1.65156749,6.158269882,0.06959,2754
4350,gam Psc b,,13.6,555.1,1.32,3444
4351,HIP 34222 b,,13.9,159.986,0.492,3445
4352,Kepler-1881 b,,2.98104391,159.3939972,0.53325,3446
4353,Kepler-1879 b,,2.06512018,10.61340046,0.0957,3447
4354,Kepler-1934 b,,0.91307734,1.419759989,0.02466,3448
4355,Kepler-1935 b,,2.50271696,3.951400042,0.0463,3449
4356,Kepler-1921 b,,2.89459458,20.03479958,0.15865,1244
4357,HIP 86221 b,,14.0,2.224,0.031,3450
4358,Kepler-1883 b,,3.25107395,103.427002,0.4438,3451
4359,Kepler-1938 b,,1.82828927,13.06260014,0.0938,3452
4360,TOI-1268 b,96.4,9.1,8.1577094,0.0711,3453
4361,K2-25 b,24.5,3.44,3.48456408,0.0287,3454
4362,TOI-2136 b,6.37,2.19,7.851928,0.057,3455
4363,K2-382 b,,2.072,21.700156,,3456
4364,K2-376 b,,1.736,5.776475,,3457
4365,iot Dra b,,12.4,510.8544,1.453,3458
4366,CoRoT-35 b,349.6112477,18.83108758,3.22748,0.0429,3459
4367,CoRoT-36 b,216.12331676,15.80466279,5.616531,0.066,3460
4368,K2-383 b,,1.564,1.865962,,3461
4369,K2-366 b,,2.359,15.937039,,3462
4370,iot Dra c,,12.2,25000.0,19.4,3458
4371,K2-373 b,,2.061,11.02066,,3463
4372,K2-367 b,,2.413,20.645099,,3464
4373,HD 160691 c,1398.4449908,,3947.0,4.17,148
4374,HD 160691 d,,3.23,9.6392,0.0952,148
4375,K2-384 f,,2.222,13.62749,,3465
4376,K2-369 b,,1.313,5.761612,,3466
4377,TOI-620 b,,3.76,5.0988179,0.04825,3467
4378,AB Aur b,2860.455663,12.5,,93.9,3468
4379,HD 33142 b,,13.7,330.0,1.074,1268
4380,K2-384 e,,1.345,9.715043,,3465
4381,K2-371 b,,13.024,3.114905,,3469
4382,K2-372 b,,2.945,9.844077,,3470
4383,TYC 2187-512-1 b,,12.5,691.9,1.22,3471
4384,HD 160691 e,2224.798849,,307.9,0.96,148
4385,K2-393 b,,2.352,10.413181,,3472
4386,K2-375 b,,2.243,14.453895,,3473
4387,HIP 94235 b,379.0,3.0,7.713057,0.0787,3474
4388,KOI-984 c,209.8,14.1,21.512,0.1467,126
4389,K2-389 c,,2.04,20.851337,,3475
4390,K2-390 b,,4.662,3.312792,,3476
4391,HD 73583 b,10.2,2.79,6.398042,0.0604,3477
4392,HD 103891 b,918.52409623,13.2,1919.0,3.27,3478
4393,HD 105779 b,,14.1,2412.0,3.38,3479
4394,HD 33142 d,,9.32,89.9,0.452,1268
4395,HD 19615 b,,12.6,402.0,1.1,3480
4396,K2-391 b,,1.371,4.622654,,3481
4397,HD 73583 c,9.7,2.39,18.87974,0.1242,3477
4398,GJ 411 b,,1.45,12.9394,0.07879,3482
4399,TOI-1064 c,2.5,2.651,12.226574,0.09429,1416
4400,K2-316 b,,1.33,1.133,0.0147,3483
4401,HD 95735 c,,3.76,2946.0,2.94,3482
4402,TOI-2669 b,193.87532827,19.72780603,6.2034,,3484
4403,TOI-4329 b,143.02278315,16.81347105,2.9223,,3485
4404,K2-397 b,,2.417,3.572326,,3486
4405,K2-316 c,,1.83,5.26,0.0582,3483
4406,TOI-2046 b,731.0053361,16.14093221,1.4971842,,3487
4407,Kepler-1656 c,126.4,14.0,1919.0,3.053,3488
4408,TOI-206 b,,1.3,0.7363104,0.0112,3489
4409,K2-398 c,,5.098,18.787839,,3490
4410,K2-319 b,,2.79,26.68,0.1516,3491
4411,mu2 Sco b,4576.7290608,12.3,,242.4,3492
4412,TOI-1693 b,,1.41,1.7666957,0.0226,3493
4413,K2-402 b,,2.678,17.27474,,3494
4414,K2-323 b,,2.1,24.93,0.1275,3495
4415,HD 81040 b,2301.07766668,12.6,1002.7,1.946,3496
4416,HD 171238 b,2796.8899816,12.5,1515.0,2.518,3497
4417,HD 87883 b,2005.49724817,12.7,3006.0,3.77,3498
4418,TOI-2411 b,,1.68,0.7826942,0.0144,3499
4419,K2-404 b,,2.53,13.115365,,3500
4420,K2-325 b,,2.2,6.93,0.0419,3501
4421,HD 106515 A b,6006.9568923,12.1,3626.0,4.48,3502
4422,KMT-2017-BLG-2509L b,664.26137063,13.4,,2.14,3503
4423,K2-406 b,,4.602,22.549406,,3504
4424,K2-326 b,,2.28,1.256,0.0198,3505
4425,TOI-5153 b,1036.12060682,11.88151954,20.33003,0.158,3506
4426,NGTS-20 b,947.12865286,11.99360935,54.18915,0.313,3507
4427,HD 29021 b,1420.69297929,12.9,1365.0,2.294,3508
4428,KMT-2021-BLG-0912L b,2.81,1.49,,3.14,3509
4429,K2-407 c,,1.36,9.22453,,495
4430,K2-199 b,6.9,1.73,3.2253993,0.0382,805
4431,Ross 508 b,,1.83,10.77,0.05366,3510
4432,K2-387 b,,7.322,28.735327,,3511
4433,K2-374 b,,1.593,4.521953,,3512
4434,HD 136118 b,4164.187788514,12.3,1187.59765,2.327,3513
4435,HD 140901 b,,4.07,9.02378,0.085,3514
4436,HD 93351 c,4154.01727949,12.3,14010.2941,11.154,3515
4437,GJ 2030 b,,2.03,2.38129,0.034,3516
4438,TOI-2570 b,260.61929374,13.64132951,2.9887615,0.04145,3517
4439,HD 113337 b,,13.1,317.58639,1.022,3518
4440,HIP 97233 b,6098.173645109,12.1,1062.26506,2.491,3519
4441,HD 144899 b,,4.77,40.43914,0.242,3520
4442,HD 142 A d,,10.9,108.45299,0.474,3521
4443,GJ 2030 c,4069.157094821,12.3,25533.11353,16.761,3516
4444,GJ 3222 b,,3.4,10.66669,0.091,3522
4445,GJ 680 b,7977.4930157,12.0,17281.66514,10.138,3523
4446,TOI-3540 A b,375.03752026,23.53885947,3.119999,0.04289,3524
4447,TOI-3331 A b,721.47048389,12.97999965,2.0180231,0.03144,3525
4448,TOI-3693 b,324.18497514,12.59889431,9.088516,0.0813,3526
4449,HD 145934 b,658.540459304,13.4,2751.53433,4.89,3527
4450,HD 151450 b,,6.94,21.89288,0.16,3528
4451,HD 149806 b,4003.684442979,12.3,16521.52778,12.404,3529
4452,HD 151450 c,1636.180639236,12.8,18144.76236,14.131,3528
4453,HD 115404 A b,,6.09,10.49488,0.088,3530
4454,TOI-2196 b,26.0,3.51,1.1947268,0.02234,3531
4455,HD 191806 b,2966.610350938,12.5,1603.38923,2.749,3532
4456,HD 153557 c,,4.36,15.27018,0.111,658
4457,HD 153557 d,8725.661085778,11.9,40654.64809,21.449,658
4458,HD 12235 c,3135.695063462,12.5,36336.70679,22.21,609
4459,HD 56414 b,,3.71,29.04992,0.229,3533
4460,GJ 896 A b,718.29219982,13.3,284.39,0.63965,3534
4461,GJ 676 A c,4288.140867244,12.3,13921.42302,9.726,440
4462,HD 219828 c,5102.417245978,12.2,4789.87297,5.657,775
4463,HD 72892 b,,12.8,39.44603,0.228,3535
4464,HD 155918 b,,2.67,1.87567,0.03,3536
4465,TOI-2048 b,,2.61,13.79019,,3537
4466,HD 111232 b,2531.503261755,12.6,1169.13202,2.148,3538
4467,HD 10697 b,1825.288541401,12.8,1075.3799,2.051,3539
4468,HD 125612 b,,13.2,557.69994,1.349,3540
4469,HIP 67537 b,4309.117542106,12.3,2523.64713,4.807,3541
4470,HD 156098 c,1661.606911796,12.8,7841.5839,8.415,3542
4471,HD 156098 b,,4.12,21.85849,0.167,3542
4472,HD 168863 b,2154.87659946,12.7,14773.93272,10.961,3543
4473,HIP 19976 b,,4.94,50.65905,0.234,3544
4474,HD 203387 c,2378.945626395,12.6,2481.07227,5.067,3545
4475,HIP 35965 b,2589.983688643,12.6,26125.56497,15.898,3546
4476,HD 125612 c,,4.07,4.15466,0.051,3540
4477,HD 125612 d,2281.372305446,12.7,2822.72698,3.982,3540
4478,HD 156279 c,3098.82696825,12.5,4818.25358,5.486,3547
4479,HD 27894 d,2063.659846651,12.7,5019.54244,5.362,3548
4480,HD 181234 b,2980.912629253,12.5,7593.40512,7.427,3549
4481,HD 18143 b,,3.28,10.2851,0.088,3550
4482,HIP 948 b,6547.2651842,12.1,24955.45756,15.037,3551
4483,HD 139357 b,6315.568275497,12.1,1124.79139,2.949,3552
4484,HD 25015 b,2884.928450339,12.5,6134.427,6.248,3553
4485,HD 188641 b,9333.031171555,11.9,14583.81038,12.027,3554
4486,HD 168443 b,,12.6,58.11187,0.292,3555
4487,HD 156279 b,,12.5,133.40355,0.502,3547
4488,HD 168443 c,5500.338411542,12.2,1753.1096,2.842,3555
4489,GJ 229 A c,,2.87,121.93268,0.384,3556
4490,HD 81817 b,7668.563804096,12.0,1021.20159,3.233,3557
4491,HD 204313 e,4868.177710019,12.2,7325.64666,7.457,976
4492,HD 169830 c,2437.426053283,12.6,1818.82339,3.075,3558
4493,HIP 56640 b,2151.69831539,12.7,2675.57603,4.55,3559
4494,HD 213519 b,,2.99,11.12214,0.099,3560
4495,HD 217786 c,,2.61,2.52221,0.038,3561
4496,TOI-3629 b,82.63538582,8.29464572,3.936551,0.043,3562
4497,HD 183263 c,2958.98246917,12.5,4667.97841,5.585,3563
4498,HD 66428 c,560.649309948,13.5,10478.84437,9.408,3564
4499,HD 80869 b,1609.800881455,12.8,1752.92067,2.905,3565
4500,HD 25912 b,,6.9,41.83156,0.242,3566
4501,HD 217958 b,166.542085268,14.2,2560.19774,3.758,3567
4502,HD 25912 c,5252.750082489,12.2,26308.65619,17.848,3566
4503,HD 109988 b,6935.333669147,12.1,17132.15854,12.518,3568
4504,HD 28192 b,,12.2,14.23283,0.118,3569
4505,HD 43197 c,2500.673906276,12.6,9295.9735,8.54,3570
4506,HD 38529 b,,14.1,14.3099,0.115,3571
4507,HD 38529 c,3299.05886466,12.5,2127.60566,3.226,3571
4508,HD 110537 b,8612.832001293,11.9,24469.67342,16.714,3572
4509,HD 56957 b,1880.908512626,12.8,5859.08992,6.426,3573
4510,HD 62364 c,7923.46218651,12.0,74839.94555,36.984,3574
4511,TOI-712 c,,2.701,51.69906,0.2447,3575
4512,TOI-712 d,,2.474,84.8396,0.3405,3575
4513,HD 43197 b,,14.2,308.92072,0.882,3570
4514,HD 4113 b,,13.5,526.5239,1.28,3576
4515,HD 111232 c,5740.934515641,12.2,26472.44623,17.25,3538
4516,HD 62549 b,2707.580199233,12.6,14306.88519,11.842,3577
4517,KMT-2021-BLG-0171L b,11.2,3.35,,3.5,3578
4518,HD 73267 b,1321.530516306,13.0,1257.99159,2.229,179
4519,HD 11505 b,2510.526586893,12.6,32669.22247,20.247,3579
4520,HD 80913 b,7505.200002898,12.0,10839.83341,9.95,3580
4521,HD 81817 c,,12.0,622.97802,2.325,3557
4522,TOI-2207 b,203.41018048,11.1529358,8.001968,0.0854,3581
4523,HD 86264 b,3117.261015856,12.5,1488.79123,2.763,3582
4524,HD 8673 b,4210.590735936,12.3,1644.69097,2.97,3583
4525,HD 127506 b,,5.67,65.78395,0.287,3584
4526,HD 135872 b,1744.560126023,12.8,2422.32597,4.172,3585
4527,HD 86065 b,2877.300568571,12.5,25775.78859,15.947,3586
4528,HD 88072 b,2511.797900521,12.6,18538.79293,13.895,3587
4529,HD 93351 b,,1.69,2.45946,0.035,3515
4530,TOI-2421 b,105.836859531,10.36830715,4.3474032,0.0543,3588
4531,HD 142 c,3464.647464707,12.4,10159.64279,9.811,3521
4532,TOI-2583 A b,79.45710175,14.4595851,4.5207265,0.0571,3589
4533,OGLE-2018-BLG-1119L b,289.22385037,13.9,,4.06,3590
4534,KMT-2021-BLG-1554L b,38.13940884,6.9,,0.72,3591
4535,TOI-2796 b,139.84449908,17.26183028,4.8084983,0.0569,3592
4536,TOI-2096 b,,1.243,3.1190633,0.025,1618
4537,KMT-2021-BLG-1898L b,232.01473711,14.0,,1.9,3593
4538,GJ 338 B b,,3.25,24.422,0.142,3594
4539,TOI-2842 b,117.59651059,12.84549188,3.5514058,0.0475,3595
4540,TOI-4603 b,4096.80816623,11.67975789,7.24599,0.0888,3596
4541,KMT-2021-BLG-0712L b,38.19,6.91,,2.22,3597
4542,KMT-2021-BLG-0909L b,400.46379282,13.7,,1.75,3598
4543,MASCARA-1 b,1175.971,17.90074218,2.14877381,0.040352,3599
4544,K2-38 b,7.3,1.54,4.01593,0.04994,3600
4545,TOI-3364 b,530.77343969,12.22899794,5.8768918,0.0675,3601
4546,KMT-2021-BLG-2478L b,286.0455663,13.9,,1.85,3602
4547,KMT-2021-BLG-1105L b,413.1769291,13.6,,3.54,3603
4548,K2-414 b,,1.219,4.3696,0.0487,556
4549,TOI-4582 b,168.44905571,10.53644186,31.034,,3604
4550,TOI-942 c,37.0,4.67,10.156272,0.08598,3605
4551,TOI-733 b,5.72,1.992,4.884765,0.0618,3606
4552,Kepler-20 c,11.1,2.894,10.8540774,0.0936,816
4553,HIP 21152 b,7627.881768,12.0,22000.0,17.0,3607
4554,OGLE-2019-BLG-0468L c,3248.20631954,12.5,,2.77,3608
4555,OGLE-2019-BLG-0468L b,1090.15143601,13.1,,3.29,3608
4556,TOI-3976 A b,55.619971225,12.27383387,6.607662,0.0743,3609
4557,KMT-2017-BLG-1003L b,5.19,2.13,,1.38,3610
4558,TOI-4087 b,232.01473711,13.04725353,3.1774835,0.04469,3611
4559,TOI-942 b,826.358,3.89,4.32421,0.04866,3605
4560,KMT-2021-BLG-0240L b,66.74396547,9.6,,2.8,3612
4561,KMT-2017-BLG-0673L b,1166.43025369,13.0,,2.34,3613
4562,KMT-2019-BLG-1367L b,4.08,1.85,,1.7,3614
4563,OGLE-2017-BLG-1806L b,5.27,2.15,,1.75,3615
4564,TOI-4791 b,734.18362017,12.44196858,4.28088,0.0555,3616
4565,EPIC 229004835 b,10.4,2.332,16.141132,0.1237,3617
4566,OGLE-2019-BLG-1053L b,2.48,1.38,,3.4,3618
4567,KMT-2019-BLG-2974L b,88.99195396,11.4,,2.0,3619
4568,OGLE-2019-BLG-1470L AB c,699.2224954,13.3,,3.2,3620
4569,HD 23472 b,8.32,2.0,17.667087,0.1162,3621
4570,HD 191939 c,8.0,3.195,28.579743,0.1752,926
4571,OGLE-2018-BLG-0506L b,16.3,4.18,,3.0,3622
4572,TIC 279401253 b,1951.46641898,11.2089807,76.8,0.369,3623
4573,HD 23472 c,3.41,1.87,29.79749,0.1646,3621
4574,HD 23472 f,0.77,1.137,12.1621839,0.0906,3621
4575,OGLE-2019-BLG-1492L b,37.1,6.79,,2.7,3624
4576,TIC 279401253 c,,12.6,155.3,0.591,3623
4577,TOI-1811 b,308.929211604,11.14172682,3.7130765,0.04389,3625
4578,HD 23472 d,0.55,0.75,3.97664,0.04298,3621
4579,HD 23472 e,0.72,0.818,7.90754,0.068,3621
4580,HATS-54 b,239.324790471,11.37711541,2.5441765,0.037,3626
4581,HD 45364 c,,14.2,345.43,0.902,3627
4582,KMT-2021-BLG-1253L b,19.05,4.59,,1.52,3628
4583,NGTS-23 b,194.828813491,14.20177855,4.0764326,0.0504,3629
4584,NGTS-24 b,165.27077164,13.60770257,3.4678796,0.0479,3630
4585,NGTS-25 b,203.092352073,11.46678726,2.823093,0.0388,3631
4586,KMT-2021-BLG-1372L b,61.27,9.12,,2.37,3632
4587,TOI-2497 b,1531.93292174,11.14172682,10.655669,0.1166,3633
4588,TOI-5542 b,419.53349724,11.30986153,75.12375,0.332,3634
4589,TOI-2338 b,1900.61387386,11.2089807,22.65398,0.158,3635
4590,KMT-2021-BLG-1077L b,69.92224954,9.86,,1.26,1757
4591,PZ Tel b,8581.366989,11.9,44000.0,27.0,3636
4592,KMT-2018-BLG-0030L b,460.85119015,13.6,,4.39,3637
4593,MOA-2020-BLG-135L b,11.3,3.37,,1.11,3638
4594,TOI-2364 b,71.511391575,8.60849718,4.0197517,0.04871,3639
4595,OGLE-2018-BLG-0298L b,44.49597698,7.56,,2.86,3640
4596,TOI-969 c,,12.4,1700.0,2.52,3641
4597,OGLE-2006-BLG-284L A b,144.0,14.3,,2.17,3642
4598,K2-3 d,2.2,1.458,44.55603,0.2014,3643
4599,K2-3 c,2.68,1.582,24.646729,0.1357,3643
4600,HD 111998 b,1525.5763536,12.9,810.0,1.91,3644
4601,HIP 70849 b,1430.2278315,12.9,3649.0,3.99,3645
4602,HD 114783 c,603.8739733,13.4,4352.0,5.0,1853
4603,Kepler-409 b,6.0,1.199,68.9583216,0.3192,3646
4604,Kepler-20 f,1.4,0.952,19.578328,0.1387,816
4605,KMT-2022-BLG-0440L b,15.4,4.05,,1.9,3647
4606,TOI-411 c,9.72,2.328,9.573083,0.1017,185
4607,HD 140901 c,572.0911326,13.4,14386.0,11.8,3514
4608,Kepler-102 c,1.7,0.567,7.071392,0.06702,1013
4609,K2-416 b,1652.7077164,2.66,13.102,0.088,3648
4610,TOI-411 b,13.71,1.362,4.040295,0.05727,185
4611,HIP 54597 b,762.7881768,13.3,3274.0,4.0,3649
4612,HD 75302 b,1716.2733978,12.8,4356.0,5.3,3650
4613,Kepler-68 c,1.3,0.979,9.605027,0.09008,734
4614,MOA-2020-BLG-208L b,46.0,7.71,,2.74,3651
4615,HD 15906 b,,2.24,10.924709,0.09,3652
4616,HIP 81208 C b,4703.8604236,12.3,104100.0,23.04,3653
4617,HD 108202 b,953.485221,13.1,2990.0,3.7,3654
4618,Kepler-323 b,3.9,1.381,1.678328,0.02778,3655
4619,HD 15906 c,,2.93,21.583298,0.141,3652
4620,TOI-622 b,96.302007321,9.2362001,6.402513,0.0708,3656
4621,TOI-4201 b,788.21444936,13.67495645,3.5819194,0.04,3657
4622,HD 99492 b,,5.44,17.0503,0.12,1480
4623,Kepler-454 b,5.4,2.37,10.5737534,0.09528,1529
4624,Kepler-109 b,4.9,2.49,6.4816307,0.0701,514
4625,GJ 1252 b,1.32,1.193,0.5182331,0.00915,3658
4626,HAT-P-2 c,3400.7639549,12.4,8500.0,,70
4627,TOI-858 B b,349.6112477,14.06727078,3.2797178,0.04435,3659
4628,K2-36 b,4.3,1.43,1.422614,0.02288,3660
4629,K2-36 c,7.9,3.2,5.340888,0.05528,3660
4630,Kepler-538 b,12.9,2.215,81.73778,0.3554,3661
4631,TOI-1235 b,6.69,1.69,3.444714,0.03845,3662
4632,TOI-1052 b,16.9,2.87,9.139703,0.09103,3663
4633,K2-110 b,15.9,2.592,13.86375,0.10207,3664
4634,TOI-1634 c,,,103.0,,3665
4635,TOI-2018 b,9.2,2.268,7.435583,,3666
4636,TOI-1052 c,,6.48,35.806,0.2263,3663
4637,TOI-519 b,147.154552441,11.54525012,1.2652328,0.0159,3667
4638,TOI-244 b,2.68,1.52,7.397225,0.0559,3668
4639,TOI-4184 b,,2.43,4.9019804,0.0336,3669
4640,TOI-470 b,,4.34,12.19148,0.119,3670
4641,TOI-1470 b,7.32,2.18,2.527093,0.0285,3671
4642,Kepler-21 b,7.5,1.639,2.7858212,0.0434,3672
4643,Kepler-78 b,1.68,1.201,0.35500745,0.00901,3673
4644,WISE J033605.05-014350.4 b,2622.08435775,12.6,2560.0,0.97,3674
4645,OGLE-2018-BLG-1126L b,17.798390792,4.41,,3.23,3675
4646,HD 6860 b,,11.9,663.87,2.03,3676
4647,TOI-1470 c,7.24,2.47,18.08816,0.106,3671
4648,K2-12 b,5.2,2.44,8.28246,0.0792,3677
4649,OGLE-2018-BLG-1212L b,63.5656814,9.32,,1.68,3678
4650,GJ 649 b,,10.8,600.1,1.112,3679
4651,HD 36384 b,,12.7,490.0,1.3,3680
4652,MWC 758 c,,,,100.0,3681
4653,K2-2016-BLG-0005L b,349.6112477,13.7,4700.0,4.16,3682
4654,GJ 849 b,,13.9,1925.31,2.32,3683
4655,GJ 849 c,,13.8,5990.0,4.95,3683
4656,Kepler-68 b,8.03,2.357,5.39875259,0.06135,734
4657,Kepler-107 d,7.7,0.86,7.95839,0.08377,3684
4658,TOI-139 b,,2.4566,11.07085,,3685
4659,HD 62364 b,5965.63919939,12.1,5138.0,6.15,3574
4660,BD-210397 b,,14.0,1891.0,2.63,1455
4661,KMT-2022-BLG-0371L b,82.63538582,10.9,,3.02,3686
4662,WASP-79 b,270.15414595,17.14974047,3.662392,0.0519,3687
4663,Kepler-454 d,,13.3,4073.0,5.1,1529
4664,HD 74698 b,,5.12,15.017,0.121,3688
4665,HD 74698 c,,14.0,3449.0,4.5,3688
4666,GJ 9404 b,,3.48,13.4586,0.0943,3689
4667,GJ 832 b,314.65012293,13.8,3853.0,3.7,3690
4668,Kepler-323 c,6.8,1.57,3.5538229,0.0458,3655
4669,TOI-5803 b,,3.2732,5.38305,,3691
4670,KMT-2019-BLG-1216L b,29.875870258,5.98,,2.44,3692
4671,TOI-1680 b,,1.466,4.8026345,0.03144,3693
4672,HD 100777 b,390.92894061,13.7,383.0,1.06,3694
4673,HD 215497 c,111.23994245,13.0,566.0,1.31,2976
4674,Kepler-107 c,10.0,1.597,4.901452,0.06064,3684
4675,K2-3 b,5.11,2.078,10.0546535,0.0747,3643
4676,Kepler-107 b,3.8,1.536,3.1800218,0.04544,3684
4677,Kepler-122 d,,2.2,21.587475,0.155,1742
4678,HD 167677 b,905.81095995,13.2,1820.0,2.877,3695
4679,HD 165131 b,5943.3912109,12.1,2342.6,3.54,3696
4680,HIP 39017 b,7500.7504052,12.0,31000.0,22.1,3697
4681,Kepler-415 c,,2.01,8.708,0.0695,1957
4682,omi UMa b,,13.0,1569.81,3.691,3698
4683,omi CrB b,,13.7,187.01,0.699,3699
4684,TOI-544 b,2.89,2.018,1.548352,0.0225,552
4685,Teegarden's Star d,,0.954,26.13,0.0791,774
4686,TOI-782 b,19.1,2.734,8.0240015,0.0578,3700
4687,HD 4732 c,,13.1,3184.2,4.725,3701
4688,HD 4732 b,,13.4,371.74,1.129,3701
4689,ome Ser b,,14.0,278.59,0.838,3702
4690,TOI-2010 b,408.727331402,11.81426566,141.834025,0.5516,3703
4691,TOI-1273 b,70.557906354,11.09689089,4.631296,0.0549,3704
4692,TOI-904 b,,2.426,10.8772,0.056,3705
4693,KMT-2023-BLG-0469L b,39.410722468,7.04,,2.31,3706
4694,HD 2952 b,,13.9,312.08,1.117,3707
4695,TOI-2416 b,953.485221,9.86390302,8.275479,0.0831,3708
4696,TOI-2373 b,2955.8041851,10.42435205,13.33668,0.112,3709
4697,TOI-904 c,,2.167,83.9997,0.312,3705
4698,TOI-4860 b,86.7,8.7,1.5227591,0.01808,3710
4699,TOI-4633 c,123.0,3.2,271.9445,0.847,3711
4700,gam Lib b,,13.7,414.88,1.319,3712
4701,KMT-2021-BLG-1770L b,6674.396547,12.1,,0.9,3713
4702,OGLE-2019-BLG-1180L b,555.246227029,13.5,,5.19,3714
4703,HD 47366 b,,13.4,360.08,1.207,3715
4704,HD 47366 c,,13.5,677.53,1.84,3715
4705,Kepler-100 e,,5.27,60.888588,0.312391586,1074
4706,NGTS-27 b,188.472245351,15.64773706,3.3704181,0.0446,3716
4707,HD 134606 d,,7.59,966.5,1.941,833
4708,HATS-2 b,435.42491759,12.57647635,1.35413379,0.02317,3717
4709,TOI-5398 c,11.8,3.52,4.77271,0.057,959
4710,HD 134606 f,,2.24,26.915,0.1784,833
4711,HD 134606 e,,1.33,4.3203,0.0527,833
4712,TOI-238 c,6.7,2.18,8.465651,0.0749,3718
4713,2MASS J11550485-7919108 b,6356.56814,12.1,,587.0,3719
4714,2MASS J21252752-8138278 b,3813.940884,12.4,,7493.0,3720
4715,Kepler-1513 c,84.542356262,11.0,841.4,,3721
4716,HIP 66074 b,1589.142035,12.9,310.9,0.799,3722
4717,HAT-P-19 b,88.038468739,11.29865255,4.00878322,0.04599,3723
4718,Kepler-849 b,298.75870258,8.08167508,394.62508,1.137,3724
4719,TOI-1853 b,73.2,3.46,1.2436258,0.0213,3725
4720,TOI-5126 b,,4.74,5.4588385,0.06519,1175
4721,Kepler-1513 b,48.309917864,8.594,160.8842,0.56971,3721
4722,HAT-P-51 b,97.573320949,13.50682174,4.21802091,0.05042,3726
4723,Kepler-553 c,2129.4503269,11.57887706,328.24017,0.898,3727
4724,Kepler-111 c,222.4798849,7.0840758,224.77833,0.751,1996
4725,14 And b,,13.1,186.76,0.775,3728
4726,18 Del b,,12.5,982.85,2.476,3729
4727,GJ 724 b,,3.27,5.101284,0.04685,3730
4728,KMT-2019-BLG-0335L b,6674.396547,12.1,,1.64,3731
4729,Kepler-553 b,116.007368555,4.74139884,4.030467,0.04766,3727
4730,6 Lyn b,,13.4,919.86,2.028,3732
4731,4 UMa b,,12.6,270.27,0.877,3733
4732,TOI-4641 b,1229.99593509,8.18255591,22.09341,0.173,3734
4733,CI Tau c,,13.0,25.2,0.17,3735
4734,TOI-1994 b,7024.0077947,13.67495645,4.0337142,0.0613,3736
4735,TOI-4515 b,637.0,12.17,15.266446,0.118,3737
4736,M62H b,785.03616529,,0.132935028,,3738
4737,HD 145457 b,,13.2,176.13,0.762,3739
4738,HD 167042 b,,13.6,417.67,1.22,3740
4739,LHS 1678 c,1.4,0.941,3.694284,0.0327,3741
4740,HD 173416 b,,13.4,322.03,1.158,3742
4741,HD 32518 b,,13.2,157.35,0.594,3743
4742,HS Psc b,,13.6,3.986,0.0435,3744
4743,HD 81688 b,,13.5,183.93,0.648,3745
4744,kap CrB b,689.6911,13.3,1253.68,2.5,3746
4745,KMT-2021-BLG-1547L b,467.20775829,13.6,,4.5,3747
4746,TOI-4559 b,,1.415,3.965991,0.0359,3748
4747,11 Com b,,12.2,323.21,1.178,3749
4748,nu Oph b,7057.73298,12.0,529.93,1.765,998
4749,TOI-4377 b,304.161785499,15.10970598,4.378081,0.0579,3750
4750,KMT-2023-BLG-0416L b,13.030964687,3.67,,2.96,3751
4751,HD 76920 b,,13.1,415.891,1.091,3752
4752,75 Cet b,,13.3,696.62,1.912,1110
4753,LHS 3154 b,,3.69,3.71778,0.02262,3753
4754,TOI-1269 b,6.4,2.40144286,4.2529913,0.0496,3754
4755,Kepler-23 d,4.44,2.206,15.27,0.12012,1471
4756,TOI-3919 b,1233.17421916,12.31866979,7.433234,0.0795,3755
4757,TOI-1288 b,44.1,4.96846551,2.6998279,0.0374,3756
4758,GJ 238 b,,0.566,1.7446999,0.02123,3757
4759,Kepler-49 c,8.38,2.444,10.91,0.07821,151
4760,TOI-5232 b,743.71847238,12.778238,4.0966692,0.05593,3758
4761,TOI-1410.01,12.5,3.10083009,1.21687,0.0207,3759
4762,TOI-1386 b,45.8,6.2163865,25.8401,0.173,1396
4763,TOI-6029 b,519.649445445,14.39233122,5.7987,,3760
4764,OGLE-2017-BLG-0448L b,15.6,4.08,,5.75,3761
4765,Kepler-128 c,3.38,1.521,22.8,0.16517,448
4766,TOI-1451 b,15.2,2.61143902,16.537944,0.127,3762
4767,TIC 4672985 b,4049.13390518,11.5004142,69.048,0.33,3763
4768,TOI-5218 b,657.0,9.86,4.291452,0.0469,3764
4769,Kepler-305 d,6.2,2.76,16.74,0.12091,2030
4770,TOI-1601 b,387.0,14.19902343,5.33175,0.069,3765
4771,TOI-1444 b,3.58,1.41792246,0.4702743,0.0116,3766
4772,TOI-1736 b,12.3,3.18175535,7.073076,0.073,1472
4773,TOI-5634 A b,588.0,10.42,2.2035373,0.0272,3767
4774,TOI-1683.01,,2.6382,3.0575356,0.036507593,3768
4775,TOI-1298 b,99.0,9.65807033,4.537143,0.057,3769
4776,TOI-1751 b,19.5,2.9507845,37.46852,0.215,3770
4777,K2-419 A b,196.0,10.55,20.35847252,0.1208,3771
4778,TOI-2095 b,4.1,1.25,17.66484,0.101,2087
4779,HIP 97166 b,19.1,2.4801338,10.288914,0.091,3772
4780,TOI-1776 b,1.4,1.21612741,2.799868,0.0378,3773
4781,Kepler-963 c,,0.6,0.919783,,1306
4782,OGLE-2023-BLG-0836L b,1385.73185452,12.9,,3.7,3774
4783,BD-14 3065 b,3932.0,21.59,4.2889731,0.0656,3775
4784,HIP 97166 c,,2.75,16.432,0.124,3772
4785,TOI-1794 b,8.7,3.29701268,8.765528,0.082,3776
4786,2MASS J03590986+2009361 b,5720.911326,12.2,,572.0,3777
4787,TOI-663 c,3.65,2.26,4.6955507,0.0437,3778
4788,TOI-1842 b,89.4,12.3485023,9.5739181,0.1,3779
4789,TOI-1824 b,16.0,2.7438269,22.808533,0.151,3780
4790,HIP 77900 b,6674.396547,12.1,,3319.0,3781
4791,2MASS J11011926-7732383 b,8899.195396,11.9,,266.0,3782
4792,SPECULOOS-3 b,,0.977,0.71912603,0.00733,3783
4793,KMT-2023-BLG-1431L b,13.6,3.76,,3.2,3784
4794,TOI-3071 b,68.2,7.16,1.266938,0.0249,3785
4795,TOI-2019 b,34.4,5.33275337,15.3444,0.128,3786
4796,TIC 139270665 c,,12.9,1010.0,2.0,3787
4797,HD 48948 b,,2.06,7.34013,0.0652,3788
4798,HD 93963 A c,18.4,3.11976057,3.6451389,0.04726,3789
4799,HD 93963 A b,2.8,1.46954368,1.0376109,0.02061,3789
4800,TOI-815 c,23.5,2.62,34.976145,0.193,3790
4801,HD 48948 c,,2.6,38.06,0.1951,3788
4802,HD 48948 d,,3.24,151.92,0.4894,3788
4803,HIP 8152 c,10.7,2.52442508,19.60562,0.139,3791
4804,HIP 8152 b,8.9,2.53625843,10.751014,0.093,3791
4805,TOI-1669 b,,14.1,500.0,1.27,3792
4806,OGLE-2014-BLG-0221L b,1382.55357045,12.9,,3.76,3793
4807,TOI-329 b,40.4,4.94057819,5.70439,0.0638,3794
4808,TOI-480 b,20.8,2.85372018,6.866196,0.077,3795
4809,TOI-1410 c,,5.63,47.56,0.239,3759
4810,TOI-757 b,10.5,2.5,17.46819,0.122,3796
4811,GJ 900 b,3496.112477,12.4,,12000.0,3797
4812,TOI-1450 A c,,1.13,5.0688,,1494
4813,TOI-1855 b,360.099585131,18.49481816,1.36414864,0.02398,3798
4814,TOI-3261 b,30.3,3.82,0.8831331,0.01714,3799
4815,TOI-669 b,10.0,2.58606487,3.945152,0.048,3800
4816,HD 25463 b,8.7,2.54535814,7.0491423,0.076,1620
4817,HD 73344 b,10.48,2.884,15.611,0.131,3801
4818,TOI-2368 b,206.58846455,10.83908434,5.1750073,0.05649,3802
4819,TOI-2107 b,263.79757781,13.57407563,2.4545467,0.03515,3803
4820,TOI-1248 b,27.4,6.8084859,4.3601561,0.051,3804
4821,TOI-837 b,120.456966253,9.16894621,8.3249113,0.0888,3805
4822,SWEEPS-11 b,3082.82,12.666,1.796,0.03,3806
4823,Kepler-24 c,9.99,2.514,12.33,0.10612,1266
4824,Kepler-57 b,25.06,3.135,5.72,0.05988,169
4825,TOI-3321 b,176.076937478,15.55806521,3.6525145,0.047,3807
4826,TOI-1744.01,,2.68,22.341702927,0.164086,3808
4827,K2-360 c,,4.02,9.79692,0.0883,165
4828,WASP-132 b,136.030558196,10.09929161,7.1335164,0.0674,3809
4829,TOI-469.01,9.1,3.41,13.6308205,0.111,971
4830,K2-260 b,546.66486004,18.41635529,2.62669762,0.04392,3810
4831,K2-237 b,434.153603962,16.06246934,2.18053332,0.03552,3811
4832,TOI-1772.01,,2.905,8.054246874,0.078375,3812
4833,WASP-132 c,6.26,1.841,1.01153624,0.01833,3809
4834,BD-17 63 b,1639.99458012,12.8,655.57,1.34,3813
4835,K2-261 b,68.968764319,9.26982704,11.6334681,0.1086,3814
4836,K2-321 b,,2.05124347,2.2979749,0.02839,3815
4837,TOI-1777.01,,2.246,14.650111974,0.119466,3816
4838,HD 20794 d,,2.04,89.68,0.3625,1352
4839,HD 175167 b,4703.8604236,12.3,1175.0,2.4,3817
4840,Kepler-289 d,5.33,3.03,66.0282,0.33,3818
4841,Kepler-289 c,157.18,11.23,125.8723,0.50155,3818
4842,K2-167 b,6.5,2.36509493,9.978541,0.0932,3819
4843,K2-265 b,7.3418362017,1.70824866,2.36902,0.03359,3820
4844,Kepler-289 b,3.7,2.49,34.5383,0.21183,3818
4845,KELT-24 b,1458.83238813,12.71098411,5.55149296,0.0665,3821
4846,TOI-3568 b,26.4,5.3,4.417965,0.0485,3822
4847,K2-57 b,,2.30905002,9.0073,0.0752,3823
4848,K2-54 b,,2.6116925,9.7833,0.0761,3824
4849,TOI-4638.01,,2.933,10.283918787,0.093013,3825
4850,TOI-5076 b,16.1456830756,3.48935569,23.443162,0.1481,3826
4851,K2-77 b,603.877,2.4996027,8.2000844,0.0753,3827
4852,K2-180 b,11.4100398113,2.46597575,8.865663,0.0756,3828
4853,TOI-2458 c,,3.18,16.553,0.129,3829
4854,K2-97 b,174.487795443,13.45077684,8.407115,0.0854,3830
4855,K2-182 b,20.976674862,2.71257333,4.7369696,0.05174,3831
4856,Kepler-105 b,10.8,2.53,5.4122034,0.06016,3832
4857,TOI-2537 b,415.401727949,11.25381662,94.1022,0.3715,3833
4858,K2-98 b,34.007639549,5.06645928,10.1367349,0.0986,3834
4859,K2-114 b,638.83509807,10.59248676,11.390931,0.0944,3835
4860,TOI-4994 b,88.99195396,8.54124329,21.491984,0.1515,3836
4861,Kepler-105 c,5.6,1.44,7.12592,0.07229,3832
4862,TOI-2295 c,,12.8,966.5,2.018,1032
4863,TOI-5110 b,921.7023803,11.98240037,30.158577,0.2157,3837
4864,TOI-2537 c,,12.7,1920.0,2.78,3833
4865,MOA-2008-BLG-310L b,23.4,5.18,,1.1,3838
4866,K2-115 b,321.00669107,11.80305668,20.2729914,0.1415,3839
4867,K2-277 b,7.4,2.18575124,6.326768,0.0664,3840
4868,TOI-406 c,2.08,1.32,3.307441,0.0322,3841
4869,TOI-5005 b,32.7,6.25,6.3085044,0.06614,3842
4870,HD 86728 b,,3.03,31.1515,0.1916,3843
4871,KMT-2021-BLG-2609L b,10.170509024,3.17,,2.3,3844
4872,TOI-5688 A b,124.0,10.3,2.94815527,0.03379,3845
4873,HD 222237 b,1649.52943233,12.8,14892.0,10.8,3846
4874,HD 21520 b,17.7,2.697,25.1292,0.1726,3847
4875,TOI-2768 b,,2.63,1.50801,0.027,3848
4876,TOI-1174 b,32.0,2.562,8.953487683,0.07994,3849
4877,TOI-2981 b,638.0,13.4,3.601501,0.048,3850
4878,TOI-1180 b,10.0,3.072,9.686760378,0.080799,3851
4879,OGLE-2016-BLG-1800L b,823.17557413,13.2,,1.88,3852
4880,TOI-5713 b,,1.77,10.441989,0.06008,3853
4881,TOI-6002 b,,1.65,10.904821,0.05722,3854
4882,HD 135694 b,6.1,2.857,15.923475568,0.124695,3855
4883,TOI-1295 b,451.31633794,15.69257298,3.1968838,0.047,3856
4884,TOI-6130 b,333.71982735,14.3474953,2.392679,0.036,3857
4885,TOI-1437 b,9.6,2.24,18.840942,0.14,3858
4886,HD 183579 b,20.4,3.49,17.471291,0.1322,3859
4887,KMT-2023-BLG-1866L b,2.63,1.43,,2.63,3860
4888,K2-203 b,,1.26549392,9.6952,0.0824,3861
4889,TOI-6651 b,61.0,5.09,5.056973,0.0633,3862
4890,TOI-1630.01,,2.417,12.055734733,0.101151,3863
4891,TOI-1467 b,9.0,1.92,5.97114713,0.050748,3864
4892,TOI-1659.01,,2.255,5.877556328,0.065757,3865
4893,HD 101581 c,,0.99,6.20401,0.0573,3866
4894,K2-208 b,,1.67462172,4.19097,0.04878,3867
4895,TOI-1716.01,,3.143,8.082376554,0.080496,3868
4896,TOI-6038 A b,78.5,6.41,5.8267311,0.069,3869
4897,HIP 116454 b,9.7,2.469,9.1004157,0.0792,3870
4898,TOI-2420 b,294.626933289,15.02003414,5.842641,0.0684,3871
4899,K2-225 b,,3.60929179,15.8723,0.1409,3872
4900,TOI-1739 b,,1.946,8.303341406,0.073872,3873
4901,HD 73344 d,810.46243785,13.2,5823.0,6.7,3801
4902,TOI-2485 b,766.602117684,12.1393261,11.23479,0.1093,3874
4903,K2-7 b,,4.03523305,28.6781,0.1867,3875
4904,HD 118203 c,3747.19691853,12.4,5103.0,6.28,3876
4905,TOI-4734 b,61.658710958,10.9175472,6.235633,0.074,3877
4906,TOI-1453 c,2.95,2.224,6.5886982,,793
4907,TOI-3493 b,8.97,3.22,8.1594667,,3878
4908,TOI-2969 b,368.68095212,12.32987877,1.8237146,0.0261,3879
4909,TOI-5300 b,190.6970442,9.86390302,2.262196,0.0295,3880
4910,TOI-4794 b,308.29355479,14.35870428,3.5658116,0.0492,3881
4911,TOI-2443 b,4.8,2.363,15.66858,0.105,3882
4912,OGLE-2016-BLG-0007L b,1.32,1.09,14200.0,10.1,3883
4913,TOI-5340 b,270.15414595,15.07607904,4.9394392,0.0628,3884
4914,AT2021ueyL b,425.89006538,13.6,4168.69,4.01,3885
4915,Kepler-10 c,11.29,2.355,45.294301,0.241,1564
4916,TOI-2407 b,,4.26,2.702969,0.033,3886
4917,TOI-5386 A b,155.100262616,14.70618268,3.62156552,0.04856,3887
4918,TOI-2015 c,8.91,2.93,5.582796,0.041232,3888
4919,TOI-2015 b,9.2,3.309,3.348237,0.029322,3888
4920,GJ 3998 b,,1.39,2.65033,0.03,739
4921,TOI-1117 b,8.9,2.46,2.22816,0.033,3889
4922,GJ 3998 c,,2.5,13.727,0.09,739
4923,TOI-640 b,181.16219199,19.2794468,5.003777,0.06608,3890
4924,K2-157 d,,5.16,66.5,0.309,3891
4925,TOI-1117 c,,2.91,4.579,0.0534,3889
4926,TOI-1117 d,,3.27,8.665,0.0817,3889
4927,Proxima Cen d,,0.692,5.12338,0.02881,3892
4928,Proxima Cen b,,1.02,11.18465,0.04848,3892
4929,LP 261-75 b,6674.396547,12.1,,450.0,3893
4930,TIC 88785435 b,,5.03,10.508843,0.08432,3894
4931,TOI-1238 c,8.32,2.11,3.294736,0.037,3895
4932,TOI-1238 b,3.76,1.21,0.764597,0.0139,3895
4933,KOI-1843.03,8.0,0.61,0.1768913,0.005,2344
4934,TOI-5143 c,,16.25302201,5.2097118,0.05602,3896
4935,TOI-1803 b,10.32,2.99,6.293287,0.06,1094
4936,TOI-5882 b,6995.40323807,11.46678726,7.148972,0.0804,3897
4937,TOI-4465 b,1872.00931723,14.01122587,101.94054,0.416,3898
4938,TOI-1478 b,279.68899816,11.99360935,10.1802117,0.0818,3899
4939,HIP 67851 b,,13.7,89.23,0.42,3900
4940,HIP 67851 c,2204.775659359,12.7,3128.41,4.55,3900
4941,TOI-2346 b,394.10722468,16.11851425,3.3312029,0.0473,3901
4942,HD 94890 b,,13.3,824.61,2.07,3902
4943,HD 87816 b,,12.7,484.17,1.618,927
4944,TOI-2886 b,444.9597698,18.6405349,1.60200105,0.02871,3903
4945,TOI-2876 b,54.03082919,9.6397234,6.2996431,0.0654,3904
4946,TOI-2986 b,96.619835728,9.292245,3.2783662,0.04489,3905
4947,WASP-116 b,203.41018048,13.67495645,6.6132,0.065,3906
4948,HD 102888 b,,12.8,252.06,1.05,3907
4949,HD 94890 c,,12.5,2492.19,4.33,3902
4950,TOI-3135 b,327.36325921,13.65253849,3.7065585,0.04756,3908
4951,Gaia-4 b,3750.3752026,12.4,571.3,,3909
4952,WASP-188 b,458.626391301,14.81827249,5.748916,0.072,3910
4953,WASP-154 b,198.960582782,10.76062147,3.811678,0.044,3911
4954,TIC 434398831 b,,3.51,3.685504,0.04641,750
4955,TOI-3464 b,397.28550875,13.7646283,3.6515568,0.0515,3912
4956,HR 858 c,3.8,1.979,5.973865,0.0687,1060
4957,WASP-197 b,403.324248483,14.44837612,5.167228,0.065,3913
4958,WASP-102 b,197.689269154,14.90794433,2.709813,0.041,3914
4959,TOI-3486 b,99.162462984,10.5700688,2.21778105,0.03138,3915
4960,TOI-2328 b,50.85254512,9.97599282,17.10197,0.127,3916
4961,TOI-3837 b,187.51876013,10.87271128,11.88865,0.099,3917
4962,Gl 410 b,,2.83,6.02,0.0531,3918
4963,HD 219666 b,17.6,4.898,6.034468,0.06356,3919
4964,TOI-3682 b,69.286592726,12.80065596,3.3462406,0.048,3920
4965,TOI-6628 b,235.19302118,10.98480109,18.18424,0.134,3921
4966,Kepler-289 e,17.4,2.94,330.0716,0.9342,3818
4967,KMT-2022-BLG-2076L b,279.68899816,13.9,,5.67,3922
4968,TOI-4214 b,165.27077164,10.68215861,3.4913885,0.05018,3923
4969,GJ 581 c,6.81,2.5,12.9211,0.0718,1487
4970,G 192-15 c,,3.87,1219.0,1.137,893
4971,G 268-110 b,,1.13,1.43263,0.01283,3924
4972,KMT-2024-BLG-2242L b,13.984449908,3.82,,0.89,3925
4973,GJ 508.2 b,,,5300.0,4.85,3926
4974,GJ 3512 c,,14.3,2354.0,1.731,3927
4975,HD 28471 b,,1.75,3.1649,0.042,3928
4976,HD 28471 c,,2.26,6.1245,0.065,3928
4977,NGTS-32 b,181.16219199,15.91675259,3.31211,0.044,3929
4978,HD 143811 AB b,1938.7532827,15.69257298,117000.0,63.0,3930
4979,AF Lep b,1147.36054927,13.0,8905.0,8.996,3931
4980,TOI-238 b,3.37,1.559,1.273099,0.0212,3718
4981,HD 152843 b,9.82,3.05,11.62071,0.1049,3932
4982,MOA-2022-BLG-033L b,12.15,3.52,,2.15,3933
4983,HD 28471 d,,2.06,11.681,0.1,3928
4984,HD 152843 c,9.67,5.94,19.502104,0.1482,3932
4985,KMT-2023-BLG-1896L b,16.35,4.19,,2.86,3934
4986,KMT-2023-BLG-0119L b,83.7,11.0,,3.14,3935
4987,TOI-6054.02,9.3,2.82,12.563636,0.1079,1006
4988,WASP-110 b,154.782434209,13.19297028,3.7784022,,3936
4989,K2-233 d,10.3,2.363,24.3681,0.1516,3937
4990,K2-233 c,4.6,1.272,7.06024,0.0664,3937
4991,BEBOP-4 AB b,8358.8871041,,1823.5,3.634,3938
4992,2MASS J22501512+2325342 b,9534.85221,11.9,,518.0,3939
4993,WASP-4 b,381.3940884,15.12091496,1.338230994,0.02261,3940
4994,Kepler-391 b,1100.0,2.5,7.4175,0.083,3941
4995,GJ 251 b,,1.79,14.237,0.0808,509
4996,TOI-1438 b,9.4,3.04,5.13967,0.0553,3942
4997,GJ 536 c,,2.3,32.761,0.1617,1531
4998,TOI-1438 c,10.6,2.75,9.428089,0.083,3942
4999,Kepler-391 c,450.0,2.88,20.501,0.164,3941
5000,TOI-756 b,9.83,2.81,1.2392495,0.018,3943
5001,TOI-756 c,,13.0,149.4,0.439,3943
5002,HD 224018 d,4.2,2.4,138.0731,0.53,252
5003,TOI-2141 c,,2.35,5.4624,0.0585,753
5004,TOI-6448 b,,8.47398941,14.844261,0.131,3944
5005,K2-214 b,,2.51,8.59656,0.0834,3945
5006,51 Eri b,3464.3296363,,9100.0,10.4,3946
5007,TOI-1203.01,7.39,2.918,25.502672,0.1632,166
5008,TOI-2093 c,15.8,2.3,53.81149,0.257,577
5009,KMT-2024-BLG-1209L b,839.06699448,13.2,,2.51,3947
5010,HD 135344 A b,3178.28407,16.25302201,,16.5,3948
5011,K2-10 b,25.2,3.773,19.30553,0.137,3949
5012,TOI-1203 b,3.51,1.52,4.1572888,0.04869,166
5013,TOI-1203 c,,2.2,13.0766,,166
5014,HIP 18606 b,,14.0,674.94,1.61,3950
5015,HIP 111909 c,,13.9,893.63,1.97,1535
5016,TIC 257060897 b,201.503210038,17.26183028,3.66003639,0.04922,3951
5017,OGLE-2016-BLG-1266L b,3813.940884,12.4,,0.43,3952
5018,BD+37 3172 b,,12.4,1887.76,4.65,3953
5019,TOI-654.01,8.71,2.378,1.527561,0.01944,3954
5020,K2-37 b,,1.39,4.4434,0.05105,1508
5021,K2-37 d,12.5,2.31,14.09229,0.1102,1508
5022,K2-55 b,44.0,4.43,2.849271,0.03486,3955
5023,TOI-5261 b,3651.84839643,11.60129502,4.1509768,0.05134,3956
5024,TOI-4773 b,1687.66884117,15.22179579,1.7452851,0.03216,3957
5025,BD+42 2315 b,,14.2,123.05,0.54,3958
5026,Ross 176 b,4.57,1.84,5.0066338,0.0464,3959
5027,K2-62 c,,1.99,16.19697,0.1148,1144
5028,K2-61 b,,1.92,2.57336,0.0392,3960
5029,TOI-6420 b,2606.1929374,11.93756445,6.961508,0.0753,3961
5030,TOI-5350 b,2094.48920213,12.41955062,7.581367,0.0796,3962
5031,TOI-5817 b,10.3,3.08,15.61031,0.1223,3963
5032,K2-73 b,9.2,2.58,7.49556,0.07619,1301
5033,TOI-5799 b,,1.733,4.164507,0.0348,3964
5034,TOI-1346 b,,2.39,1.7622538,,3965
5035,TOI-1346 c,,2.23,5.502558,,3965
5036,K2-105 b,15.4,3.4,8.26726,0.0796,3966
5037,TOI-5799 c,,1.76,14.010449,0.0782,3964
5038,TOI-6223 b,,5.07,3.855219,0.04018,3967
5039,KOI-351 g,15.0,7.718,210.73514,0.71704,496
5040,HD 63433 c,15.539,2.692,20.5438281,0.146,1192
5041,HD 17156 b,1036.12060682,12.26262489,21.2164294,0.1632,3968
5042,TOI-6000 b,,0.94,0.448959,,3969
5043,K2-189 c,,2.31,6.67932,0.068,3970
5044,KMT-2024-BLG-0404L b,8657.64580668,11.9,,0.85,1741
5045,KMT-2024-BLG-1281L b,19.06970442,4.59,,1.96,3971
5046,GJ 317 b,794.5,13.3,695.69,1.138,1393
5047,TOI-6303 b,2493.0,11.59,9.485236,0.0761,3972
5048,LHS 1903 d,5.96,2.5,12.566287,0.08604,3973
5049,LHS 1903 e,5.79,1.732,29.31773,0.15135,3973
5050,WASP-120 b,1541.4755,15.58048317,3.61126721,0.0514,3974
5051,WASP-140 b,775.5052,14.23540549,2.23598448,0.0323,3975
5052,HD 85426 c,,3.19,35.73,,3976
5053,TOI-1774.01,,2.78,16.70988,,3976
5054,HD 176986 b,1487.754773167,,6.49164,0.062956,673
5055,KOINTREAU-3 b,1080.6165838,13.1,,342.0,3977
5056,PDS 70 b,1017.0509024,21.96960217,43500.0,20.8,3978
5057,HD 176986 d,,2.49,61.376,0.28149,673
5058,TOI-6692 b,197.05361234,11.67975789,131.125,0.512,3979
5059,TOI-4342 b,7.3,2.329,5.5382592,0.0519,3980
5060,PDS 70 c,2383.7130525,22.19378179,,34.3,3978
5061,V2376 Ori b,6356.56814,87.20586985,,71.0,3981
5062,TOI-5489 b,,1.4,3.15222,,1643
5063,HD 208487 b,,14.3,129.36,0.53,3982
5064,HD 181433 b,1708.645516032,,9.3745,0.0828,3983
5065,TOI-5716 b,,0.96,6.7663,,3984
5066,HD 181433 d,858.1366989,13.2,6896.1,6.74,3983
5067,HD 181433 c,2207.000458208,,1018.5,1.885,3983
5068,DMPP-1 b,,4.26,17.812,0.1423,1112
5069,HD 202206 b,6849.20217085,12.1,256.26,0.81,1689
5070,TOI-4940 b,89.0,6.61,25.867811,0.165,3985
5071,TOI-5734 b,9.1,2.1,6.1841876,0.05921,3986
5072,GJ 480 b,,2.91,9.5536,0.068,3987
5073,DMPP-1 d,,2.02,3.1417,0.04467,1112
5074,DMPP-2 b,,14.2,5.203,0.06638,196
5075,K2-19 d,6.2,1.044,2.50827,0.03478,1089
5076,NGTS-35 b,152.0,10.9,25.241192,0.16,3988
5077,TOI-2267 c,,1.14,3.4950412,0.0263,3989
5078,TOI-2267 b,,1.0,2.28909,0.0205,3989
5079,HD 39194 c,,2.65,14.0309,0.1083,1811
5080,DMPP-3 A b,,1.44,5.59,0.05958,3990
5081,TOI-5007 b,211.038062248,11.07447293,2.543371,0.0307,3991
5082,TOI-7166 b,,2.01,12.92063621,0.06191,3992
5083,TOI-375 b,236.782163215,10.77183045,9.45469,0.099,708
5084,TOI-5422 b,8899.195396,9.10169233,5.377219,0.0619,3993
5085,HD 28185 b,,12.8,385.92,1.034,946
5086,XO-3 b,4217.58296089,14.79585452,3.19152309,0.04815,3994
5087,DMPP-6 c,,3.74,36.441,0.2206,1785
5088,TOI-7510 b,18.1,7.31,11.530869,0.1019,478
5089,TOI-5788 c,6.4,2.272,16.213362,0.1197,3995
5090,TOI-5788 b,3.72,1.528,6.340758,0.064,3995
5091,DMPP-9 b,,3.89,12.733,0.1097,3996
5092,HD 72659 c,6165.8710958,12.1,35500.0,21.5,1141
5093,KMT-2020-BLG-0202L b,3902.93283796,12.4,,4.17,3997
5094,KMT-2022-BLG-1551L b,940.77208472,13.2,,2.29,3998
5095,HD 95338 b,42.9,4.27174254,55.082694,0.262,3999
5096,KMT-2022-BLG-1818L b,1271.313628,13.0,,2.6,156
5097,TOI-1243 b,7.7,2.33,4.6594779,,4000
5098,TOI-5938 b,,3.82,2.260424,0.0308,4001
5099,TOI-7009 b,,3.71,2.3206612,0.0287,4002
5100,KMT-2025-BLG-0121L b,2469.52672239,12.6,,3.05,4003
5101,HD 28109 b,6.2,2.69,22.891054,0.1357,1357
5102,TOI-5388.01,2.2,0.99,2.5946748,0.024335855,4004
5103,KMT-2024-BLG-2087L b,1395.26670673,12.9,,3.03,4005
5104,HD 100508 b,381.3940884,13.7,5681.0,6.11,4006
5105,HD 114386 c,,13.4,444.0,1.05,4007
5106,HD 28109 d,5.8,3.11,84.2899,0.411,1357
5107,KMT-2020-BLG-0414L b,1.87,1.2,,2.07,1729
5108,TOI-6716 b,,0.982,4.7185898,0.0319,4008
5109,HD 154345 b,376.944490702,13.7,3280.0,4.158,4009
5110,HD 217107 b,459.579876522,13.6,7.1270166,0.07359,4010
5111,TOI-1472 b,18.05,4.058,6.36338574,0.064,991
5112,TOI-1648 b,7.4,2.54,7.331602,0.0694,4011
5113,HD 164604 b,4195.3349724,12.3,653.9,1.362,4012
5114,HD 164604 c,3019.3698665,12.5,5387.0,5.556,4012
5115,HIP 54515 b,5625.5628039,12.2,33000.0,24.8,4013
5116,TOI-1518 b,581.62598481,21.05046575,1.90261131,0.03712,4014
5117,GJ 4274 b,,1.53,1.6339,0.0153,1409
5118,LHS 1903 b,3.28,1.382,2.1555098,0.02656,3973
5119,LHS 1903 c,4.55,2.046,6.226185,0.05387,3973
5120,TOI-1080 b,10.7,1.2,3.9652482,0.0272,4015
5121,TOI-2145 b,1805.26535176,12.24020692,10.261128,0.1117,4016
5122,TIC 231949697 b,,1.52831855,0.90720448719,,4017
5123,CWISEP J193518.59-154620.3 b,4926.3403085,12.2,,2.48,4018
5124,HD 202772 A b,323.549318326,18.2370116,3.3088775,0.05208,4019
5125,TOI-4588 b,,2.92922558,13.11881173651,0.1376,4020
5126,TOI-4513 b,,2.34587608,9.76042253684,,4021
5127,TIC 24750448 b,,2.43722231,3.59159193029,,4022
5128,TOI-4127 b,743.71847238,12.07,56.3987,0.303,4023
5129,TOI-697 b,,2.35859364,8.60788713593,,4024
5130,TOI-4561 b,,1.77789214,8.93547936706,,4025
5131,TIC 24750448 c,,3.09028272,10.14385270726,,4022
5132,GJ 1137 c,,2.11,9.6412,0.0835,4026
5133,TIC 87422071 b,409.99864503,10.8615023,11.364929,0.106,4027
5134,TOI-883 b,,7.17166228,10.05771848538,,4028
5135,TOI-4640 b,,2.84326517,2.68566015238,,4029
5136,TIC 38828280 b,,2.62701629,4.85558984762,,4030
5137,TIC 147027702 b,346.43296363,10.92875618,44.40523,0.274,4031
5138,TIC 245076932 b,162.09248757,10.87271128,21.61389,0.157,4032
5139,TOI-921 b,,3.53409617,5.12871907628,,4033
5140,TOI-4930 b,,6.93277225,6.78130241498,,4034
5141,TIC 62895484 b,,3.49391667,2.83985434327,,4035
5142,TOI-941 b,,6.51165317,8.51460888787,,4036
5143,TOI-5159 b,,1.54732112,5.83639428843,,4037
5144,TIC 86380416 b,,2.4123612,6.0408643461,,4038
5145,K2-19 b,30.8,7.0,7.9193,0.07487,1089
5146,TOI-5335 b,,4.02422162,3.61365988443,,4039
5147,TIC 88692598 b,,1.81295951,2.64909436758,,4040
5148,TOI-1752 b,,1.693,0.9351861,0.01624,4041
5149,TOI-1269 c,,2.22999162,9.23786144195,,3754
5150,TOI-5486 b,,3.96824928,2.02470073205,,4042
5151,TIC 139702105 b,,2.45316949,6.83601903383,,4043
5152,TOI-5624 c,4.8,2.474,7.885385,0.07374,203
5153,TOI-1718 b,,4.10824994,5.58703768615,,4044
5154,TOI-5532 b,,2.52763693,5.6539659431,,4045
5155,TIC 161045582 b,,2.24566738,8.85577189959,,4046
5156,TOI-1232 c,58.480426888,8.88,30.356,0.194,4047
5157,TOI-1732 b,,2.49549787,4.11923678339,,4048
5158,TOI-5605 b,,2.52611303,5.91340454843,,4049
5159,TOI-1756 b,,1.94225664,2.78301736297,,4050
5160,TOI-5630 b,,2.37117553,3.22118452536,,4051
5161,TIC 206466666 b,,2.14817673,9.10486865159,,4052
5162,TOI-198 b,3.17,1.36,10.215213,0.0675,4053
5163,KMT-2024-BLG-2005L b,50.85254512,8.18,,1.12,4054
5164,gam Cep b,2987.5870258,12.5,904.0,1.978,4055
5165,HD 7449 b,2597.929398818,12.6,1270.55195,2.438,4056
5166,HATS-34 b,302.254815057,14.36991326,2.1061619,0.03165,4057
5167,TOI-3894 b,260.61929374,15.27784069,4.33454,0.05354,4058
5168,TOI-5301 b,1182.32167404,13.09208946,5.858858,0.073,4059
5169,NGTS-33 b,1153.71711741,18.38272835,2.827972,0.048,4060
5170,KMT-2023-BLG-1118L b,66.74396547,9.6,,0.9,4061
5171,TOI-5926 b,,7.56807148,3.81122794237,,4062
5172,TIC 290487717 b,,6.63777941,3.400818229,,4063
5173,TOI-672 b,50.9,5.31,3.633581,0.0376,4064
5174,TOI-2071 b,,2.56484195,5.67395386982,,4065
5175,TOI-4156 c,,2.92303762,12.82282706375,,4066
5176,TIC 356227008 b,,2.39024009,2.96147448702,,4067
5177,TOI-2518 b,,2.26838675,6.89797425216,,4068
5178,TOI-6393 b,,2.75958542,9.53176110329,,4069
5179,EPIC 220674823 b,7.54,1.606,0.57130782,0.0132,4070
5180,EPIC 220674823 c,7.9,2.712,13.340603,0.1078,4070
5181,TOI-2654 b,,7.94454164,2.96760425926,,4071
5182,TOI-6699 b,,2.32645266,5.32005926761,,4072
5183,K2-111 c,,3.34,15.6748,0.11565,4073
5184,TOI-4156 b,,2.53823825,4.46189034133,,4066
5185,TOI-7333 b,,2.09469416,6.26449803661,,4074
5186,rho CrB e,,1.75,12.904,0.1061,1320
5187,MOA-2007-BLG-192L b,12.49,3.58,,2.02,4075
5188,K2-79 b,5.9,4.15,10.995039,0.0987,4076
5189,K2-111 b,5.35,1.837,5.3518963,0.0565,4073
5190,TOI-4363 b,,1.76689273,2.11867592279,,4077
5191,HD 5388 b,1017.0509024,13.1,772.5,1.757,4078
5192,Kepler-79 b,7.6,3.51,13.48451,0.11929,779
5193,Kepler-79 c,4.6,3.76,27.4026,0.19144,779
5194,HD 16760 b,6833.3107505,12.1,466.08,1.156,4079
5195,TOI-3457 b,797.74930157,10.64,32.600268,0.2001,4080
5196,TOI-6884 b,8365.24367224,10.39072511,4.808264,0.0629,4081
5197,TOI-4602.01,5.53,2.45,3.9812999,0.04747,4082
5198,TOI-791 b,9.5,11.13051784,139.29931,0.602,4083
5199,eps Eri b,317.828407,13.8,2680.0,3.53,4084
5200,TOI-791 c,18.6,12.94637271,232.0157,0.863,4083
5201,HD 190360 b,537.0,13.5,2887.5,3.965,4085
5202,HD 190360 c,26.2,5.53,17.11625,0.1298,4085
5203,HD 190360 d,11.9,3.48,88.69,0.3886,4085
5204,TOI-3664 b,114.41822652,13.69737442,3.2974839,0.0431,4086
5205,TOI-4034 b,276.51071409,17.71018951,1.8020932,0.03289,4087
5206,HD 126105 b,,13.5,524.0,1.36,4088
5207,TIC 52059926 b,5380.0,10.71,175.532,0.553,4089
5208,TOI-4427 b,87.720640332,13.09208946,4.6182621,0.05389,4090
5209,TOI-2049 b,486.27746271,16.64533634,5.303468,0.06919,4091
5210,TOI-4458 b,552.067942959,12.40834163,3.9393792,0.0522,4092
5211,TOI-159 b,1110.0,18.18,3.7628396,0.056,4093
5212,COCONUTS-2 b,2383.7130525,12.57647635,402000000.0,7506.0,4094
5213,HD 30177 c,1484.25866069,12.9,11320.0,9.9,4095
5214,TOI-1710 b,19.1,5.06,24.28336,0.1652,4096
5215,K2-370 b,11.1,2.67,2.1408093,0.0321,4097
5216,HIP 8923 b,3171.92750186,12.5,5160.0,5.9,4098
5217,TOI-201 c,4990.0,10.4,2890.0,4.37,594
5218,KMT-2023-BLG-0332L b,6992.224954,12.0,,3.2,4099
5219,XO-2 S d,,13.0,4696.0,5.46,1307
5220,TOI-237 c,,1.206,1.74486147,0.016,3234
5221,Kepler-484 b,,2.28,10.045569313,0.09036,4100
5222,Kepler-758 c,,1.69,4.75793986,0.05768,619
5223,TOI-4311 b,4.5,1.376,0.9902738,0.01817,4101
5224,TOI-2147 b,116.0,10.5,26.20518,0.172,4102
5225,TOI-6019 b,149.0,12.3,14.547952,0.1212,4103
5226,Kepler-929 b,,1.11,0.921032135,0.01982,4104
5227,Kepler-1767 b,,3.01299077,59.65829849,0.2873,4105
5228,Kepler-223 e,4.8,4.6,19.72567,0.14481,2787
5229,Kepler-1127 b,,1.96,5.12330347,0.0556,4106
5230,Kepler-1793 b,,3.79037518,8.779999733,0.0787,4107
5231,HD 141937 b,3591.4609991,12.4,662.37,1.54,4108
5232,Kepler-1367 b,,0.92,1.574090272,0.0236,4109
5233,Kepler-1900 b,,1.62314676,2.986229897,0.042,4110
5234,Kepler-1364 b,,2.15,13.32196237,0.1284,4111
5235,Kepler-482 b,,2.36,56.35418576,0.25787,4112
5236,Kepler-1646 b,,1.23,4.48558383,0.0295,4113
5237,HD 6718 b,762.7881768,13.3,2476.0,3.53,4114
5238,Kepler-32 c,158.9,2.0,8.7522,0.09,1767
5239,K2-177 b,,2.1162048,14.155185,,4115
5240,Kepler-259 c,,2.7,36.924931,0.217,2128
5241,K2-183 b,,1.1,0.469285,,742
5242,Kepler-222 d,,3.69,28.081912,0.18,2006
5243,Kepler-165 c,,2.23,15.31299,0.11,2137
5244,K2-263 b,15.4,2.513,50.819172,0.2573,4116
5245,Kepler-166 d,,1.73,1.554003928,0.02449,2009
5246,Kepler-52 b,135.0,2.1,7.8773565,0.0637,1510
5247,K2-186 b,,3.17207779,41.474219,,4117
5248,K2-195 c,,2.57581891,28.482786,,20
5249,K2-187 e,,1.9,13.606629,0.1106,1139
5250,K2-187 c,,1.4,2.871512,0.0392,1139
5251,K2-189 b,,1.403,2.58812,0.0361,3970
5252,K2-280 b,37.1,7.5,19.89526,0.1461,4118
5253,K2-381 c,,2.0,16.034656,,4119
5254,Kepler-229 b,,2.2,6.252972,0.062,2109
5255,K2-222 b,7.5,2.275,15.3889274,0.1186,4120
5256,K2-220 b,,2.37,13.68186,0.1104,4121
5257,Kepler-491 b,,8.92,4.225384512,0.05191,4122
5258,Kepler-197 b,,1.02,5.599308,0.06,484
5259,Kepler-216 b,,2.35,7.693641,0.079,2122
5260,K2-176 b,,1.49090097,5.329439,,4123
5261,Kepler-1732 b,,4.09903273,32.31240082,0.2015,4124
5262,14 Her b,2828.6728223,12.5,1766.41,2.839,4125
5263,16 Cyg B b,,13.5,798.5,1.66,4126
5264,K2-368 d,,1.948,20.201085,,4127
5265,Kepler-261 b,,2.18,10.381227,0.088,2083
5266,1RXS J160929.1-210524 b,3000.0,18.647,,330.0,4128
5267,CoRoT-4 b,228.83,13.34,9.20205,0.09,4129
5268,K2-224 c,,2.41,10.09489,0.0886,1147
5269,K2-368 c,,1.361,9.660186,,4127
5270,24 Sex c,,13.9,883.0,2.08,104
5271,CoRoT-7 b,4.0766051771,1.68135,0.85359163,0.017016,4130
5272,K2-226 b,,1.53899305,3.27109,0.04095,4131
5273,K2-227 b,,1.66551298,13.621832,,4132
5274,2MASS J12073346-3932539 b,1652.7077164,15.69257298,,46.0,4133
5275,CoRoT-7 c,8.4,2.83,3.698,0.046,4130
5276,eps Tau b,,12.7,585.82,1.878,4134
5277,gam1 Leo b,,12.5,428.5,1.19,4135
5278,K2-229 b,2.55,1.0,0.584216,0.0131,22
5279,Kepler-752 b,,2.81,18.82747265,0.1353,4136
5280,CoRoT-9 b,266.9772,11.948794,95.272656,0.4021,4137
5281,K2-343 b,,1.65,2.787174,,4138
5282,51 Peg b,193.87532827,14.1,4.2307966,0.052,4139
5283,K2-331 c,,2.72,22.996591,,3267
5284,EPIC 212624936 c,,2.3,11.811437,,1368
5285,K2-334 b,,5.65,5.113981,,4140
5286,K2-379 b,,2.181,8.777247,,4141
5287,61 Vir d,,5.11,123.01,0.476,1858
5288,K2-202 b,,2.30165603,3.405164,,4142
5289,K2-343 c,,2.02,7.676972,,4138
5290,K2-342 b,,2.03,11.561052,,4143
5291,Kepler-260 b,,2.01,8.187399,0.075,1114
5292,K2-381 d,,1.689,26.803023,,4119
5293,K2-381 b,,1.075,7.9389334,,4119
5294,K2-348 b,,3.26,4.688418,,3255
5295,K2-384 d,,1.392,6.679582,,3465
5296,81 Cet b,,13.1,1005.57,2.104,4144
5297,K2-352 c,,1.92,8.234885,,1208
5298,K2-384 c,,1.191,4.194766,,3465
5299,BD+14 4559 b,,13.8,268.94,0.78,4145
5300,K2-204 b,,3.17214154,7.055908,0.0738,4146
5301,Kepler-1736 b,,3.8765856,37.81029892,0.2188,4147
5302,K2-205 b,,1.99552771,26.672263,,4148
5303,Kepler-8 b,187.5197,15.871944,3.5224991,0.0474,4149
5304,K2-209 b,,0.86850263,2.080615,,4150
5305,Kepler-745 b,,2.16,9.93143556,0.0915,4151
5306,K2-211 b,,1.33162691,0.669561,0.01419,4152
5307,Kepler-262 c,,1.64,21.853722,0.152,2115
5308,Kepler-119 b,,3.6,2.422082,0.035,2029
5309,K2-394 b,,1.692,5.095717,,4153
5310,CoRoT-19 b,352.78,14.46,3.89713,0.0518,4154
5311,Kepler-748 b,,2.52,7.40742793,0.0745,4155
5312,HD 113538 b,,13.2,663.2,1.24,2124
5313,Kepler-112 b,,2.36,8.408878,0.076,2060
5314,HD 114386 b,464.02947422,13.6,937.70001,1.73,4007
5315,HD 136418 b,,13.3,464.29999,1.29,4156
5316,GJ 676 A b,1840.862133344,12.8,1051.44521,1.735,440
5317,HAT-P-31 b,721.4741,12.21781,5.00542,0.061,4157
5318,HD 11506 b,1551.00262616,12.9,1617.7,2.885,1042
5319,HD 11506 c,,14.0,223.92,0.771,1042
5320,GJ 581 e,2.48,1.38,3.1481,0.02799,1487
5321,HAT-P-35 b,335.62848,14.930388,3.646706,0.04978,4158
5322,HD 116029 b,,13.6,670.0,1.65,1460
5323,HD 142245 b,,13.1,1299.0,2.78,4159
5324,GJ 876 b,723.2235,13.3,61.1166,0.208317,100
5325,HD 118203 b,680.15279098,12.778238,6.1349779,0.0713,3876
5326,HD 142 b,2256.5816897,12.7,351.43394,1.039,3521
5327,GJ 876 d,6.83,2.51,1.93778,0.02080665,100
5328,HD 125595 b,3531.07360177,,9.6737,0.08,4160
5329,GQ Lup b,6356.0,33.6,,100.0,4161
5330,GJ 876 e,14.6,3.92,124.26,0.3343,100
5331,HD 100655 b,,13.5,157.57001,0.68,4162
5332,Kepler-744 b,,1.62,12.06222443,0.09735,4163
5333,HD 10180 f,,5.24,122.744,0.4929,2148
5334,HD 126614 b,107.743829973,12.7,1257.25303,2.249,4164
5335,HD 10180 g,3375.33768234,,604.67,1.427,2148
5336,HD 12661 b,,13.3,262.70862,0.84,676
5337,HAT-P-15 b,616.5902,11.88154,10.8635,0.0965,4165
5338,HAT-P-16 b,1341.56043,14.68376472,2.77596727,0.0413,4166
5339,Kepler-764 b,,1.64,7.33683936,0.0724,4167
5340,Kepler-123 b,55.3,2.94,17.232366,0.135,4168
5341,HD 104985 b,,12.8,199.68,0.715,4169
5342,HD 104067 b,,9.2,55.851,0.2674,1133
5343,HD 13189 b,,12.4,471.60001,1.25,4170
5344,HD 106252 b,3178.28407,12.5,1535.0,2.655,4171
5345,HD 132406 b,1887.90073758,12.8,908.0,1.98,4172
5346,HD 108874 c,,13.8,1624.0,2.659,2999
5347,HD 10647 b,,13.8,989.2,2.015,4173
5348,HD 134060 b,,3.16,3.2696,0.0444,3098
5349,HAT-P-21 b,1547.8321,12.44199,4.12448,0.05037,4174
5350,HD 215152 b,565.416736053,,5.75999,0.057638,693
5351,HD 37124 c,,14.1,885.5,1.71,1276
5352,HD 159868 b,,13.3,1184.1,2.32,1533
5353,HD 187085 b,,13.9,1019.74,2.1,4175
5354,HD 216437 b,1334.8793094,13.0,1359.0,2.57,4176
5355,HD 187123 c,912.16752809,13.2,3810.0,4.89,1846
5356,HD 216770 b,,14.1,118.45,0.46,4177
5357,HD 18742 b,,13.1,766.0,1.82,4178
5358,HD 21693 c,,4.34,53.7357,0.2586,3105
5359,HD 162020 b,,12.5,8.4282,0.08,4179
5360,HD 190647 b,,13.4,1176.45,2.231,4180
5361,HD 190984 b,1137.82569706,13.0,4885.0,5.5,4181
5362,HD 192263 b,,14.2,24.3556,0.15,4182
5363,HD 217786 b,4402.559093764,12.3,1301.36009,2.446,3561
5364,HD 217107 c,1388.91013859,12.9,5138.7,5.922,4010
5365,HD 41004 B b,,12.1,1.3283,,4183
5366,HD 163607 c,,13.3,1272.0,2.39,792
5367,HD 192310 c,,5.25,525.8,1.18,1904
5368,HD 4208 b,,13.9,832.97,1.662,4184
5369,HD 164922 b,,13.3,1207.0,2.16,3185
5370,HD 197037 b,,13.9,1035.7,2.07,4185
5371,HD 4308 b,,4.12,15.56,0.12,4186
5372,Kepler-272 c,97.8,1.79,6.057342,0.061,2064
5373,HD 4313 b,,13.4,356.21,1.157,4187
5374,HD 168746 b,,11.1,6.404,0.07,4188
5375,HD 148156 b,,13.9,1027.0,2.45,4189
5376,HD 17092 b,,12.5,359.89999,1.31,4190
5377,HD 27894 b,,14.1,18.01939,0.125,3548
5378,HD 28254 b,1207.7479466,13.0,1333.0,2.45,4191
5379,HD 148427 b,381.3940884,13.7,331.9,1.11,4192
5380,HD 171028 b,,13.2,550.0,1.32,4193
5381,HD 204313 c,,4.31,34.95875,0.211,976
5382,HD 30177 b,2622.08435775,12.6,2539.0,3.49,4095
5383,HD 290327 b,,13.3,2443.0,3.43,4194
5384,HD 152581 b,,13.4,686.5,1.66,4195
5385,HD 177830 b,,13.5,410.10001,1.14,109
5386,HD 20794 b,,1.45,18.314,0.1257,1352
5387,HD 31253 b,,14.1,466.0,1.26,4196
5388,HD 178911 B b,,12.6,71.484,0.34,4197
5389,HD 155358 b,,13.8,194.3,0.63,4198
5390,HD 154857 b,,13.3,408.60001,1.29,1978
5391,HD 155358 c,,13.9,391.9,1.02,4198
5392,HD 210702 b,,13.6,355.5,1.079,4199
5393,HD 3651 b,,10.1,62.25,0.295,4200
5394,HD 156668 b,,1.87,4.6455,0.05,3250
5395,HD 156411 b,,14.0,842.2,1.88,4201
5396,HD 183263 b,,13.1,624.87404,1.46,3563
5397,HD 63454 b,,12.31,2.81805,0.04,4202
5398,HD 89307 b,642.01338214,13.4,2166.0,3.27,4203
5399,rho CrB b,,13.7,39.849,0.2245,1320
5400,HD 66428 b,3478.949743022,12.4,2269.81726,3.395,3564
5401,HD 93083 b,,14.3,144.72,0.508,4026
5402,HD 69830 b,,3.17,8.667,0.0785,61
5403,TrES-3 b,607.03,14.975,1.30618581,0.02282,4204
5404,WASP-50 b,466.828704,13.069694,1.9551,0.0293,4205
5405,HD 69830 d,,4.45,197.0,0.63,61
5406,HD 96127 b,1207.7479466,13.0,638.9,1.41,4206
5407,HD 70573 b,,12.8,851.8,1.76,4207
5408,HD 97658 b,8.3,2.12,9.4897116,0.0805,4208
5409,V0391 Peg b,,13.1,1170.0,1.7,4209
5410,WASP-8 b,807.2882,12.66617,8.15872,0.0801,1922
5411,WASP-10 b,1001.12,12.106,3.0927616,0.03781,4210
5412,XO-2 N b,199.91507,11.130537,2.61585906,0.03666,4211
5413,HD 74156 b,,13.5,51.63564,0.28,1221
5414,HD 99706 b,,13.7,841.0,1.98,1397
5415,HIP 12961 b,,13.2,57.435,0.25,4212
5416,HD 45184 b,,3.52,5.8854,0.0644,3116
5417,WASP-16 b,394.1092,13.67498,3.1186,0.0415,4213
5418,HD 45364 b,,9.03,225.79,0.6793,3627
5419,HD 75898 b,,13.2,422.82,1.2025,476
5420,HD 7924 b,2058.256763732,,5.39792,0.06,2187
5421,Kepler-746 b,,1.11,3.48159251,0.0435,4214
5422,HD 79498 b,,13.6,1807.0,2.98,4215
5423,HD 48265 b,2351.9302118,12.6,778.51,1.814,4216
5424,HD 49674 b,,6.2,4.94737,0.06,4217
5425,HIP 57274 c,,14.2,32.03,0.178,1096
5426,HD 52265 b,,13.7,119.27,0.52,4218
5427,HR 8799 e,3178.3,13.11453,20815.6,16.4,1503
5428,HD 5891 b,,12.6,177.11,0.64,4219
5429,HD 85390 b,,6.16,799.52,1.373,4220
5430,xi Aql b,,13.4,136.97,0.625,4221
5431,WASP-35 b,225.6593,14.5717,3.16158,0.04317,4222
5432,TOI-1408 b,593.0,25.0,4.42587,0.05778,4223
5433,TOI-2524 b,203.41018048,11.2089807,7.18585,0.073,4224
5434,HD 219415 b,,13.8,2093.3,3.2,4225
5435,WD 0806-661 b,2224.798849,12.10569916,,2500.0,4226
5436,WASP-99 b,772.3269,11.43318,5.75251,0.0717,4227
5437,HD 32963 b,657.90480249,13.4,2372.0,3.41,4228
5438,K2-133 b,,1.34,3.07133,0.03194,3076
5439,HATS-53 b,189.10885,15.02006,3.8537768,0.04753,4229
5440,Kepler-286 b,,1.24,1.796302,0.027,2015
5441,TOI-283 b,6.54,2.34,17.61745,0.123,4230
5442,Kepler-69 b,,2.24,13.722341,0.094,4231
5443,HD 169830 b,,13.2,225.67372,0.765,3558
5444,HD 192699 b,,13.4,340.94,1.063,4232
5445,Pr0211 b,,13.4,2.1461,0.03176,2233
5446,HATS-3 b,340.382,15.48,3.547851,0.0485,4233
5447,HD 33844 c,,13.5,916.0,2.24,1392
5448,HATS-29 b,207.54299,14.022459,4.6058749,0.05475,4234
5449,K2-138 b,3.1,1.51,2.35309,0.03385,814
5450,gam Lib c,,12.8,966.49,2.318,3712
5451,TOI-406.01,6.57,2.08,13.175682,0.0809,3841
5452,Kepler-282 d,61.0,2.46,24.806,0.15837,1461
5453,TOI-663 b,4.45,2.27,2.598902,0.0295,3778
5454,Kepler-283 b,,2.13,11.008151,0.082,4235
5455,HD 195019 b,,13.0,18.20132,0.14,4236
5456,BD-06 1339 c,,8.38,125.94,0.435,1944
5457,CoRoT-25 b,85.81,12.11,4.86069,0.0578,4237
5458,HD 564 b,,12.5,492.3,1.2,4238
5459,HATS-45 b,222.481,14.414774,4.1876244,0.05511,4239
5460,Kepler-421 b,,4.16,704.1984,1.219,4240
5461,TOI-663 d,5.2,1.92,7.1027268,0.0576,3778
5462,TOI-1443 b,30.0,2.30381001,23.540678,0.147,4241
5463,HAT-P-41 b,378.2177,22.97845,2.69405,0.04258,4242
5464,HD 5608 b,,13.7,768.7,1.79,4243
5465,HD 13908 b,,13.9,19.382,0.154,2021
5466,HD 108341 b,715.11391575,13.3,1129.0,2.0,4244
5467,KELT-12 b,301.9385,19.95202,5.031623,0.06708,4245
5468,HD 34445 f,,6.88,676.8,1.543,2874
5469,HD 34445 e,,4.26,49.175,0.2687,2874
5470,KELT-19 A b,1293.5681,21.40919,4.6117093,0.0637,4246
5471,KOI-1257 b,460.83,10.54,86.647661,0.382,4247
5472,TOI-1226 b,,2.4101112,3.92880881576,,4248
5473,K2-219 d,,2.57634456,11.137278,,1613
5474,HD 216435 b,,13.7,1311.0,2.56,4249
5475,HD 23079 b,,13.2,735.74,1.6,1550
5476,BD+49 828 b,,13.5,2590.0,4.2,4250
5477,HD 20794 e,,2.03,147.02,0.509,1352
5478,K2-239 b,,1.1,5.24,0.0441,3065
5479,TOI-880.02,,2.19,2.57571,0.0349,608
5480,TOI-1232 b,220.572914458,10.92875618,14.256,0.117,4047
5481,WASP-71 b,441.7837,13.22662,2.90367,0.046,4251
5482,HD 159243 c,,13.4,248.4,0.8,2022
5483,HIP 91258 b,,13.7,5.0505,0.06,4252
5484,HIP 109384 b,,13.5,499.48,1.134,4253
5485,HD 27894 c,,8.24,36.07,0.198,3548
5486,K2-239 d,,1.1,10.115,0.0685,3065
5487,Kepler-778 b,,1.68,3.75574426,0.0453,4254
5488,TOI-1244 b,6.6,2.467,6.400316483,0.060694,4255
5489,TOI-1466 b,,2.46741991,1.87190602231,,4256
5490,K2-157 b,1.14,0.935,0.3652575,0.00962,3891
5491,HD 33564 b,,12.5,388.0,1.1,4257
5492,WASP-55 b,186.247446502,14.72860064,4.465631,0.0558,4258
5493,ROXs 12 b,5085.0,12.2,,210.0,4259
5494,bet UMi b,,12.7,522.3,1.4,4260
5495,HD 216536 b,,13.8,148.60001,0.61,4261
5496,HIP 65407 b,,14.3,28.125,0.177,2161
5497,HD 12484 b,,13.2,58.83,0.297,4262
5498,NGTS-1 b,258.07796,14.90797,2.647298,0.0326,4263
5499,K2-148 b,,1.33,4.38395,0.0454,1539
5500,K2-158 b,,2.64,10.06049,0.0887,979
5501,HD 86081 b,,13.6,2.1378431,0.0346,4264
5502,HD 45652 b,,14.3,44.073,0.237,4265
5503,WASP-62 b,165.2716,14.79588,4.41195,0.0571,4266
5504,TOI-1422 b,9.5,3.83,12.99894,0.107,1049
5505,HIP 65426 b,2860.47,16.8135,,92.0,4267
5506,K2-148 d,,1.64,9.7579,0.0774,1539
5507,GJ 1265 b,,2.63,3.6511,0.026,4268
5508,HD 6061 b,10.0,2.42763557,5.2549,0.06,4269
5509,FU Tau b,5085.28,12.2,,800.0,4270
5510,Kepler-19 c,13.1,3.68,28.731,0.1765736996,546
5511,Kepler-25 d,71.9,10.0,122.4,0.4164221832,3096
5512,HIP 8541 b,2451.728331598,12.6,1852.14387,3.729,1031
5513,K2-113 b,410.0007,12.14,5.817685,0.0642,4271
5514,K2-152 b,,2.29,32.6479,0.1716,4272
5515,K2-243 c,,2.01,24.94598,0.1817,3047
5516,HD 13167 b,,13.1,2613.0,4.1,4273
5517,TOI-929 b,,2.68983343,5.83015366944,,4274
5518,K2-162 b,,1.44,9.45889,0.0795,4275
5519,K2-161 b,,6.11721229,9.283188,,4276
5520,KELT-3 b,616.5902,17.48604,2.70339,0.04123,4277
5521,Kepler-97 c,344.0,,789.0,,4278
5522,KELT-14 b,408.09372,19.537287,1.7100566,0.03005,4279
5523,tau Cet h,,1.19,49.41,0.243,592
5524,K2-154 c,,2.07,7.95486,0.0677,1164
5525,K2-246 b,,3.49,5.76918,0.0602,4280
5526,TOI-969 b,9.1,2.765,1.8237305,0.02636,3641
5527,TOI-1291 b,,5.63826391,7.1620097551,,4281
5528,HD 220689 b,381.3940884,13.7,2266.4,3.396,4282
5529,GJ 163 b,,3.25,8.63182,0.0607,1936
5530,HAT-P-53 b,471.65972,14.773462,1.9616241,0.03159,4283
5531,HD 111591 b,,12.9,1056.4,2.5,4284
5532,K2-155 b,,1.8,6.342,0.0562,2943
5533,HD 180053 b,,13.3,213.72,0.843,4285
5534,TOI-1669 c,13.0,2.2963977,2.6800535,0.0376,3792
5535,K2-165 d,,2.64809498,14.101361,,2911
5536,DENIS-P J082303.1-491201 b,9057.77,11.9,246.36,0.36,4286
5537,NGC 2682 YBP 1514 b,,14.0,5.118,,4287
5538,HD 14067 b,4862.7746271,12.2,2744.0,5.15,4288
5539,K2-30 b,184.02357,11.646151,4.098503,0.04839,4289
5540,YZ Cet d,,1.03,4.65626,0.02851,3390
5541,Kepler-90 i,,1.32,14.44912,0.1201380843,496
5542,HD 75784 c,,12.8,7900.0,8.4,584
5543,WASP-56 b,143.0235,10.53646,4.6171,0.05614,4290
5544,GJ 667 C g,,1.99,256.2,0.549,1437
5545,WASP-135 b,603.877,14.5717,1.4013794,0.0243,4291
5546,CoRoT-32 b,47.6745,6.38913,6.71837,0.071,4292
5547,TOI-1054.01,,2.43432,15.5077855,,4293
5548,Kepler-504 b,,1.59,9.549275422,0.0646,4294
5549,KMT-2025-BLG-0975L b,29.8,5.97,,0.81,4295
5550,TOI-1691 b,14.6,3.66,16.736888935,0.129365,4296
5551,K2-221 b,,1.67890272,2.399094,,4297
5552,GJ 504 b,1271.3,12.10569916,,43.5,4298
5553,WASP-68 b,343.2564,14.79588,5.0843,0.06206,4299
5554,psi1 Dra B b,,13.5,3117.0,4.43,4300
5555,K2-118 b,,2.54,50.92092,0.245,4301
5556,GJ 3942 b,,2.57,6.905,0.0608,4302
5557,Kepler-1654 b,158.915,9.180171,1047.8356,2.026,4303
5558,Kepler-750 b,,3.07,9.42887179,0.08742,2320
5559,WASP-78 b,352.7913,21.63337,2.17518,0.03488,4304
5560,HD 66141 b,,12.8,480.5,1.2,4305
5561,HD 203030 b,3496.112477,14.4595851,,487.1,4306
5562,WASP-88 b,133.4886,16.36514,4.954,0.06431,4307
5563,KIC 10001893 c,,,0.32528,,2123
5564,Wolf 1061 d,,2.69,217.21,0.47,2883
5565,K2-130 b,,1.25,2.49412,0.032,4308
5566,K2-129 b,,1.04,8.239493,0.057,4309
5567,HD 147379 b,,4.94,86.58,0.3193,4310
5568,HATS-42 b,597.5204,15.6926,2.292102,0.03689,4311
5569,WASP-144 b,139.8452,9.52765,2.2783152,0.0316,4312
5570,HD 83443 c,476.7426105,13.6,8241.0,8.0,1526
5571,TOI-1347 c,6.4,1.6,4.841962,0.0546,1625
5572,HD 108147 b,,10.9,10.8985,0.102,4313
5573,CHXR 73 b,3994.486,12.3,,210.0,4314
5574,KIC 8540376 b,,4.1,31.8099,,2215
5575,HATS-51 b,244.09344,15.80469,3.3488702,0.04639,4315
5576,K2-233 b,2.4,1.315,2.467583,0.03293,3937
5577,Kepler-814 b,,2.12,6.1469851,0.0695,4316
5578,HD 18599 b,24.1,2.6,4.1374354,0.048,4317
5579,Kepler-127 c,,2.66,29.393195,0.2,2005
5580,HIP 55507 b,2585.534090945,12.6,5138.43727,5.062,4318
5581,NGC 2682 Sand 1429 b,,13.4,77.48,0.384,4319
5582,Kepler-955 b,,3.13,14.53244172,0.1083,4320
5583,Kepler-962 b,,1.97,12.05707239,0.09874,4321
5584,TOI-5678 b,20.0,4.91,47.73022,0.249,4322
5585,HD 155918 c,1878.048056963,12.8,17202.19446,13.183,3536
5586,TOI-6034 b,254.0,11.92,2.576184,0.02949,4323
5587,HD 101581 b,,0.956,4.46569,0.046,3866
5588,Kepler-922 b,,1.42,0.938466832,0.01795,4324
5589,Barnard c,,0.743,4.1244,0.0274,713
5590,TIC 32032563 b,,3.47739942,13.83460487791,,4325
5591,Kepler-911 b,,2.6,20.310501,0.15594,4326
5592,HD 16905 b,3591.4609991,12.4,10256.0,8.8,4327
5593,HD 184010 b,,12.1,286.6,0.94,164
5594,TOI-6041 b,28.9,4.55,26.04945,0.1651,875
5595,TOI-6281 b,,1.92416074,1.05426244177,,4328
5596,Luhman 16 b,9344.1551658,11.9,9697.0,3.52,4329
5597,Barnard b,,0.72,3.1542,0.0229,713
5598,Barnard e,,0.637,6.7392,0.0381,713
5599,HD 224018 c,10.4,2.42,36.57669,0.217,252
5600,TIC 38825265 b,,2.18869476,3.31336980985,,4330
5601,Kepler-1012 b,,1.29,5.50860439,0.06066,4331
5602,Kepler-1754 b,,2.43996509,8.195949554,0.0718,4332
5603,LHS 1678 d,,0.981,4.9652229,0.04,3741
5604,HD 18143 c,3177.648413186,12.5,28982.41764,17.53,3550
5605,Kepler-935 b,,1.35,4.88083852,0.0527,4333
5606,Kepler-879 c,,0.4,0.646716,,1830
5607,ZTF J1230-2655 b,7024.0077947,13.78704626,0.23597766,,4334
5608,TIC 270471727 b,,2.75029559,10.45623256647,,4335
5609,TIC 65612701 b,,5.07802804,10.22467974953,,4336
5610,Kepler-1014 b,,2.39,16.57110363,0.121,4337
5611,Kepler-1044 b,,2.67,6.77408868,0.0741,4338
5612,Kepler-66 b,,2.8,17.815815,0.1352,4339
5613,Kepler-857 b,,6.8,85.35129427,0.3751,4340
5614,TOI-6080 b,,3.32424168,8.05562348084,,4341
5615,Wolf 1069 b,,1.08,15.564,0.0672,4342
5616,TOI-6330 b,3179.0,10.89,6.8500246,0.05763,4343
5617,ITG 15 b,6674.396547,12.1,,435.0,4344
5618,WISPIT 2 b,1541.46777395,17.93436912,,57.0,757
5619,NGTS-38 b,1516.04150139,12.11690814,180.52797,0.697,4345
5620,TOI-5210 b,81.999729006,10.72699453,4.5661061,0.0557,4346
5621,TOI-5726.01,,2.554,5.491125215,0.062186,4347
5622,HD 194490 b,3561.902957249,12.4,13092.18348,11.116,4348
5623,HD 190228 b,1598.67688721,12.9,1143.59858,2.406,4349
5624,HD 206893 b,6197.6539365,14.01122587,11100.0,10.75,248
5625,HD 112570 b,1086.97315194,13.1,2615.0,3.9,4350
5626,HD 154391 b,2892.2385037,12.5,5163.0,7.46,4351
5627,G 196-3 b,8263.538582,12.0,,350.0,4352
5628,Kepler-1026 b,,2.21,36.5156053,0.1977,4353
5629,G 261-6 b,,1.1,5.4536,0.02971,4354
5630,TOI-5789 d,,1.91,29.65,0.1756,143
5631,TOI-5789 b,,1.26,2.76369,0.03608,143
5632,TIC 142589416 b,,2.67899519,2.09518466313,,4355
5633,NGTS-39 b,466.254273069,12.195371,58.20472,0.3077,4356
5634,Gliese 48 b,,2.77,39.6299,0.1752,4357
5635,Kepler-993 b,,2.97,22.08557563,0.13,4358
5636,Kepler-80 d,6.75,1.53,3.07222,0.0372,1182
5637,K2-411 b,,0.9898,3.2141,0.0511,4359
5638,HD 169142 b,953.485221,13.1,,37.2,4360
5639,TOI-6383 A b,331.0,11.29,1.79058695,0.02292,4361
5640,TIC 139270665 b,147.154552441,7.22979255,23.624,0.163,3787
5641,TOI-7149 b,224.0,13.2,2.65206166,0.02603,4362
5642,Kepler-348 b,,1.52,7.05677,0.076,4363
5643,TOI-5789 e,,3.43,62.98,0.2901,143
5644,TIC 154870955 b,,3.09467466,7.9698747128,,4364
5645,Kepler-332 b,,1.17,7.626324,0.07,2112
5646,TOI-5238 b,,5.22,4.872171,,4365
5647,Kepler-914 b,,1.38,4.40966548,0.05454,4366
5648,K2-413 c,,1.2327,5.3301,0.0426,1087
5649,TOI-6086 b,,1.18,1.3888725,0.01541,4367
5650,Kepler-314 c,,2.9,5.960392,0.064,2103
5651,HIP 29442 c,4.5,1.551,3.5379559,0.04518,971
5652,HD 63433 d,,1.073,4.209075,0.0503,1192
5653,Kepler-317 b,109.8,2.09,5.524242,0.061,2106
5654,TOI-7384 b,,3.56,6.2340258,0.0439,4368
5655,Kepler-1768 b,,2.23346338,15.13589954,0.1286,4369
5656,Kepler-981 b,,2.31,4.469757736,0.0535,4370
5657,Kepler-1043 b,,2.55,38.5053398,0.2159,4371
5658,TOI-5777 b,,3.09551273,6.91716177373,,4372
5659,HIP 113103 b,,1.829,7.610303,0.06899,4373
5660,UCAC3 113-933 b,6674.396547,12.1,,6100.0,4374
5661,HD 73344 c,,13.5,65.94,0.3388,3801
5662,Kepler-139 f,36.0,6.67,355.0,,1158
5663,TIC 249022743 b,,4.79568155,2.25719681538,,4375
5664,TIC 260969020 b,,2.22686612,8.48584501953,,4376
5665,Kepler-62 e,36.0,1.61,122.3874,0.427,140
5666,HD 105618 c,8419.592329837,11.9,77114.07158,35.731,1365
5667,HIP 113103 c,,2.4,14.245648,0.10479,4373
5668,Kepler-1053 b,,0.98,2.414351654,0.0315,4377
5669,Kepler-102 d,3.0,1.154,10.311767,0.08618,1013
5670,HD 196067 c,,3.21,4.601088,,668
5671,GJ 887 d,,2.34,50.77,0.212,596
5672,Kepler-347 b,,1.97,12.79836,0.11,2097
5673,HD 11112 b,2598.565055632,12.6,17244.90764,13.38,4378
5674,Kepler-485 b,,14.41,3.243259796,0.04401,4379
5675,TIC 393818343 b,1379.37528638,12.18416202,16.24921,0.1291,4380
5676,Kepler-1032 b,,1.87,3.290117953,0.0361,4381
5677,HD 284149 AB b,8352.53053596,12.0,,431.16,4382
5678,WASP-132 d,,12.8,1816.6,2.71,3809
5679,K2-157 c,,6.08,25.942,0.165,3891
5680,KOINTREAU-4 b,4862.7746271,12.2,,182.0,4383
5681,TIC 390586021 b,,2.86009388,2.74703755819,,4384
5682,HD 113337 c,6299.676855147,12.1,5429.93477,6.805,3518
5683,HD 94771 b,,14.2,2164.0,3.48,4385
5684,TOI-6695 b,66.74396547,9.52763359,80.389,0.402,1677
5685,Gaia-5 b,6633.07885409,12.1,358.62,,4386
5686,DMPP-2 d,,11.6,16.491,0.1432,196
5687,TIC 423703298 b,,2.77230429,4.03712711976,,4387
5688,Kepler-335 b,,3.39,6.562331,0.075,2114
5689,Kepler-1023 b,,2.63,62.1387714,0.30284,4388
5690,TOI-5592 b,285.727737893,17.14974047,2.6085846,0.03935,4389
5691,HD 122562 c,,10.1,84.96276,0.406,4390
5692,HD 115404 A c,3279.671331833,12.5,15319.22517,11.364,3530
5693,GJ 1002 c,,1.1,21.202,0.0738,499
5694,Kepler-932 b,,1.37,1.921437396,0.02876,4391
5695,TOI-6707 b,,5.72673066,3.83479363758,,4392
5696,Kepler-139 e,378.0,13.7,2047.635373,3.23579639,1158
5697,Kepler-328 c,39.4,5.4,71.312,0.354,1988
5698,TOI-7510 d,190.0,10.52,48.864468,0.2672,478
5699,Kepler-138 d,2.1,1.51,23.0923,0.1288,771
5700,Kepler-1779 b,,3.03295685,16.34359932,0.1264,4393
5701,Kepler-973 b,,1.96,49.6077331,0.2489,4394
5702,TOI-5595 b,,4.73740402,5.99002553853,,4395
5703,HD 203387 b,,13.1,512.5352,1.771,3545
5704,TOI-6016 b,371.85923619,13.67495645,4.023687,0.055,4396
5705,HIP 99770 b,5403.082919,12.2,18600.0,15.8,4397
5706,Kepler-1772 b,,2.68609988,3.215090036,0.04391,4398
5707,GJ 2126 b,,13.6,272.7,0.71,4399
5708,TOI-5616 b,624.0,10.78,2.002849,0.0272,4400
5709,Kepler-408 b,5.0,0.82,2.46502,0.03592,4401
5710,Gaia23braL b,518.06030341,13.5,,4.847,4402
5711,Kepler-10 d,,3.49,151.06,0.5379,1564
5712,GJ 3988 b,,1.74,6.9442,0.0405,4403
5713,TOI-1408 c,7.6,2.22,2.1664,0.03587,4223
5714,HD 68475 b,1639.99458012,12.8,7832.0,7.27,4404
5715,HD 48265 c,1414.33641115,12.9,10418.0,10.4,4216
5716,Kepler-958 b,,2.06,9.7678805,0.08631,4405
5717,TOI-5624 d,4.9,3.584,13.731468,0.1067,203
5718,KOI-351 d,,2.87,59.73667,0.32,496
5719,Kepler-20 e,0.76,0.821,6.0984882,0.0637,816
5720,nu Oct A b,696.04421133,13.3,402.4,1.24,4406
5721,TOI-1288 c,,11.1,416.0,1.07,3756
5722,Kepler-104 c,,3.13,23.668205,0.153,450
5723,Kepler-507 b,,1.3,3.568096926,0.04781,4407
5724,HN Lib b,,2.2,36.116,0.1417,4408
5725,Kepler-49 d,235.982,1.6,2.576549,0.031,151
5726,HIP 10090 b,1229.99593509,13.0,2960.0,3.87,532
5727,Kepler-346 b,,2.66,6.511127,0.071,215
5728,Kepler-265 d,,2.49,43.130617,0.236,2028
5729,Kepler-399 b,,0.96,14.425281,0.103,195
5730,Kepler-110 c,,2.21,31.719775,0.198,35
5731,Kepler-1248 b,,1.18,7.46725407,0.0806,4409
5732,Kepler-1269 b,,1.63,37.3331536,0.23611,4410
5733,Kepler-1314 b,,5.11,5.424749281,0.0504,4411
5734,Kepler-1870 b,,2.10143764,3.606940031,0.0452,4412
5735,Kepler-236 b,,1.57,8.295611,0.065,667
5736,Kepler-125 c,,0.74,5.774464,0.051,2004
5737,Kepler-304 d,,2.75,9.653471,0.08,47
5738,Kepler-326 d,6.9,1.21,6.766888,0.066,738
5739,Kepler-126 c,,1.58,21.869741,0.162,730
5740,Kepler-400 c,,1.49,17.340824,0.134,2091
5741,Kepler-1089 b,,1.83,5.132485618,0.0497,4413
5742,Kepler-102 f,4.3,0.861,27.453592,0.1656,1013
5743,Kepler-1223 b,,1.22,16.301259,0.1186,4414
5744,Kepler-1853 b,,1.51862272,48.88819885,0.2395,4415
5745,Kepler-512 b,,2.69,34.43587975,0.21395,4416
5746,Kepler-369 b,,1.13,2.732756,0.03,2094
5747,Kepler-305 c,6.0,3.3,8.291,0.07568,2030
5748,Kepler-975 c,,10.69,5.05821338,0.0567,2332
5749,Kepler-22 b,9.1,2.1,289.863876,0.812,4417
5750,Kepler-1995 b,,4.28,73.7578875,0.3259,4418
5751,Kepler-1227 b,,2.29,94.2887577,0.38555,4419
5752,Kepler-1272 b,,2.37,51.1309704,0.2705,4420
5753,Kepler-201 c,,2.85,151.884058,0.573,2116
5754,Kepler-215 c,,1.77,14.667108,0.113,1251
5755,Kepler-267 c,,2.13,6.87745,0.06,2025
5756,Kepler-373 c,,1.24,16.725948,0.126,4421
5757,Kepler-54 d,12.0946,1.53,20.995694,0.126,1975
5758,Kepler-329 b,,1.4,7.416397,0.061,2017
5759,Kepler-279 d,37.5,3.1,54.414,0.2901,536
5760,HD 219134 c,4.36,1.511,6.76458,0.0653,741
5761,Kepler-1198 b,,1.47,7.6847716,0.0732,4422
5762,Kepler-161 c,3.61,2.05,7.06424,0.068,2144
5763,Kepler-1294 b,,3.19,115.6862258,0.4684,4423
5764,Kepler-1319 b,,1.34,2.886762645,0.0296,4424
5765,Kepler-275 d,,3.33,35.676062,0.224,1990
5766,Kepler-374 b,,1.03,1.897806,0.029,2048
5767,Kepler-306 d,,2.47,17.326644,0.12,1024
5768,Kepler-305 e,,1.7938153,3.20538,0.04017,2030
5769,Kepler-11 f,2.0,2.49,46.6888,0.25,1004
5770,Kepler-276 d,16.3,2.8,48.648,0.24666,1802
5771,Kepler-36 c,7.13,3.679,16.21865,0.12692,3245
5772,Kepler-1251 b,,1.84,45.0904643,0.2478,4425
5773,Kepler-1843 b,,2.70909809,25.54339981,0.17871,4426
5774,Kepler-1857 b,,1.96065412,8.94340992,0.08308,4427
5775,Kepler-190 c,,1.46,3.763024,0.045,780
5776,Kepler-123 c,,1.48,26.695074,0.181,4168
5777,Kepler-380 c,,1.27,7.630004,0.078,2085
5778,Kepler-283 c,,1.82,92.743711,0.341,4235
5779,KELT-6 c,,13.0,1276.0,2.39,2941
5780,Kepler-85 b,1.84,1.778,8.3,0.07885,504
5781,Kepler-799 c,,2.78068551,15.19419956,0.1214,2242
5782,Kepler-1884 b,,1.81406781,8.988320351,0.0845,4428
5783,Kepler-381 b,,0.99,5.629021,0.066,1230
5784,Kepler-84 d,,1.38,4.224537,0.052,883
5785,Kepler-334 b,,1.12,5.470319,0.061,37
5786,Kepler-285 c,,1.12,6.186676,0.064,2041
5787,Kepler-1232 b,,1.93,26.7839183,0.16545,4429
5788,Kepler-1858 b,,2.42168247,88.07160187,0.3575,4430
5789,Kepler-204 c,,1.79,25.660593,0.173,2102
5790,Kepler-515 b,,1.46,19.96371318,0.1333,4431
5791,Kepler-221 e,7.86706,2.63,18.369917,0.13,2055
5792,Kepler-1877 b,,0.624086,2.377569914,0.03472,4432
5793,Kepler-350 d,14.9,2.8,26.136,0.1786,524
5794,Kepler-58 e,597.796,1.61,4.45814897,0.0533,1274
5795,Kepler-1679 b,,2.0692036,9.75376,0.0892,4433
5796,Kepler-58 c,53.0,2.86,15.5741568,0.12307,1274
5797,Kepler-1844 b,,3.03648191,3.924510002,0.0478,4434
5798,Kepler-1278 b,,1.01,3.23941344,0.04417,4435
5799,Kepler-1864 b,,0.75408365,3.881510019,0.049,4436
5800,Kepler-1324 b,,1.51,4.115844679,0.0466,4437
5801,Kepler-462 c,6.0,4.0,207.62,0.7584,3200
5802,Kepler-226 d,,1.22,8.109044,0.076,2000
5803,Kepler-221 b,5.95575,1.71,2.795906,0.037,2055
5804,Kepler-245 c,26.7,2.18,17.460812,0.124,463
5805,Kepler-352 b,,0.86,10.05537,0.085,902
5806,Kepler-382 c,,1.59,12.162701,0.097,761
5807,Kepler-336 b,,1.02,2.024823,0.033,1216
5808,HD 11755 b,,12.8,433.70001,1.09,4438
5809,Kepler-385 c,13.2,3.04,15.163161,0.127,1128
5810,Kepler-267 d,,2.27,28.464515,0.154,2025
5811,Kepler-384 c,,1.13,45.348269,0.236,1537
5812,Kepler-299 e,,1.87,38.285489,0.22,2036
5813,8 UMi b,,13.5,93.31,0.462,4439
5814,Kepler-1104 b,,1.23,5.03728015,0.06321,4440
5815,Kepler-1987 e,,1.92,8.74292005,0.0765,462
5816,Kepler-1830 b,,3.32992941,56.49330139,0.31769,4441
5817,Kepler-182 b,,2.58,9.825792,0.096,2147
5818,Kepler-1688 b,,1.26174569,5.62012,0.0577,4442
5819,Kepler-385 b,12.8,2.73,10.043686,0.097,1128
5820,Kepler-55 f,,1.59,10.198545,0.081,1551
5821,Kepler-339 d,14.7,1.17,10.558345,0.091,2084
5822,Kepler-1669 d,,1.22,4.72941177,0.0468,1067
5823,Kepler-69 c,,1.71,242.4613,0.64,4231
5824,HAT-P-57 b,448.1403,19.50366,2.4653,0.0406,4443
5825,Kepler-1067 c,,1.74682428,5.425839901,0.06069,686
5826,Kepler-299 d,,1.86,15.054786,0.118,2036
5827,Kepler-208 c,,1.39,7.466623,0.079,1077
5828,Kepler-530 b,,3.01,39.30941904,0.21491,4444
5829,Kepler-354 d,,1.24,24.209842,0.146,782
5830,Kepler-339 c,7.3,1.15,6.988055,0.069,2084
5831,Kepler-1114 b,,1.35,14.97435694,0.11056,4445
5832,Kepler-114 d,3.9,2.53,11.776,0.08358,43
5833,Kepler-303 c,,1.14,7.061149,0.057,4446
5834,Kepler-1212 b,,2.14,12.94130146,0.1082,4447
5835,Kepler-394 c,,1.66,12.130686,0.11,2079
5836,Kepler-393 c,,1.33,14.613612,0.124,2078
5837,Kepler-318 c,,3.68,11.815007,0.105,1588
5838,Kepler-1241 b,,2.63,18.5525701,0.1336,4448
5839,Kepler-185 b,,1.17,1.6329,0.026,928
5840,Kepler-1283 b,,1.91,12.9460978,0.1062,4449
5841,Kepler-1714 b,,3.26437302,10.27530003,0.10549,4450
5842,Kepler-1331 b,,1.05,0.789161653,0.0142,4451
5843,Kepler-319 b,,1.63,4.362705,0.051,1826
5844,Kepler-396 b,75.5,3.5,42.994,0.24067,4452
5845,Kepler-1085 c,,3.26817741,56.7771,0.29798,1293
5846,Kepler-1084 b,,1.11,2.05333679,0.0324,4453
5847,Kepler-1108 b,,1.46,4.51005748,0.0511,4454
5848,Kepler-1214 b,,2.36,18.82634264,0.128,4455
5849,Kepler-155 c,,2.24,52.661793,0.242,1602
5850,Kepler-396 c,17.9,5.3,88.505,0.38946,4452
5851,Kepler-1369 b,,2.69,25.873148,0.1741,4456
5852,Kepler-1370 b,,1.84,20.2641684,0.15763,2552
5853,Kepler-252 b,,1.23,6.668391,0.058,2155
5854,Kepler-360 c,,2.1,7.186434,0.075,2071
5855,Kepler-245 e,1806.36,1.75,3.219821056,0.04053,463
5856,Kepler-298 d,,2.5,77.473633,0.305,2037
5857,Kepler-324 b,2414.4,1.14,4.385315,0.05,830
5858,Kepler-1796 b,,2.75047868,29.4557991,0.1879,4457
5859,Kepler-520 c,,1.07,5.21104261,0.06035,545
5860,Kepler-1244 b,,1.35,3.70428172,0.0502,4458
5861,Kepler-169 c,,1.21,6.195469,0.062,1052
5862,Kepler-97 b,3.51,1.48,2.58664,0.03563,4278
5863,Kepler-1336 b,,1.98,23.198681,0.15845,665
5864,Kepler-88 d,,13.1,1403.0,2.466329866,914
5865,Kepler-301 d,,1.75,13.751243,0.112,2031
5866,Kepler-104 d,,3.58,51.755394,0.257,450
5867,Kepler-1192 b,,2.36,25.2034787,0.1693,4459
5868,Kepler-516 b,,5.74,24.85462415,0.1992,4460
5869,Kepler-1851 b,,3.90012032,12.02289963,0.1016,4461
5870,Kepler-212 b,,1.09,16.257582,0.133,1102
5871,Kepler-1372 b,,1.27,1.311555568,0.024,4462
5872,Kepler-364 b,,1.55,25.745718,0.178,1351
5873,KELT-23 A b,298.12454,14.829507,2.255251,0.03302,4463
5874,HD 191939 d,2.8,2.995,38.353037,0.2132,926
5875,HATS-77 b,436.696231218,13.05846252,3.0876262,0.03607,4464
5876,TOI-1752 c,,2.29,32.71443,0.1614,4041
5877,Kepler-1705 c,5.42,2.05,11.28,,3405
5878,TOI-1753 b,16.6,2.47852533,5.3846104,0.059,4465
5879,TOI-2274 b,,2.45,2.67963,0.05,4466
5880,Kepler-43 b,1026.5909,13.663771,3.0240949,0.046,4467
5881,Kepler-858 b,,4.87,76.13602028,0.33939,4468
5882,TOI-3023 b,197.05361234,16.43236571,3.9014971,0.0505,4469
5883,Kepler-1752 b,,4.54060463,56.35850143,0.2698,4470
5884,Kepler-1408 b,,0.89,2.99793191,0.04218,4471
5885,HIP 54373 b,,2.87,7.76,0.063,223
5886,Teegarden's Star b,,1.05,4.90634,0.0259,774
5887,BD+60 1417 b,4767.426105,14.68376472,,1662.0,4472
5888,TOI-1227 b,,9.57246952,27.36397,0.0886,4473
5889,CoRoT-7 d,17.142,4.31,8.966,,4130
5890,TOI-1758 b,6.9,3.62,20.705074685,0.141409,4474
5891,TOI-2567 b,63.883509807,10.92875618,5.983944,0.0672,4475
5892,Kepler-1410 b,,1.78,60.866168,0.2543,4476
5893,HD 24085 b,,3.46,2.0455,0.034,4477
5894,WASP-87 b,692.8694,15.524465,1.682795,0.02946,4478
5895,TOI-163 b,387.7526,16.690201,4.231306,0.058,4479
5896,K2-315 b,,0.95,3.1443189,,4480
5897,HD 216520 b,,3.18,35.45,0.198,3235
5898,TOI-1775 b,96.0,8.04728896,10.2405549,0.08,4481
5899,Kepler-296 c,,2.0,5.8416366,0.0521,581
5900,WASP-187 b,254.264,18.38276,5.147878,0.0653,4482
5901,HD 161178 b,,14.1,279.3,0.85,4483
5902,GJ 514 b,,2.13,140.43,0.422,4484
5903,HD 77946 b,10.9,2.89646124,6.527363,0.073,4485
5904,TOI-2345 c,7.27,2.451,21.064302,0.1257,1111
5905,Kepler-876 b,,1.43,5.14438011,0.0549,4486
5906,Kepler-1894 c,,1.21,5.05368985,0.0576,50
5907,HD 233832 b,,13.5,2058.0,2.827,4487
5908,GJ 687 c,,4.14,727.562,1.165,3232
5909,HIP 5763 b,,14.2,30.014,0.17,4488
5910,TOI-712 b,,2.049,9.531361,0.07928,3575
5911,TOI-1782.01,,2.368,4.987641028,0.05024,986
5912,TOI-2092 b,,2.94892961,4.30325528074,,4489
5913,Kepler-303 b,,0.89,1.937055,0.024,4446
5914,Kepler-271 c,,0.95,7.41086267,0.06993,1565
5915,KOI-142 b,9.5,3.438,10.91647,0.09586,914
5916,Qatar-6 b,212.31044,11.903958,3.506195,0.0423,4490
5917,GJ 9066 c,,9.6,771.36,0.88,4491
5918,K2-400 b,,1.163,3.865053,,4492
5919,TOI-2094 b,,1.9,18.793193,0.136,4493
5920,TOI-2714 b,228.0,13.72,2.499387,0.036,4494
5921,HD 164922 d,,1.83,12.458,0.103,3185
5922,2MASS J01033563-5515561 AB b,4131.79,12.3,,84.0,4495
5923,TOI-2382 b,235.19302118,12.25141591,4.6612061,0.059,4496
5924,Kepler-402 b,,1.22,4.028751,0.051,2093
5925,EPIC 201841433 b,,1.04,4.1698,0.035,4497
5926,USco1621 b,5085.28,12.2,,2880.0,4498
5927,K2-318 b,,1.66,7.01,0.0911,4499
5928,K2-405 b,,4.569,3.435471,,4500
5929,TOI-784 b,9.67,1.93,2.7970365,0.038,4501
5930,TOI-1814 b,,5.18536642,6.36861010462,,4502
5931,Kepler-1419 b,,2.86,42.5215895,0.2391,4503
5932,EPIC 206215704 b,,1.0,2.255436,,4504
5933,Kepler-848 b,,1.7,6.91134416,0.07586,4505
5934,Kepler-819 b,,2.76,33.1995648,0.1894,4506
5935,TOI-799 b,,2.06631784,5.54519139676,,4507
5936,K2-146 c,7.49,2.19,4.00498,0.0327,4508
5937,K2-324 b,,2.43,3.262,0.0331,4509
5938,Kepler-822 b,,1.77,3.222969273,0.04078,4510
5939,TOI-1181 b,374.719691853,17.02644168,2.103189,0.0364,4511
5940,TOI-808 b,,2.20344362,9.73944854026,,4512
5941,TOI-815 b,7.6,2.94,11.197259,0.0903,3790
5942,TOI-2141 b,20.1,3.147,18.261608,0.1322,753
5943,TOI-2447 b,124.906563951,9.60609646,69.33684,0.347,4513
5944,TOI-2818 b,225.65816897,15.27784069,4.039709,0.0493,4514
5945,Kepler-1371 c,,0.64,2.00541269,0.02937,2536
5946,EPIC 212587672 b,,1.26,15.28078,,3292
5947,Kepler-843 b,,2.59,2.053879821,0.0313,4515
5948,K2-408 b,,1.677,20.978959,,4516
5949,TOI-1516 b,1004.33776612,15.24421375,2.056014,,4517
5950,TOI-2458 b,13.31,2.83,3.73659,0.0482,3829
5951,Kepler-1423 b,,1.06,23.955378,0.1586,4518
5952,HATS-57 b,1000.21101,12.767051,2.350621,0.03493,4519
5953,HATS-56 b,191.33366,18.920792,4.324799,0.06043,4520
5954,TOI-763 b,9.79,2.28,5.6057,0.06,3179
5955,K2-409 b,,2.482,1.908084,,4521
5956,TOI-1722 b,,4.38298108,9.60523206943,,4522
5957,TOI-1873 b,,2.86356397,7.00572708834,,4523
5958,TOI-2158 b,260.61929374,10.76062147,8.60077,0.075,4524
5959,Kepler-1888 b,,1.32578716,11.39169979,0.0956,4525
5960,Kepler-1901 b,,1.47418907,3.484129906,0.0453,4526
5961,GJ 433 c,,6.27,5094.105,4.819,3140
5962,K2-374 c,,2.213,16.43445,,3512
5963,TOI-1860 b,,1.31,1.0662107,0.0204,4527
5964,TOI-1723 b,10.4,3.435,13.727012643,0.113496,4528
5965,TOI-1937 A b,638.83509807,13.97759893,0.94667944,0.01932,4529
5966,Kepler-292 f,,2.35,20.834237,0.141,1622
5967,Kepler-1395 b,,0.8,3.78470649,0.04974,4530
5968,Kepler-1905 b,,1.4460734,3.42392993,0.0451,4531
5969,Kepler-65 e,260.0,13.9,258.8,0.8539307544,26
5970,GJ 682 b,,1.93,17.478,0.08,3165
5971,TOI-132 b,22.4,3.42,2.1097019,0.026,4532
5972,TOI-2000 c,81.7,8.14,9.127055,0.0878,4533
5973,TOI-2000 b,11.0,2.7,3.09833,0.04271,4533
5974,TOI-2194 b,,1.9892,15.337597,,4534
5975,TOI-2498 b,34.62,6.06,3.738252,0.0491,4535
5976,Kepler-102 e,4.7,2.17,16.1456994,0.1162,1013
5977,HD 2685 b,371.8611,16.14096,4.12688,0.0568,4536
5978,Kepler-95 b,13.0,3.42,11.5231,0.10232,4537
5979,Wendelstein-2 b,232.33373,12.9934728,1.7522239,0.0234,4538
5980,K2-384 b,,1.076,2.231527,,3465
5981,HD 174205 b,,13.0,582.0,1.7,4539
5982,Kepler-430 c,,1.75,110.979,0.4757,2146
5983,Kepler-1656 b,47.8,4.574,31.562,0.1974,3488
5984,Kepler-647 c,,4.00135002,29.6663,0.18291,1571
5985,Kepler-210 b,,2.94,2.453234,0.032,869
5986,OGLE-2006-BLG-109L c,86.0,11.1,4927.5,4.5,1666
5987,KMT-2016-BLG-1397L b,2200.0,12.7,,5.1,4540
5988,KMT-2019-BLG-0253L b,9.2,2.99,,3.1,4541
5989,KMT-2023-BLG-0548L b,1086.97315194,13.1,,6.85,4542
5990,Kepler-1963 b,,0.74437023,1.962260008,0.02915,4543
5991,Kepler-1517 b,,9.76,5.546083665,0.078,4544
5992,Kepler-1711 b,,1.923,21.06080055,0.1463,4545
5993,MOA-2010-BLG-328L b,9.2,2.99,,0.92,4546
5994,MOA-2011-BLG-291L b,18.0,4.43,,0.69,4547
5995,KMT-2018-BLG-1743L b,77.867959715,10.5,,1.449,4548
5996,OGLE-2018-BLG-0516L b,20.1,4.73,,2.2,4549
5997,KMT-2023-BLG-0949L b,1900.61387386,12.8,,2.03,4550
5998,KMT-2024-BLG-2059L b,6.992224954,2.54,,2.55,4551
5999,Kepler-146 b,,3.71,31.158799,0.2,2153
6000,Kepler-1468 d,,3.33187146,19.59059906,0.1456,2614
6001,Kepler-348 c,,1.33,17.265427,0.138,4363
6002,Kepler-1641 c,,2.95,32.657212,0.2065,4552
6003,Kepler-1641 b,,3.11,19.672266,0.1473,4552
6004,Kepler-39 b,6388.1,13.9,21.08721,0.164,4553
6005,Kepler-174 c,,1.49,44.000529,0.214,737
6006,KMT-2023-BLG-1642L b,343.25467956,13.8,,1.41,4554
6007,Kepler-1468 b,,1.73,8.23984869,0.0817,2614
6008,Kepler-203 b,,2.57,3.162697,0.043,58
6009,Kepler-152 b,,2.79,18.207973,0.124,2034
6010,OGLE-2015-BLG-0966L b,21.0,4.86,,2.7,4555
6011,MOA-2011-BLG-028L b,30.0,5.99,,4.14,4556
6012,OGLE-2018-BLG-0383L b,6.4,2.41,,1.8,4557
6013,KMT-2021-BLG-1391L b,4.55,1.97,,2.29,4558
6014,Kepler-195 c,,1.55,34.096863,0.197,4559
6015,Kepler-880 c,,2.87,11.8061737,0.1216,2315
6016,Kepler-608 b,,3.64,6.412515037,0.0685,4560
6017,Kepler-1704 b,1322.16617312,11.94877343,988.88112,2.027,4561
6018,Kepler-561 c,,2.68,5.350161983,0.05947,1219
6019,OGLE-2015-BLG-0051L b,230.0,14.0,,0.73,4562
6020,OGLE-2018-BLG-0740L b,1500.0,12.9,5480.0,5.0,4563
6021,OGLE-2017-BLG-1099L b,959.84178914,13.1,,2.73,4564
6022,KMT-2021-BLG-0748L b,143.02278315,14.3,,2.43,4565
6023,TOI-2267 d,,1.77,2.0344671,0.0145,4566
6024,Kepler-1719 b,,3.95000623,6.149559975,0.06868,4567
6025,Kepler-1254 c,,1.3,3.60084276,0.0422,1235
6026,Kepler-639 b,,2.38,10.21420496,0.09358,4568
6027,KMT-2016-BLG-0212L b,5700.0,12.2,,2.2,4569
6028,KMT-2019-BLG-1552L b,1287.20504835,13.0,,2.6,4570
6029,KMT-2024-BLG-0349L b,3769.44490702,12.4,,6.46,4571
6030,Kepler-208 d,,1.2,11.131786,0.103,1077
6031,Kepler-171 b,,2.34,4.166972,0.05,2016
6032,Kepler-1525 b,,0.91,2.416601183,0.03557,4572
6033,Kepler-1645 b,,1.78,16.1779561,0.1285,4573
6034,KMT-2018-BLG-1990L b,111.0,12.9,,0.763,4574
6035,KMT-2018-BLG-0247L b,670.61793877,13.4,,2.46,4575
6036,Kepler-30 d,23.1,8.8,143.34394,0.5,910
6037,PSR B1257+12 d,3.9,1.8,98.2114,0.46,84
6038,OGLE-2016-BLG-0263L b,1300.0,13.0,,5.4,4576
6039,OGLE-2012-BLG-0026L c,270.0,13.9,,4.8,2797
6040,KMT-2018-BLG-2602L b,365.50266805,13.7,,3.81,4577
6041,KMT-2016-BLG-1337L b,88.99195396,11.4,,3.97,4578
6042,Kepler-220 d,,0.98,28.122397,0.163,2101
6043,Kepler-1949 b,,2.21964541,2.208280087,0.0352,4579
6044,Kepler-695 b,,9.21,3.040330424,0.0374,4580
6045,Kepler-529 d,,2.79502603,35.86619949,0.2134,1370
6046,OGLE-2005-BLG-390L b,5.5,2.21,3285.0,2.6,4581
6047,Kepler-220 b,,0.81,4.159807,0.046,2101
6048,Kepler-1993 b,,4.15,26.6565737,0.1943,4582
6049,Kepler-154 e,,1.5,3.93276465,0.04766,1636
6050,MOA-2009-BLG-387L b,830.0,13.2,1980.0,1.8,4583
6051,OGLE-2018-BLG-1647L b,308.29355479,13.8,,1.36,4584
6052,Kepler-154 c,,2.95,62.303276,0.303,1636
6053,Kepler-390 c,,0.79,13.060022,0.101,2061
6054,Kepler-967 c,,3.65,198.7112502,0.6253,2416
6055,Kepler-248 c,,4.07,16.239494,0.123,1751
6056,Kepler-648 b,,3.22,17.4211749,0.13324,4585
6057,OGLE-2017-BLG-0406L b,130.0,14.2,,3.5,4586
6058,OGLE-2018-BLG-1367L b,301.93698665,13.8,,1.21,4587
6059,OGLE-2018-BLG-0932L b,282.86728223,13.9,,1.75,4588
6060,OGLE-2017-BLG-0364L b,75.8,10.3,,3.79,4589
6061,Kepler-1814 c,,1.76,0.626281766,0.0133,3317
6062,Kepler-1588 b,,0.76,7.84931739,0.07419,4590
6063,Kepler-436 b,,2.73,64.00205,0.339,2504
6064,KOI-3503 c,10.36,1.21,31.828,0.18688,1355
6065,Kepler-1491 c,,2.44,61.569765,0.3045,2758
6066,Kepler-158 c,,1.9,28.551383,0.158,1105
6067,MOA-2011-BLG-293L b,1500.0,12.9,3000.0,1.1,4591
6068,OGLE-2017-BLG-0173L b,3.269,1.62,,3.913,4592
6069,OGLE-2018-BLG-1269L b,210.0,14.1,,4.51,4593
6070,KMT-2021-BLG-0119L b,1754.41280664,12.8,,2.92,4594
6071,Kepler-968 c,,1.69,5.709404918,0.052,1131
6072,Kepler-28 b,1.63,1.959,5.91,0.05687,1646
6073,MOA-2008-BLG-379L b,1300.0,13.0,,2.7,4595
6074,MOA-2022-BLG-091L b,1141.00398113,13.0,,3.44,4596
6075,KMT-2023-BLG-2209L b,254.2627256,13.9,,3.51,4597
6076,Kepler-1533 b,,3.46,308.5471,0.93416,4598
6077,Kepler-558 b,,2.37,29.00790538,0.1759,4599
6078,Kepler-177 c,14.7,8.73,49.40926,0.25655,3244
6079,OGLE-2014-BLG-1722L b,55.3,8.59,,1.5,3016
6080,OGLE-2015-BLG-1609L b,76.27881768,10.4,,,4600
6081,Kepler-690 b,,5.95,7.748094374,0.081,4601
6082,KMT-2025-BLG-1160L b,25.36,5.43,,2.56,4602
6083,Kepler-46 b,1907.0,9.057,33.60134,0.1968,772
6084,Kepler-188 c,,3.19,5.996553,0.066,2088
6085,Kepler-586 b,,2.79,2.104722184,0.0331,4603
6086,Kepler-245 d,21.6,3.03,36.277108,0.202,463
6087,OGLE-2013-BLG-0341L B b,1.66,1.16,,0.702,4604
6088,KMT-2018-BLG-1976L b,705.57906354,13.3,,3.54,4605
6089,KMT-2017-BLG-0428L b,5.59,2.23,,1.81,4606
6090,KMT-2019-BLG-1806L b,4.67,2.0,,3.02,4607
6091,OGLE-2014-BLG-0124L b,206.58846455,14.1,,3.48,4608
6092,Kepler-1616 b,,1.02,6.76284377,0.07318,4609
6093,Kepler-362 b,,0.88,10.327186,0.087,2089
6094,Kepler-612 b,,2.84,3.722156413,0.0452,4610
6095,Kepler-81 c,4.3,2.37,12.04,0.08347,529
6096,OGLE-2013-BLG-1761L b,860.0,13.2,,1.8,4611
6097,KMT-2016-BLG-1105L b,2.32,1.33,,2.44,4612
6098,TOI-5573 b,112.0,9.75,8.79758977,0.0712,4613
6099,Kepler-1144 b,,1.99,17.14647302,0.1291,4614
6100,Kepler-172 e,,2.76,35.118736,0.211,585
6101,Kepler-694 b,,2.8,6.365841612,0.0659,4615
6102,K2-108 b,59.4,5.33,4.733999,0.0581,4616
6103,TOI-201 d,5.8,1.39,5.84889,0.0698,594
6104,Kepler-373 b,,1.36,5.535309,0.06,4421
6105,Kepler-377 c,,2.06,27.014976,0.182,1829
6106,Kepler-444 d,0.2,0.53,6.189392,0.06,572
6107,Kepler-1649 b,,1.017,8.689099,0.0514,1228
6108,Kepler-179 c,,2.0,6.40013,0.064,1998
6109,K2-179 b,,2.51267885,5.172191,,4617
6110,Kepler-219 d,19.1,2.81,47.903645,0.272,1170
6111,Kepler-50 b,8.9,1.71,7.81254,0.077,1925
6112,Kepler-1787 b,,2.31898181,39.31370163,0.227,4618
6113,Kepler-1542 b,,0.76,3.95116882,0.04765,9
6114,Kepler-1444 b,,2.18,33.42035034,0.20906,4619
6115,Kepler-1997 b,,2.28,26.7575866,0.1815,4620
6116,Kepler-241 b,,2.33,12.718092,0.094,2008
6117,Kepler-1624 b,,6.59,3.290314,0.0327,4621
6118,K2-168 b,,1.86,15.8523,,3173
6119,K2-119 b,,2.53,7.727283,0.0698,4622
6120,Kepler-730 c,,1.56926,2.85188338,0.03997,3075
6121,TOI-5319 b,,2.83,4.07853,0.0506,4623
6122,HD 80883 b,1748.0562385,12.8,6383.78352,6.462,4624
6123,Kepler-1585 b,,1.79,3.5827463,0.0445,4625
6124,Kepler-1961 b,,1.6187808,5.604710102,0.0588,4626
6125,Kepler-1446 b,,0.82,0.689967832,0.01405,4627
6126,Kepler-342 c,,1.96,26.234138,0.185,2081
6127,K2-121 b,51.0,7.16,5.185738,0.0525,4628
6128,Kepler-279 e,56.0,4.13,98.3531,0.439,536
6129,KOI-3680 b,613.4119,11.09691,141.241671,0.534,4629
6130,Kepler-1638 b,,1.87,259.33683,0.745,4630
6131,K2-146 b,5.77,2.05,2.6446,0.0248,4508
6132,Kepler-677 b,,5.38,6.57531678,0.067,4631
6133,TOI-5344 b,130.945303684,10.60369574,3.792622,0.04041,4632
6134,Kepler-1811 b,,3.84829873,76.42230225,0.3462,4633
6135,Kepler-481 b,,2.5,10.06082567,0.08926,4634
6136,Kepler-375 c,,2.65,19.986326,0.141,2075
6137,Kepler-113 c,8.7,2.18,8.92507,0.07796,2141
6138,Kepler-9 b,43.4,8.29,19.23891,0.143,106
6139,Kepler-1590 b,,1.14,7.61760804,0.07116,4635
6140,Kepler-1514 b,1678.1424,12.419572,217.83184,0.753,3249
6141,Kepler-175 b,,2.56,11.903515,0.105,2066
6142,K2-83 b,,1.244,2.74697,0.03014,2847
6143,Kepler-231 c,24.1,1.93,19.271566,0.114,2062
6144,Kepler-1683 b,,1.87477762,15.0337,0.1182,4636
6145,Kepler-1653 b,,2.17,140.2524,0.4706,4637
6146,Kepler-150 c,,3.69,7.381998,0.073,2023
6147,Kepler-239 b,,2.33,11.763051,0.095,2068
6148,Kepler-343 c,,2.02,23.22182,0.167,2002
6149,TOI-5380 b,,3.48093238,3.77229247873,,4638
6150,Kepler-1022 b,,2.36,10.99469878,0.0805,4639
6151,Kepler-354 b,,1.84,5.47666,0.054,782
6152,Kepler-1434 b,,1.11,8.05333618,0.0917,4640
6153,Kepler-1593 b,,3.17,174.509835,0.55494,4641
6154,Kepler-1453 b,,2.67,47.1611696,0.262,4642
6155,Kepler-1989 b,,4.62,10.161023528,0.0918,4643
6156,K2-122 b,,1.16,2.2193023,0.0373,4644
6157,Kepler-1046 b,,1.71,14.37508035,0.11858,4645
6158,Kepler-1907 c,,1.15547044,14.86390018,0.10371,3430
6159,Kepler-1594 b,,1.06,2.71603809,0.0396,4646
6160,Kepler-80 b,6.93,2.67,7.05246,0.0648,1182
6161,Kepler-438 b,,1.12,35.23319,0.166,4647
6162,Kepler-1455 b,,2.16,49.276764,0.2149,4648
6163,Kepler-1490 b,,3.04,92.4362973,0.3729,4649
6164,Kepler-700 b,,5.99,80.8720639,0.3577,4650
6165,K2-345 b,,2.11,10.367437,,4651
6166,Kepler-1133 b,,1.97,11.55562343,0.0983,4652
6167,Kepler-1953 b,,1.28574667,6.245659828,0.0607,4653
6168,Kepler-53 b,111.0,2.89,18.6489525,0.1361,1974
6169,Kepler-1518 b,,3.05,5.11177904,0.0593,510
6170,Kepler-251 b,,1.33,4.790936,0.053,553
6171,Kepler-370 c,,1.91,19.02293,0.14,1190
6172,Kepler-1161 b,,2.13,10.71252541,0.0784,4654
6173,Kepler-1184 b,,2.68,53.5991044,0.2863,4655
6174,Kepler-1181 c,,1.83,8.93484887,0.0928,2423
6175,Kepler-1599 b,,1.62,122.363553,0.4823,4656
6176,Kepler-442 b,,1.34,112.3053,0.409,4657
6177,Kepler-1185 b,,1.33,104.3518976,0.4297,4658
6178,K2-181 b,,2.69,6.8941,0.0706,4659
6179,Kepler-31 d,2161.244,3.9,87.6451,0.4,1857
6180,Kepler-1070 b,,1.73,6.2216147,0.06753,4660
6181,Kepler-1162 b,,2.21,32.5637069,0.19,3175
6182,Kepler-1560 b,,0.89,3.03195744,0.04175,4661
6183,Kepler-1702 b,,1.60190793,18.5012,0.1275,4662
6184,Kepler-1621 b,,2.16,92.263714,0.4204,4663
6185,Kepler-240 c,102.3,2.2,7.953528,0.074,1165
6186,Kepler-1972 c,2.11,0.868,11.3295,0.10493,3397
6187,K2-278 b,,2.98,3.334966,0.0488,4664
6188,Kepler-42 d,0.357785,0.57,1.865169,0.0154,1866
6189,Kepler-1050 b,,1.6,15.3787546,0.12353,2599
6190,Kepler-1001 b,,3.15,14.30511983,0.11147,3213
6191,Kepler-478 b,,2.71,13.2217576,0.1032,4665
6192,Kepler-1164 b,,1.12,3.97599768,0.04635,4666
6193,Kepler-692 b,,3.11,21.81293494,0.1495,4667
6194,Kepler-1464 c,,1.0,5.32786292,0.06101,1056
6195,K2-268 c,,2.69,9.327527,0.0819,1234
6196,Kepler-594 b,,2.18,13.64618192,0.1089,4668
6197,Kepler-23 c,7.81,3.005,10.74,0.09501,1471
6198,Kepler-150 b,,1.25,3.428054,0.044,2023
6199,Kepler-199 b,,3.11,23.637604,0.158,1553
6200,Kepler-1499 b,,1.19,44.2008,0.23225,4669
6201,Kepler-1498 b,,1.33,48.051405,0.2528,4670
6202,Kepler-611 b,,1.65,2.437033302,0.0351,4671
6203,TOI-5502 b,,4.1287378,11.62592988285,,4672
6204,Kepler-1141 b,,0.82,2.344511944,0.03496,4673
6205,Kepler-1073 b,,2.3,8.67888593,0.0805,1837
6206,Kepler-1170 b,,2.41,9.98969327,0.088,4674
6207,Kepler-157 d,,1.46,7.02573474,0.0706,2038
6208,Kepler-549 c,,2.93,117.040498,0.45332,2431
6209,Kepler-688 b,,9.76,3.895936844,0.046,4675
6210,Kepler-632 b,,2.21,30.99660733,0.1885,4676
6211,Kepler-1502 b,,3.18,41.7083629,0.2482,4677
6212,Kepler-253 b,,1.63,3.783986,0.046,2118
6213,Kepler-1119 b,,1.92,8.3265153,0.0812,4678
6214,Kepler-543 b,,2.5,13.89961966,0.1023,4679
6215,Kepler-693 b,,10.18,15.37563332,0.1121,4680
6216,Kepler-1710 b,,3.19744103,14.91110039,0.11583,4681
6217,Kepler-1928 b,,1.992,19.57783,0.194,4682
6218,Kepler-1999 b,,3.29,8.7396758,0.0713,4683
6219,KOI-7368 b,,2.22,6.8430344,0.0678,4684
6220,K2-198 b,,4.189,17.0428683,,1156
6221,Kepler-227 c,,3.04,54.418694,0.29,2140
6222,Kepler-26 d,,1.07,3.543919,0.039,2080
6223,KELT-17 b,416.3573,17.093725,3.0801716,0.04881,4685
6224,IC 4651 9122 b,,12.7,734.0,2.038,4686
6225,GJ 229 b,,3.97,579.47495,1.086,3556
6226,GJ 180 c,,2.41,24.329,0.129,559
6227,HD 68988 c,4776.96095721,12.2,16000.0,13.2,2920
6228,KIC 5479689 b,,14.2,1.701531,,4687
6229,HD 93385 b,,1.88,7.3426,0.0756,466
6230,Kepler-294 c,,2.71,6.6264,0.071,4688
6231,TOI-4311 c,13.58,2.47,15.070425,0.1116,4101
6232,WASP-118 b,163.36462,16.14096,4.0460435,0.05453,4689
6233,TAP 26 b,,13.5,10.79,0.0968,4690
6234,HD 92788 c,,13.0,11611.2975,10.5,3095
6235,GJ 422 b,,3.33,20.129,0.111,4691
6236,GJ 414 A c,,8.4,749.83,1.4,3280
6237,TOI-3593 b,565.73456446,11.02963701,3.8212867,0.0481,4692
6238,WASP-195 b,33.054154328,10.31226224,5.051928,0.063,4693
6239,TOI-4529 b,4.9,1.77,5.879577,,4694
6240,HD 27631 b,495.81231492,13.5,2198.14,3.242,4695
6241,Wolf 503 b,6.26,2.043,6.00127,0.05706,4696
6242,WASP-183 b,159.55066,16.47723,4.1117771,0.04632,4697
6243,Kepler-1747 b,,4.26508,6.230319977,0.066,4698
6244,Kepler-906 b,,2.11,41.6979976,0.22363,4699
6245,TOI-4551 b,473.56432643,11.85910158,9.95581,0.0994,4700
6246,HD 98649 b,3082.9355479,12.5,5384.0,5.97,4701
6247,Kepler-780 b,,0.89,0.677375164,0.015,4702
6248,NGTS-16 b,211.991547469,14.57167491,4.84532,0.0523,4703
6249,TOI-1634 b,4.9,1.759,0.98934551,0.01544,3665
6250,Kepler-275 b,,2.34,10.300682,0.098,1990
6251,Kepler-121 c,,2.27,41.008011,0.216,791
6252,TOI-4342 c,4.8,2.349,10.688662,0.0804,3980
6253,Kepler-168 b,,1.46,4.425391,0.056,1047
6254,Kepler-471 b,,14.96,5.014234575,0.0626,4704
6255,HD 42012 b,,13.5,857.5,1.67,4705
6256,Qatar-10 b,233.92288,17.295487,1.645321,0.0286,4706
6257,GJ 720 A b,,3.77,19.466,0.119,4707
6258,HD 137496 b,4.04,1.31,1.62116,0.02732,3364
6259,K2-389 b,,2.33,8.58289,,3475
6260,Kepler-17 b,778.65,14.68,1.4857108,0.02591,4708
6261,Kepler-176 b,290.537,1.43,5.433074,0.058,860
6262,NN Ser d,724.622,13.3,2880.0,3.39,1069
6263,HD 214823 b,5914.78665427,12.1,1854.84424,3.08,4709
6264,Kepler-761 b,,2.03,10.12804789,0.0874,4710
6265,TOI-216.01,177.98390792,10.1,34.525528,0.2069,666
6266,TOI-1259 A b,141.0,11.6,3.4779792,0.0408,4711
6267,Kepler-107 e,14.1,2.903,14.749143,0.12638,3684
6268,Kepler-450 c,12.5,2.62,15.413135,0.13351,618
6269,TOI-4578 b,,2.26974262,8.62392630369,,4712
6270,HD 1605 b,,13.8,577.2,1.492,78
6271,HD 210193 b,,14.3,649.918,1.487,4713
6272,HD 108236 c,,2.071,6.203449,0.062,246
6273,K2-392 b,,1.85,15.398723,,4714
6274,TOI-4145 A b,136.66621501,13.30506009,4.0664428,0.04823,4715
6275,TOI-4379 b,353.743016991,16.69017226,3.25352,,4716
6276,Kepler-1663 b,,3.30395896,17.6046,0.1072,4717
6277,Kepler-273 c,,1.98,8.014927,0.073,2026
6278,GJ 3138 c,,1.88,5.974,0.057,2890
6279,K2-291 b,6.49,1.589,2.225177,0.03261,4718
6280,HD 39855 b,,2.85,3.2498,0.041,4719
6281,HIP 90988 b,,13.4,455.73816,1.36,4720
6282,TOI-558 b,1147.36054927,12.17295304,14.574071,0.1291,4721
6283,GPX-1 b,6261.2196179,16.47720163,1.744579,0.0338,4722
6284,TOI-3819 b,352.78953177,13.13692538,3.2443141,0.04611,4723
6285,Kepler-181 b,,1.27,3.137873,0.04,1631
6286,K2-38 c,8.3,2.29,10.56103,0.09514,3600
6287,HD 224538 b,2075.737326117,12.7,1202.05199,2.375,4724
6288,GJ 273 b,,1.51,18.6498,0.091101,4725
6289,K2-292 b,24.5,2.63,16.9841,0.13,4726
6290,GJ 4276 b,,4.22,13.352,0.082,4727
6291,HD 102843 b,,13.1,3090.942,4.074,4728
6292,Kepler-271 b,,1.23,10.43547805,0.08784,1565
6293,CFHTWIR-Oph 98 b,2479.0615746,20.8487041,8040000.0,200.0,4729
6294,TOI-1431 b,991.62462984,16.70138124,2.650237,0.046,4730
6295,K2-395 c,,3.395,8.491282,,1130
6296,TOI-4406 b,95.3485221,11.2089807,30.08364,0.201,4731
6297,Kepler-149 d,,3.96,160.018032,0.571,2104
6298,TOI-4405 b,,2.55505441,5.92143995316,,4732
6299,TOI-5027 b,642.01338214,10.76062147,10.24368,0.093,4733
6300,GJ 273 c,,1.06,4.7234,0.036467,4725
6301,HD 20781 d,,3.25,29.158,0.1647,3103
6302,HD 110113 b,4.55,2.05,2.541,0.035,3202
6303,HAT-P-63 b,195.146641898,12.5428494,3.377728,0.04294,4734
6304,K2-398 b,,2.274,6.393025,,3490
6305,TOI-3862 b,53.7,5.53,1.55745774,0.02539,4735
6306,Kepler-284 c,,2.61,37.514456,0.213,2045
6307,TOI-4662 b,,2.87998299,4.70343764575,,4736
6308,HD 7924 c,1762.676345222,,15.299,0.1134,2187
6309,NGC 2682 YBP 401 b,,14.3,4.087,,4737
6310,WASP-142 b,266.9772,17.14977,2.052868,0.0347,4738
6311,WASP-171 b,344.52772,10.98482,3.8186244,0.0504,4739
6312,TOI-1789 b,222.4798849,16.14093221,3.208664,0.04882,4740
6313,HD 35843 c,11.32,2.54,46.9622,0.25,1323
6314,TOI-4666 b,155.418091023,12.53164042,2.9089165,0.034,4741
6315,BD+20 594 b,22.2481,2.57807,41.6855,0.241,4742
6316,Kepler-19 d,22.5,5.06,62.95,,546
6317,GJ 143 b,22.7,2.61,35.61253,0.1915,3107
6318,WASP-182 b,47.03884,9.52765,3.3769848,0.0451,4743
6319,HD 107148 c,,4.7,18.3267,0.1407,65
6320,Kepler-833 b,,2.02,18.7546998,0.1139,4744
6321,Kepler-94 b,10.84,3.51,2.50806,0.03377,2133
6322,TOI-4463 A b,252.355755158,13.26022417,2.8807198,0.04036,4745
6323,HATS-9 b,266.02371,13.85,1.915291,0.0312,4746
6324,TYC 0434-04538-1 b,,12.7,193.2,0.66,4747
6325,Kepler-839 b,,2.57,37.8144514,0.2316,4748
6326,HD 27969 b,,12.9,654.5,1.552,4749
6327,TOI-3912 b,129.038333242,14.28024141,3.4936264,0.0463,4750
6328,Kepler-294 b,,1.77,3.701212,0.048,4688
6329,TOI-4487 A b,397.28550875,14.60530185,3.9540709,0.05448,4751
6330,K2-251 b,,2.35,9.30075,0.0694,4752
6331,GJ 3512 b,,14.3,203.109,0.3376,3927
6332,HD 145675 c,2510.8444153,12.6,15732.45889,20.0,4125
6333,HD 95544 b,1913.644838547,12.8,2041.54152,3.166,4753
6334,Kepler-309 b,,1.56,5.923653,0.059,2027
6335,Qatar-7 b,597.5204,19.0553,2.032046,0.0352,4754
6336,Kepler-270 b,,2.01,11.476094,0.107,2099
6337,TOI-628 b,2011.8639,11.88154,3.4095675,0.0486,4755
6338,HD 168009 b,,3.05,15.1479,0.1192,4756
6339,HD 164922 e,,3.23,41.763,0.2292,3185
6340,HD 115954 b,2685.65003915,12.6,3700.0,5.0,4757
6341,TOI-1278 b,5879.8255295,12.21778896,14.47567,0.095,4758
6342,LHS 1678 b,0.35,0.685,0.8602325,0.01239,3741
6343,TOI-3980 b,187.51876013,14.4595851,3.6089254,0.0494,4759
6344,Kepler-903 b,,2.01,10.3507721,0.09081,2524
6345,Kepler-84 c,20.2,2.36,12.883,0.1072,883
6346,TOI-4507 b,20.0,8.2,104.61611,0.456,4760
6347,TOI-5160 b,,2.39729851,4.280773256,,4761
6348,EPIC 211822797 b,,1.92,21.1701963,0.1195,4762
6349,K2-254 c,,2.19,12.11839,0.0923,3063
6350,GJ 160.2 b,,3.17,5.2354,0.053,4763
6351,HD 39194 d,,2.12,33.874,0.1949,1811
6352,Kepler-304 b,,2.86,3.295709,0.039,47
6353,Kepler-1756 b,,1.47199944,2.355750084,0.0319,4764
6354,EPIC 206317286 c,,2.094,17.515472,,3092
6355,Kepler-195 b,,2.03,8.307872,0.077,4559
6356,K2-28 b,,2.32,2.260455,0.0214,4765
6357,Kepler-1724 b,,2.83677238,6.45442009,0.0683,4766
6358,HAT-P-7 b,584.8072,16.92559,2.20474,0.03809,4767
6359,Kepler-551 b,,2.73,12.3764661,0.0893,4768
6360,K2-44 b,,2.433,5.657,0.06,4769
6361,K2-27 b,30.2,4.74,6.771347,0.06702,4770
6362,K2-378 b,,2.88,2.060438,,4771
6363,K2-42 b,,2.15,6.68796,0.0617,4772
6364,K2-193 b,,3.95,14.786889,0.1184,4773
6365,Kepler-452 b,,1.63,384.843,1.046,4774
6366,Kepler-220 c,,1.57,9.034199,0.076,2101
6367,Kepler-228 d,,4.04,11.094286,0.101,1483
6368,Kepler-565 b,,3.64,4.243747226,0.0501,4775
6369,K2-35 b,,1.32,2.399964,0.031,2912
6370,Kepler-1720 b,,3.21585295,12.70639992,0.1043,4776
6371,K2-368 b,,1.332,5.025598,,4127
6372,OGLE-2016-BLG-0261L b,66.74396547,9.6,,0.72,4777
6373,KMT-2025-BLG-0026L b,676.97450691,13.3,,0.96,4778
6374,KMT-2025-BLG-0030L b,365.50266805,13.7,,2.35,4779
6375,KMT-2025-BLG-2272L b,785.03616529,13.3,,3.89,4780
